solid solidlens
  facet normal 0.000000e+00 0.000000e+00 0.000000e+00
    outer loop
      vertex -2.000000e+00 0.000000e+00 2.200000e+00
      vertex -1.808987e+00 0.000000e+00 2.183289e+00
      vertex -2.000000e+00 0.000000e+00 2.200000e+00
    endloop
  endfacet
  facet normal 0.000000e+00 0.000000e+00 0.000000e+00
    outer loop
      vertex -2.000000e+00 0.000000e+00 2.200000e+00
      vertex -1.808987e+00 0.000000e+00 2.183289e+00
      vertex -1.812657e+00 3.726479e-02 2.183289e+00
    endloop
  endfacet
  facet normal 0.000000e+00 0.000000e+00 0.000000e+00
    outer loop
      vertex -2.000000e+00 0.000000e+00 2.200000e+00
      vertex -1.812657e+00 3.726479e-02 2.183289e+00
      vertex -2.000000e+00 0.000000e+00 2.200000e+00
    endloop
  endfacet
  facet normal 0.000000e+00 0.000000e+00 0.000000e+00
    outer loop
      vertex -2.000000e+00 0.000000e+00 2.200000e+00
      vertex -1.812657e+00 3.726479e-02 2.183289e+00
      vertex -1.823527e+00 7.309751e-02 2.183289e+00
    endloop
  endfacet
  facet normal 0.000000e+00 0.000000e+00 0.000000e+00
    outer loop
      vertex -2.000000e+00 0.000000e+00 2.200000e+00
      vertex -1.823527e+00 7.309751e-02 2.183289e+00
      vertex -2.000000e+00 0.000000e+00 2.200000e+00
    endloop
  endfacet
  facet normal 0.000000e+00 0.000000e+00 0.000000e+00
    outer loop
      vertex -2.000000e+00 0.000000e+00 2.200000e+00
      vertex -1.823527e+00 7.309751e-02 2.183289e+00
      vertex -1.841179e+00 1.061211e-01 2.183289e+00
    endloop
  endfacet
  facet normal 0.000000e+00 0.000000e+00 0.000000e+00
    outer loop
      vertex -2.000000e+00 0.000000e+00 2.200000e+00
      vertex -1.841179e+00 1.061211e-01 2.183289e+00
      vertex -2.000000e+00 0.000000e+00 2.200000e+00
    endloop
  endfacet
  facet normal 0.000000e+00 0.000000e+00 0.000000e+00
    outer loop
      vertex -2.000000e+00 0.000000e+00 2.200000e+00
      vertex -1.841179e+00 1.061211e-01 2.183289e+00
      vertex -1.864933e+00 1.350666e-01 2.183289e+00
    endloop
  endfacet
  facet normal 0.000000e+00 0.000000e+00 0.000000e+00
    outer loop
      vertex -2.000000e+00 0.000000e+00 2.200000e+00
      vertex -1.864933e+00 1.350666e-01 2.183289e+00
      vertex -2.000000e+00 0.000000e+00 2.200000e+00
    endloop
  endfacet
  facet normal 0.000000e+00 0.000000e+00 0.000000e+00
    outer loop
      vertex -2.000000e+00 0.000000e+00 2.200000e+00
      vertex -1.864933e+00 1.350666e-01 2.183289e+00
      vertex -1.893879e+00 1.588215e-01 2.183289e+00
    endloop
  endfacet
  facet normal 0.000000e+00 0.000000e+00 0.000000e+00
    outer loop
      vertex -2.000000e+00 0.000000e+00 2.200000e+00
      vertex -1.893879e+00 1.588215e-01 2.183289e+00
      vertex -2.000000e+00 0.000000e+00 2.200000e+00
    endloop
  endfacet
  facet normal 0.000000e+00 0.000000e+00 0.000000e+00
    outer loop
      vertex -2.000000e+00 0.000000e+00 2.200000e+00
      vertex -1.893879e+00 1.588215e-01 2.183289e+00
      vertex -1.926903e+00 1.764730e-01 2.183289e+00
    endloop
  endfacet
  facet normal 0.000000e+00 0.000000e+00 0.000000e+00
    outer loop
      vertex -2.000000e+00 0.000000e+00 2.200000e+00
      vertex -1.926903e+00 1.764730e-01 2.183289e+00
      vertex -2.000000e+00 0.000000e+00 2.200000e+00
    endloop
  endfacet
  facet normal 0.000000e+00 0.000000e+00 0.000000e+00
    outer loop
      vertex -2.000000e+00 0.000000e+00 2.200000e+00
      vertex -1.926903e+00 1.764730e-01 2.183289e+00
      vertex -1.962735e+00 1.873427e-01 2.183289e+00
    endloop
  endfacet
  facet normal 0.000000e+00 0.000000e+00 0.000000e+00
    outer loop
      vertex -2.000000e+00 0.000000e+00 2.200000e+00
      vertex -1.962735e+00 1.873427e-01 2.183289e+00
      vertex -2.000000e+00 0.000000e+00 2.200000e+00
    endloop
  endfacet
  facet normal 0.000000e+00 0.000000e+00 0.000000e+00
    outer loop
      vertex -2.000000e+00 0.000000e+00 2.200000e+00
      vertex -1.962735e+00 1.873427e-01 2.183289e+00
      vertex -2.000000e+00 1.910130e-01 2.183289e+00
    endloop
  endfacet
  facet normal 0.000000e+00 0.000000e+00 0.000000e+00
    outer loop
      vertex -2.000000e+00 0.000000e+00 2.200000e+00
      vertex -2.000000e+00 1.910130e-01 2.183289e+00
      vertex -2.000000e+00 0.000000e+00 2.200000e+00
    endloop
  endfacet
  facet normal 0.000000e+00 0.000000e+00 0.000000e+00
    outer loop
      vertex -2.000000e+00 0.000000e+00 2.200000e+00
      vertex -2.000000e+00 1.910130e-01 2.183289e+00
      vertex -2.037265e+00 1.873427e-01 2.183289e+00
    endloop
  endfacet
  facet normal 0.000000e+00 0.000000e+00 0.000000e+00
    outer loop
      vertex -2.000000e+00 0.000000e+00 2.200000e+00
      vertex -2.037265e+00 1.873427e-01 2.183289e+00
      vertex -2.000000e+00 0.000000e+00 2.200000e+00
    endloop
  endfacet
  facet normal 0.000000e+00 0.000000e+00 0.000000e+00
    outer loop
      vertex -2.000000e+00 0.000000e+00 2.200000e+00
      vertex -2.037265e+00 1.873427e-01 2.183289e+00
      vertex -2.073097e+00 1.764730e-01 2.183289e+00
    endloop
  endfacet
  facet normal 0.000000e+00 0.000000e+00 0.000000e+00
    outer loop
      vertex -2.000000e+00 0.000000e+00 2.200000e+00
      vertex -2.073097e+00 1.764730e-01 2.183289e+00
      vertex -2.000000e+00 0.000000e+00 2.200000e+00
    endloop
  endfacet
  facet normal 0.000000e+00 0.000000e+00 0.000000e+00
    outer loop
      vertex -2.000000e+00 0.000000e+00 2.200000e+00
      vertex -2.073097e+00 1.764730e-01 2.183289e+00
      vertex -2.106121e+00 1.588215e-01 2.183289e+00
    endloop
  endfacet
  facet normal 0.000000e+00 0.000000e+00 0.000000e+00
    outer loop
      vertex -2.000000e+00 0.000000e+00 2.200000e+00
      vertex -2.106121e+00 1.588215e-01 2.183289e+00
      vertex -2.000000e+00 0.000000e+00 2.200000e+00
    endloop
  endfacet
  facet normal 0.000000e+00 0.000000e+00 0.000000e+00
    outer loop
      vertex -2.000000e+00 0.000000e+00 2.200000e+00
      vertex -2.106121e+00 1.588215e-01 2.183289e+00
      vertex -2.135067e+00 1.350666e-01 2.183289e+00
    endloop
  endfacet
  facet normal 0.000000e+00 0.000000e+00 0.000000e+00
    outer loop
      vertex -2.000000e+00 0.000000e+00 2.200000e+00
      vertex -2.135067e+00 1.350666e-01 2.183289e+00
      vertex -2.000000e+00 0.000000e+00 2.200000e+00
    endloop
  endfacet
  facet normal 0.000000e+00 0.000000e+00 0.000000e+00
    outer loop
      vertex -2.000000e+00 0.000000e+00 2.200000e+00
      vertex -2.135067e+00 1.350666e-01 2.183289e+00
      vertex -2.158822e+00 1.061211e-01 2.183289e+00
    endloop
  endfacet
  facet normal 0.000000e+00 0.000000e+00 0.000000e+00
    outer loop
      vertex -2.000000e+00 0.000000e+00 2.200000e+00
      vertex -2.158822e+00 1.061211e-01 2.183289e+00
      vertex -2.000000e+00 0.000000e+00 2.200000e+00
    endloop
  endfacet
  facet normal 0.000000e+00 0.000000e+00 0.000000e+00
    outer loop
      vertex -2.000000e+00 0.000000e+00 2.200000e+00
      vertex -2.158822e+00 1.061211e-01 2.183289e+00
      vertex -2.176473e+00 7.309751e-02 2.183289e+00
    endloop
  endfacet
  facet normal 0.000000e+00 0.000000e+00 0.000000e+00
    outer loop
      vertex -2.000000e+00 0.000000e+00 2.200000e+00
      vertex -2.176473e+00 7.309751e-02 2.183289e+00
      vertex -2.000000e+00 0.000000e+00 2.200000e+00
    endloop
  endfacet
  facet normal 0.000000e+00 0.000000e+00 0.000000e+00
    outer loop
      vertex -2.000000e+00 0.000000e+00 2.200000e+00
      vertex -2.176473e+00 7.309751e-02 2.183289e+00
      vertex -2.187343e+00 3.726479e-02 2.183289e+00
    endloop
  endfacet
  facet normal 0.000000e+00 0.000000e+00 0.000000e+00
    outer loop
      vertex -2.000000e+00 0.000000e+00 2.200000e+00
      vertex -2.187343e+00 3.726479e-02 2.183289e+00
      vertex -2.000000e+00 0.000000e+00 2.200000e+00
    endloop
  endfacet
  facet normal 0.000000e+00 0.000000e+00 0.000000e+00
    outer loop
      vertex -2.000000e+00 0.000000e+00 2.200000e+00
      vertex -2.187343e+00 3.726479e-02 2.183289e+00
      vertex -2.191013e+00 2.339235e-17 2.183289e+00
    endloop
  endfacet
  facet normal 0.000000e+00 0.000000e+00 0.000000e+00
    outer loop
      vertex -2.000000e+00 0.000000e+00 2.200000e+00
      vertex -2.191013e+00 2.339235e-17 2.183289e+00
      vertex -2.000000e+00 0.000000e+00 2.200000e+00
    endloop
  endfacet
  facet normal 0.000000e+00 0.000000e+00 0.000000e+00
    outer loop
      vertex -2.000000e+00 0.000000e+00 2.200000e+00
      vertex -2.191013e+00 2.339235e-17 2.183289e+00
      vertex -2.187343e+00 -3.726479e-02 2.183289e+00
    endloop
  endfacet
  facet normal 0.000000e+00 0.000000e+00 0.000000e+00
    outer loop
      vertex -2.000000e+00 0.000000e+00 2.200000e+00
      vertex -2.187343e+00 -3.726479e-02 2.183289e+00
      vertex -2.000000e+00 0.000000e+00 2.200000e+00
    endloop
  endfacet
  facet normal 0.000000e+00 0.000000e+00 0.000000e+00
    outer loop
      vertex -2.000000e+00 0.000000e+00 2.200000e+00
      vertex -2.187343e+00 -3.726479e-02 2.183289e+00
      vertex -2.176473e+00 -7.309751e-02 2.183289e+00
    endloop
  endfacet
  facet normal 0.000000e+00 0.000000e+00 0.000000e+00
    outer loop
      vertex -2.000000e+00 0.000000e+00 2.200000e+00
      vertex -2.176473e+00 -7.309751e-02 2.183289e+00
      vertex -2.000000e+00 0.000000e+00 2.200000e+00
    endloop
  endfacet
  facet normal 0.000000e+00 0.000000e+00 0.000000e+00
    outer loop
      vertex -2.000000e+00 0.000000e+00 2.200000e+00
      vertex -2.176473e+00 -7.309751e-02 2.183289e+00
      vertex -2.158822e+00 -1.061211e-01 2.183289e+00
    endloop
  endfacet
  facet normal 0.000000e+00 0.000000e+00 0.000000e+00
    outer loop
      vertex -2.000000e+00 0.000000e+00 2.200000e+00
      vertex -2.158822e+00 -1.061211e-01 2.183289e+00
      vertex -2.000000e+00 0.000000e+00 2.200000e+00
    endloop
  endfacet
  facet normal 0.000000e+00 0.000000e+00 0.000000e+00
    outer loop
      vertex -2.000000e+00 0.000000e+00 2.200000e+00
      vertex -2.158822e+00 -1.061211e-01 2.183289e+00
      vertex -2.135067e+00 -1.350666e-01 2.183289e+00
    endloop
  endfacet
  facet normal 0.000000e+00 0.000000e+00 0.000000e+00
    outer loop
      vertex -2.000000e+00 0.000000e+00 2.200000e+00
      vertex -2.135067e+00 -1.350666e-01 2.183289e+00
      vertex -2.000000e+00 0.000000e+00 2.200000e+00
    endloop
  endfacet
  facet normal 0.000000e+00 0.000000e+00 0.000000e+00
    outer loop
      vertex -2.000000e+00 0.000000e+00 2.200000e+00
      vertex -2.135067e+00 -1.350666e-01 2.183289e+00
      vertex -2.106121e+00 -1.588215e-01 2.183289e+00
    endloop
  endfacet
  facet normal 0.000000e+00 0.000000e+00 0.000000e+00
    outer loop
      vertex -2.000000e+00 0.000000e+00 2.200000e+00
      vertex -2.106121e+00 -1.588215e-01 2.183289e+00
      vertex -2.000000e+00 0.000000e+00 2.200000e+00
    endloop
  endfacet
  facet normal 0.000000e+00 0.000000e+00 0.000000e+00
    outer loop
      vertex -2.000000e+00 0.000000e+00 2.200000e+00
      vertex -2.106121e+00 -1.588215e-01 2.183289e+00
      vertex -2.073097e+00 -1.764730e-01 2.183289e+00
    endloop
  endfacet
  facet normal 0.000000e+00 0.000000e+00 0.000000e+00
    outer loop
      vertex -2.000000e+00 0.000000e+00 2.200000e+00
      vertex -2.073097e+00 -1.764730e-01 2.183289e+00
      vertex -2.000000e+00 0.000000e+00 2.200000e+00
    endloop
  endfacet
  facet normal 0.000000e+00 0.000000e+00 0.000000e+00
    outer loop
      vertex -2.000000e+00 0.000000e+00 2.200000e+00
      vertex -2.073097e+00 -1.764730e-01 2.183289e+00
      vertex -2.037265e+00 -1.873427e-01 2.183289e+00
    endloop
  endfacet
  facet normal 0.000000e+00 0.000000e+00 0.000000e+00
    outer loop
      vertex -2.000000e+00 0.000000e+00 2.200000e+00
      vertex -2.037265e+00 -1.873427e-01 2.183289e+00
      vertex -2.000000e+00 0.000000e+00 2.200000e+00
    endloop
  endfacet
  facet normal 0.000000e+00 0.000000e+00 0.000000e+00
    outer loop
      vertex -2.000000e+00 0.000000e+00 2.200000e+00
      vertex -2.037265e+00 -1.873427e-01 2.183289e+00
      vertex -2.000000e+00 -1.910130e-01 2.183289e+00
    endloop
  endfacet
  facet normal 0.000000e+00 0.000000e+00 0.000000e+00
    outer loop
      vertex -2.000000e+00 0.000000e+00 2.200000e+00
      vertex -2.000000e+00 -1.910130e-01 2.183289e+00
      vertex -2.000000e+00 0.000000e+00 2.200000e+00
    endloop
  endfacet
  facet normal 0.000000e+00 0.000000e+00 0.000000e+00
    outer loop
      vertex -2.000000e+00 0.000000e+00 2.200000e+00
      vertex -2.000000e+00 -1.910130e-01 2.183289e+00
      vertex -1.962735e+00 -1.873427e-01 2.183289e+00
    endloop
  endfacet
  facet normal 0.000000e+00 0.000000e+00 0.000000e+00
    outer loop
      vertex -2.000000e+00 0.000000e+00 2.200000e+00
      vertex -1.962735e+00 -1.873427e-01 2.183289e+00
      vertex -2.000000e+00 0.000000e+00 2.200000e+00
    endloop
  endfacet
  facet normal 0.000000e+00 0.000000e+00 0.000000e+00
    outer loop
      vertex -2.000000e+00 0.000000e+00 2.200000e+00
      vertex -1.962735e+00 -1.873427e-01 2.183289e+00
      vertex -1.926903e+00 -1.764730e-01 2.183289e+00
    endloop
  endfacet
  facet normal 0.000000e+00 0.000000e+00 0.000000e+00
    outer loop
      vertex -2.000000e+00 0.000000e+00 2.200000e+00
      vertex -1.926903e+00 -1.764730e-01 2.183289e+00
      vertex -2.000000e+00 0.000000e+00 2.200000e+00
    endloop
  endfacet
  facet normal 0.000000e+00 0.000000e+00 0.000000e+00
    outer loop
      vertex -2.000000e+00 0.000000e+00 2.200000e+00
      vertex -1.926903e+00 -1.764730e-01 2.183289e+00
      vertex -1.893879e+00 -1.588215e-01 2.183289e+00
    endloop
  endfacet
  facet normal 0.000000e+00 0.000000e+00 0.000000e+00
    outer loop
      vertex -2.000000e+00 0.000000e+00 2.200000e+00
      vertex -1.893879e+00 -1.588215e-01 2.183289e+00
      vertex -2.000000e+00 0.000000e+00 2.200000e+00
    endloop
  endfacet
  facet normal 0.000000e+00 0.000000e+00 0.000000e+00
    outer loop
      vertex -2.000000e+00 0.000000e+00 2.200000e+00
      vertex -1.893879e+00 -1.588215e-01 2.183289e+00
      vertex -1.864933e+00 -1.350666e-01 2.183289e+00
    endloop
  endfacet
  facet normal 0.000000e+00 0.000000e+00 0.000000e+00
    outer loop
      vertex -2.000000e+00 0.000000e+00 2.200000e+00
      vertex -1.864933e+00 -1.350666e-01 2.183289e+00
      vertex -2.000000e+00 0.000000e+00 2.200000e+00
    endloop
  endfacet
  facet normal 0.000000e+00 0.000000e+00 0.000000e+00
    outer loop
      vertex -2.000000e+00 0.000000e+00 2.200000e+00
      vertex -1.864933e+00 -1.350666e-01 2.183289e+00
      vertex -1.841179e+00 -1.061211e-01 2.183289e+00
    endloop
  endfacet
  facet normal 0.000000e+00 0.000000e+00 0.000000e+00
    outer loop
      vertex -2.000000e+00 0.000000e+00 2.200000e+00
      vertex -1.841179e+00 -1.061211e-01 2.183289e+00
      vertex -2.000000e+00 0.000000e+00 2.200000e+00
    endloop
  endfacet
  facet normal 0.000000e+00 0.000000e+00 0.000000e+00
    outer loop
      vertex -2.000000e+00 0.000000e+00 2.200000e+00
      vertex -1.841179e+00 -1.061211e-01 2.183289e+00
      vertex -1.823527e+00 -7.309751e-02 2.183289e+00
    endloop
  endfacet
  facet normal 0.000000e+00 0.000000e+00 0.000000e+00
    outer loop
      vertex -2.000000e+00 0.000000e+00 2.200000e+00
      vertex -1.823527e+00 -7.309751e-02 2.183289e+00
      vertex -2.000000e+00 0.000000e+00 2.200000e+00
    endloop
  endfacet
  facet normal 0.000000e+00 0.000000e+00 0.000000e+00
    outer loop
      vertex -2.000000e+00 0.000000e+00 2.200000e+00
      vertex -1.823527e+00 -7.309751e-02 2.183289e+00
      vertex -1.812657e+00 -3.726479e-02 2.183289e+00
    endloop
  endfacet
  facet normal 0.000000e+00 0.000000e+00 0.000000e+00
    outer loop
      vertex -2.000000e+00 0.000000e+00 2.200000e+00
      vertex -1.812657e+00 -3.726479e-02 2.183289e+00
      vertex -2.000000e+00 0.000000e+00 2.200000e+00
    endloop
  endfacet
  facet normal 0.000000e+00 0.000000e+00 0.000000e+00
    outer loop
      vertex -2.000000e+00 0.000000e+00 2.200000e+00
      vertex -1.812657e+00 -3.726479e-02 2.183289e+00
      vertex -1.808987e+00 -4.678469e-17 2.183289e+00
    endloop
  endfacet
  facet normal 0.000000e+00 0.000000e+00 0.000000e+00
    outer loop
      vertex -1.808987e+00 0.000000e+00 2.183289e+00
      vertex -1.623778e+00 0.000000e+00 2.133662e+00
      vertex -1.812657e+00 3.726479e-02 2.183289e+00
    endloop
  endfacet
  facet normal 0.000000e+00 0.000000e+00 0.000000e+00
    outer loop
      vertex -1.812657e+00 3.726479e-02 2.183289e+00
      vertex -1.623778e+00 0.000000e+00 2.133662e+00
      vertex -1.631007e+00 7.339730e-02 2.133662e+00
    endloop
  endfacet
  facet normal 0.000000e+00 0.000000e+00 0.000000e+00
    outer loop
      vertex -1.812657e+00 3.726479e-02 2.183289e+00
      vertex -1.631007e+00 7.339730e-02 2.133662e+00
      vertex -1.823527e+00 7.309751e-02 2.183289e+00
    endloop
  endfacet
  facet normal 0.000000e+00 0.000000e+00 0.000000e+00
    outer loop
      vertex -1.823527e+00 7.309751e-02 2.183289e+00
      vertex -1.631007e+00 7.339730e-02 2.133662e+00
      vertex -1.652416e+00 1.439740e-01 2.133662e+00
    endloop
  endfacet
  facet normal 0.000000e+00 0.000000e+00 0.000000e+00
    outer loop
      vertex -1.823527e+00 7.309751e-02 2.183289e+00
      vertex -1.652416e+00 1.439740e-01 2.133662e+00
      vertex -1.841179e+00 1.061211e-01 2.183289e+00
    endloop
  endfacet
  facet normal 0.000000e+00 0.000000e+00 0.000000e+00
    outer loop
      vertex -1.841179e+00 1.061211e-01 2.183289e+00
      vertex -1.652416e+00 1.439740e-01 2.133662e+00
      vertex -1.687183e+00 2.090178e-01 2.133662e+00
    endloop
  endfacet
  facet normal 0.000000e+00 0.000000e+00 0.000000e+00
    outer loop
      vertex -1.841179e+00 1.061211e-01 2.183289e+00
      vertex -1.687183e+00 2.090178e-01 2.133662e+00
      vertex -1.864933e+00 1.350666e-01 2.183289e+00
    endloop
  endfacet
  facet normal 0.000000e+00 0.000000e+00 0.000000e+00
    outer loop
      vertex -1.864933e+00 1.350666e-01 2.183289e+00
      vertex -1.687183e+00 2.090178e-01 2.133662e+00
      vertex -1.733971e+00 2.660292e-01 2.133662e+00
    endloop
  endfacet
  facet normal 0.000000e+00 0.000000e+00 0.000000e+00
    outer loop
      vertex -1.864933e+00 1.350666e-01 2.183289e+00
      vertex -1.733971e+00 2.660292e-01 2.133662e+00
      vertex -1.893879e+00 1.588215e-01 2.183289e+00
    endloop
  endfacet
  facet normal 0.000000e+00 0.000000e+00 0.000000e+00
    outer loop
      vertex -1.893879e+00 1.588215e-01 2.183289e+00
      vertex -1.733971e+00 2.660292e-01 2.133662e+00
      vertex -1.790982e+00 3.128173e-01 2.133662e+00
    endloop
  endfacet
  facet normal 0.000000e+00 0.000000e+00 0.000000e+00
    outer loop
      vertex -1.893879e+00 1.588215e-01 2.183289e+00
      vertex -1.790982e+00 3.128173e-01 2.133662e+00
      vertex -1.926903e+00 1.764730e-01 2.183289e+00
    endloop
  endfacet
  facet normal 0.000000e+00 0.000000e+00 0.000000e+00
    outer loop
      vertex -1.926903e+00 1.764730e-01 2.183289e+00
      vertex -1.790982e+00 3.128173e-01 2.133662e+00
      vertex -1.856026e+00 3.475839e-01 2.133662e+00
    endloop
  endfacet
  facet normal 0.000000e+00 0.000000e+00 0.000000e+00
    outer loop
      vertex -1.926903e+00 1.764730e-01 2.183289e+00
      vertex -1.856026e+00 3.475839e-01 2.133662e+00
      vertex -1.962735e+00 1.873427e-01 2.183289e+00
    endloop
  endfacet
  facet normal 0.000000e+00 0.000000e+00 0.000000e+00
    outer loop
      vertex -1.962735e+00 1.873427e-01 2.183289e+00
      vertex -1.856026e+00 3.475839e-01 2.133662e+00
      vertex -1.926603e+00 3.689932e-01 2.133662e+00
    endloop
  endfacet
  facet normal 0.000000e+00 0.000000e+00 0.000000e+00
    outer loop
      vertex -1.962735e+00 1.873427e-01 2.183289e+00
      vertex -1.926603e+00 3.689932e-01 2.133662e+00
      vertex -2.000000e+00 1.910130e-01 2.183289e+00
    endloop
  endfacet
  facet normal 0.000000e+00 0.000000e+00 0.000000e+00
    outer loop
      vertex -2.000000e+00 1.910130e-01 2.183289e+00
      vertex -1.926603e+00 3.689932e-01 2.133662e+00
      vertex -2.000000e+00 3.762222e-01 2.133662e+00
    endloop
  endfacet
  facet normal 0.000000e+00 0.000000e+00 0.000000e+00
    outer loop
      vertex -2.000000e+00 1.910130e-01 2.183289e+00
      vertex -2.000000e+00 3.762222e-01 2.133662e+00
      vertex -2.037265e+00 1.873427e-01 2.183289e+00
    endloop
  endfacet
  facet normal 0.000000e+00 0.000000e+00 0.000000e+00
    outer loop
      vertex -2.037265e+00 1.873427e-01 2.183289e+00
      vertex -2.000000e+00 3.762222e-01 2.133662e+00
      vertex -2.073397e+00 3.689932e-01 2.133662e+00
    endloop
  endfacet
  facet normal 0.000000e+00 0.000000e+00 0.000000e+00
    outer loop
      vertex -2.037265e+00 1.873427e-01 2.183289e+00
      vertex -2.073397e+00 3.689932e-01 2.133662e+00
      vertex -2.073097e+00 1.764730e-01 2.183289e+00
    endloop
  endfacet
  facet normal 0.000000e+00 0.000000e+00 0.000000e+00
    outer loop
      vertex -2.073097e+00 1.764730e-01 2.183289e+00
      vertex -2.073397e+00 3.689932e-01 2.133662e+00
      vertex -2.143974e+00 3.475839e-01 2.133662e+00
    endloop
  endfacet
  facet normal 0.000000e+00 0.000000e+00 0.000000e+00
    outer loop
      vertex -2.073097e+00 1.764730e-01 2.183289e+00
      vertex -2.143974e+00 3.475839e-01 2.133662e+00
      vertex -2.106121e+00 1.588215e-01 2.183289e+00
    endloop
  endfacet
  facet normal 0.000000e+00 0.000000e+00 0.000000e+00
    outer loop
      vertex -2.106121e+00 1.588215e-01 2.183289e+00
      vertex -2.143974e+00 3.475839e-01 2.133662e+00
      vertex -2.209018e+00 3.128173e-01 2.133662e+00
    endloop
  endfacet
  facet normal 0.000000e+00 0.000000e+00 0.000000e+00
    outer loop
      vertex -2.106121e+00 1.588215e-01 2.183289e+00
      vertex -2.209018e+00 3.128173e-01 2.133662e+00
      vertex -2.135067e+00 1.350666e-01 2.183289e+00
    endloop
  endfacet
  facet normal 0.000000e+00 0.000000e+00 0.000000e+00
    outer loop
      vertex -2.135067e+00 1.350666e-01 2.183289e+00
      vertex -2.209018e+00 3.128173e-01 2.133662e+00
      vertex -2.266029e+00 2.660292e-01 2.133662e+00
    endloop
  endfacet
  facet normal 0.000000e+00 0.000000e+00 0.000000e+00
    outer loop
      vertex -2.135067e+00 1.350666e-01 2.183289e+00
      vertex -2.266029e+00 2.660292e-01 2.133662e+00
      vertex -2.158822e+00 1.061211e-01 2.183289e+00
    endloop
  endfacet
  facet normal 0.000000e+00 0.000000e+00 0.000000e+00
    outer loop
      vertex -2.158822e+00 1.061211e-01 2.183289e+00
      vertex -2.266029e+00 2.660292e-01 2.133662e+00
      vertex -2.312817e+00 2.090178e-01 2.133662e+00
    endloop
  endfacet
  facet normal 0.000000e+00 0.000000e+00 0.000000e+00
    outer loop
      vertex -2.158822e+00 1.061211e-01 2.183289e+00
      vertex -2.312817e+00 2.090178e-01 2.133662e+00
      vertex -2.176473e+00 7.309751e-02 2.183289e+00
    endloop
  endfacet
  facet normal 0.000000e+00 0.000000e+00 0.000000e+00
    outer loop
      vertex -2.176473e+00 7.309751e-02 2.183289e+00
      vertex -2.312817e+00 2.090178e-01 2.133662e+00
      vertex -2.347584e+00 1.439740e-01 2.133662e+00
    endloop
  endfacet
  facet normal 0.000000e+00 0.000000e+00 0.000000e+00
    outer loop
      vertex -2.176473e+00 7.309751e-02 2.183289e+00
      vertex -2.347584e+00 1.439740e-01 2.133662e+00
      vertex -2.187343e+00 3.726479e-02 2.183289e+00
    endloop
  endfacet
  facet normal 0.000000e+00 0.000000e+00 0.000000e+00
    outer loop
      vertex -2.187343e+00 3.726479e-02 2.183289e+00
      vertex -2.347584e+00 1.439740e-01 2.133662e+00
      vertex -2.368993e+00 7.339730e-02 2.133662e+00
    endloop
  endfacet
  facet normal 0.000000e+00 0.000000e+00 0.000000e+00
    outer loop
      vertex -2.187343e+00 3.726479e-02 2.183289e+00
      vertex -2.368993e+00 7.339730e-02 2.133662e+00
      vertex -2.191013e+00 2.339235e-17 2.183289e+00
    endloop
  endfacet
  facet normal 0.000000e+00 0.000000e+00 0.000000e+00
    outer loop
      vertex -2.191013e+00 2.339235e-17 2.183289e+00
      vertex -2.368993e+00 7.339730e-02 2.133662e+00
      vertex -2.376222e+00 4.607393e-17 2.133662e+00
    endloop
  endfacet
  facet normal 0.000000e+00 0.000000e+00 0.000000e+00
    outer loop
      vertex -2.191013e+00 2.339235e-17 2.183289e+00
      vertex -2.376222e+00 4.607393e-17 2.133662e+00
      vertex -2.187343e+00 -3.726479e-02 2.183289e+00
    endloop
  endfacet
  facet normal 0.000000e+00 0.000000e+00 0.000000e+00
    outer loop
      vertex -2.187343e+00 -3.726479e-02 2.183289e+00
      vertex -2.376222e+00 4.607393e-17 2.133662e+00
      vertex -2.368993e+00 -7.339730e-02 2.133662e+00
    endloop
  endfacet
  facet normal 0.000000e+00 0.000000e+00 0.000000e+00
    outer loop
      vertex -2.187343e+00 -3.726479e-02 2.183289e+00
      vertex -2.368993e+00 -7.339730e-02 2.133662e+00
      vertex -2.176473e+00 -7.309751e-02 2.183289e+00
    endloop
  endfacet
  facet normal 0.000000e+00 0.000000e+00 0.000000e+00
    outer loop
      vertex -2.176473e+00 -7.309751e-02 2.183289e+00
      vertex -2.368993e+00 -7.339730e-02 2.133662e+00
      vertex -2.347584e+00 -1.439740e-01 2.133662e+00
    endloop
  endfacet
  facet normal 0.000000e+00 0.000000e+00 0.000000e+00
    outer loop
      vertex -2.176473e+00 -7.309751e-02 2.183289e+00
      vertex -2.347584e+00 -1.439740e-01 2.133662e+00
      vertex -2.158822e+00 -1.061211e-01 2.183289e+00
    endloop
  endfacet
  facet normal 0.000000e+00 0.000000e+00 0.000000e+00
    outer loop
      vertex -2.158822e+00 -1.061211e-01 2.183289e+00
      vertex -2.347584e+00 -1.439740e-01 2.133662e+00
      vertex -2.312817e+00 -2.090178e-01 2.133662e+00
    endloop
  endfacet
  facet normal 0.000000e+00 0.000000e+00 0.000000e+00
    outer loop
      vertex -2.158822e+00 -1.061211e-01 2.183289e+00
      vertex -2.312817e+00 -2.090178e-01 2.133662e+00
      vertex -2.135067e+00 -1.350666e-01 2.183289e+00
    endloop
  endfacet
  facet normal 0.000000e+00 0.000000e+00 0.000000e+00
    outer loop
      vertex -2.135067e+00 -1.350666e-01 2.183289e+00
      vertex -2.312817e+00 -2.090178e-01 2.133662e+00
      vertex -2.266029e+00 -2.660292e-01 2.133662e+00
    endloop
  endfacet
  facet normal 0.000000e+00 0.000000e+00 0.000000e+00
    outer loop
      vertex -2.135067e+00 -1.350666e-01 2.183289e+00
      vertex -2.266029e+00 -2.660292e-01 2.133662e+00
      vertex -2.106121e+00 -1.588215e-01 2.183289e+00
    endloop
  endfacet
  facet normal 0.000000e+00 0.000000e+00 0.000000e+00
    outer loop
      vertex -2.106121e+00 -1.588215e-01 2.183289e+00
      vertex -2.266029e+00 -2.660292e-01 2.133662e+00
      vertex -2.209018e+00 -3.128173e-01 2.133662e+00
    endloop
  endfacet
  facet normal 0.000000e+00 0.000000e+00 0.000000e+00
    outer loop
      vertex -2.106121e+00 -1.588215e-01 2.183289e+00
      vertex -2.209018e+00 -3.128173e-01 2.133662e+00
      vertex -2.073097e+00 -1.764730e-01 2.183289e+00
    endloop
  endfacet
  facet normal 0.000000e+00 0.000000e+00 0.000000e+00
    outer loop
      vertex -2.073097e+00 -1.764730e-01 2.183289e+00
      vertex -2.209018e+00 -3.128173e-01 2.133662e+00
      vertex -2.143974e+00 -3.475839e-01 2.133662e+00
    endloop
  endfacet
  facet normal 0.000000e+00 0.000000e+00 0.000000e+00
    outer loop
      vertex -2.073097e+00 -1.764730e-01 2.183289e+00
      vertex -2.143974e+00 -3.475839e-01 2.133662e+00
      vertex -2.037265e+00 -1.873427e-01 2.183289e+00
    endloop
  endfacet
  facet normal 0.000000e+00 0.000000e+00 0.000000e+00
    outer loop
      vertex -2.037265e+00 -1.873427e-01 2.183289e+00
      vertex -2.143974e+00 -3.475839e-01 2.133662e+00
      vertex -2.073397e+00 -3.689932e-01 2.133662e+00
    endloop
  endfacet
  facet normal 0.000000e+00 0.000000e+00 0.000000e+00
    outer loop
      vertex -2.037265e+00 -1.873427e-01 2.183289e+00
      vertex -2.073397e+00 -3.689932e-01 2.133662e+00
      vertex -2.000000e+00 -1.910130e-01 2.183289e+00
    endloop
  endfacet
  facet normal 0.000000e+00 0.000000e+00 0.000000e+00
    outer loop
      vertex -2.000000e+00 -1.910130e-01 2.183289e+00
      vertex -2.073397e+00 -3.689932e-01 2.133662e+00
      vertex -2.000000e+00 -3.762222e-01 2.133662e+00
    endloop
  endfacet
  facet normal 0.000000e+00 0.000000e+00 0.000000e+00
    outer loop
      vertex -2.000000e+00 -1.910130e-01 2.183289e+00
      vertex -2.000000e+00 -3.762222e-01 2.133662e+00
      vertex -1.962735e+00 -1.873427e-01 2.183289e+00
    endloop
  endfacet
  facet normal 0.000000e+00 0.000000e+00 0.000000e+00
    outer loop
      vertex -1.962735e+00 -1.873427e-01 2.183289e+00
      vertex -2.000000e+00 -3.762222e-01 2.133662e+00
      vertex -1.926603e+00 -3.689932e-01 2.133662e+00
    endloop
  endfacet
  facet normal 0.000000e+00 0.000000e+00 0.000000e+00
    outer loop
      vertex -1.962735e+00 -1.873427e-01 2.183289e+00
      vertex -1.926603e+00 -3.689932e-01 2.133662e+00
      vertex -1.926903e+00 -1.764730e-01 2.183289e+00
    endloop
  endfacet
  facet normal 0.000000e+00 0.000000e+00 0.000000e+00
    outer loop
      vertex -1.926903e+00 -1.764730e-01 2.183289e+00
      vertex -1.926603e+00 -3.689932e-01 2.133662e+00
      vertex -1.856026e+00 -3.475839e-01 2.133662e+00
    endloop
  endfacet
  facet normal 0.000000e+00 0.000000e+00 0.000000e+00
    outer loop
      vertex -1.926903e+00 -1.764730e-01 2.183289e+00
      vertex -1.856026e+00 -3.475839e-01 2.133662e+00
      vertex -1.893879e+00 -1.588215e-01 2.183289e+00
    endloop
  endfacet
  facet normal 0.000000e+00 0.000000e+00 0.000000e+00
    outer loop
      vertex -1.893879e+00 -1.588215e-01 2.183289e+00
      vertex -1.856026e+00 -3.475839e-01 2.133662e+00
      vertex -1.790982e+00 -3.128173e-01 2.133662e+00
    endloop
  endfacet
  facet normal 0.000000e+00 0.000000e+00 0.000000e+00
    outer loop
      vertex -1.893879e+00 -1.588215e-01 2.183289e+00
      vertex -1.790982e+00 -3.128173e-01 2.133662e+00
      vertex -1.864933e+00 -1.350666e-01 2.183289e+00
    endloop
  endfacet
  facet normal 0.000000e+00 0.000000e+00 0.000000e+00
    outer loop
      vertex -1.864933e+00 -1.350666e-01 2.183289e+00
      vertex -1.790982e+00 -3.128173e-01 2.133662e+00
      vertex -1.733971e+00 -2.660292e-01 2.133662e+00
    endloop
  endfacet
  facet normal 0.000000e+00 0.000000e+00 0.000000e+00
    outer loop
      vertex -1.864933e+00 -1.350666e-01 2.183289e+00
      vertex -1.733971e+00 -2.660292e-01 2.133662e+00
      vertex -1.841179e+00 -1.061211e-01 2.183289e+00
    endloop
  endfacet
  facet normal 0.000000e+00 0.000000e+00 0.000000e+00
    outer loop
      vertex -1.841179e+00 -1.061211e-01 2.183289e+00
      vertex -1.733971e+00 -2.660292e-01 2.133662e+00
      vertex -1.687183e+00 -2.090178e-01 2.133662e+00
    endloop
  endfacet
  facet normal 0.000000e+00 0.000000e+00 0.000000e+00
    outer loop
      vertex -1.841179e+00 -1.061211e-01 2.183289e+00
      vertex -1.687183e+00 -2.090178e-01 2.133662e+00
      vertex -1.823527e+00 -7.309751e-02 2.183289e+00
    endloop
  endfacet
  facet normal 0.000000e+00 0.000000e+00 0.000000e+00
    outer loop
      vertex -1.823527e+00 -7.309751e-02 2.183289e+00
      vertex -1.687183e+00 -2.090178e-01 2.133662e+00
      vertex -1.652416e+00 -1.439740e-01 2.133662e+00
    endloop
  endfacet
  facet normal 0.000000e+00 0.000000e+00 0.000000e+00
    outer loop
      vertex -1.823527e+00 -7.309751e-02 2.183289e+00
      vertex -1.652416e+00 -1.439740e-01 2.133662e+00
      vertex -1.812657e+00 -3.726479e-02 2.183289e+00
    endloop
  endfacet
  facet normal 0.000000e+00 0.000000e+00 0.000000e+00
    outer loop
      vertex -1.812657e+00 -3.726479e-02 2.183289e+00
      vertex -1.652416e+00 -1.439740e-01 2.133662e+00
      vertex -1.631007e+00 -7.339730e-02 2.133662e+00
    endloop
  endfacet
  facet normal 0.000000e+00 0.000000e+00 0.000000e+00
    outer loop
      vertex -1.812657e+00 -3.726479e-02 2.183289e+00
      vertex -1.631007e+00 -7.339730e-02 2.133662e+00
      vertex -1.808987e+00 -4.678469e-17 2.183289e+00
    endloop
  endfacet
  facet normal 0.000000e+00 0.000000e+00 0.000000e+00
    outer loop
      vertex -1.808987e+00 -4.678469e-17 2.183289e+00
      vertex -1.631007e+00 -7.339730e-02 2.133662e+00
      vertex -1.623778e+00 -9.214785e-17 2.133662e+00
    endloop
  endfacet
  facet normal 0.000000e+00 0.000000e+00 0.000000e+00
    outer loop
      vertex -1.623778e+00 0.000000e+00 2.133662e+00
      vertex -1.450000e+00 0.000000e+00 2.052628e+00
      vertex -1.631007e+00 7.339730e-02 2.133662e+00
    endloop
  endfacet
  facet normal 0.000000e+00 0.000000e+00 0.000000e+00
    outer loop
      vertex -1.631007e+00 7.339730e-02 2.133662e+00
      vertex -1.450000e+00 0.000000e+00 2.052628e+00
      vertex -1.460568e+00 1.072997e-01 2.052628e+00
    endloop
  endfacet
  facet normal 0.000000e+00 0.000000e+00 0.000000e+00
    outer loop
      vertex -1.631007e+00 7.339730e-02 2.133662e+00
      vertex -1.460568e+00 1.072997e-01 2.052628e+00
      vertex -1.652416e+00 1.439740e-01 2.133662e+00
    endloop
  endfacet
  facet normal 0.000000e+00 0.000000e+00 0.000000e+00
    outer loop
      vertex -1.652416e+00 1.439740e-01 2.133662e+00
      vertex -1.460568e+00 1.072997e-01 2.052628e+00
      vertex -1.491866e+00 2.104759e-01 2.052628e+00
    endloop
  endfacet
  facet normal 0.000000e+00 0.000000e+00 0.000000e+00
    outer loop
      vertex -1.652416e+00 1.439740e-01 2.133662e+00
      vertex -1.491866e+00 2.104759e-01 2.052628e+00
      vertex -1.687183e+00 2.090178e-01 2.133662e+00
    endloop
  endfacet
  facet normal 0.000000e+00 0.000000e+00 0.000000e+00
    outer loop
      vertex -1.687183e+00 2.090178e-01 2.133662e+00
      vertex -1.491866e+00 2.104759e-01 2.052628e+00
      vertex -1.542692e+00 3.055636e-01 2.052628e+00
    endloop
  endfacet
  facet normal 0.000000e+00 0.000000e+00 0.000000e+00
    outer loop
      vertex -1.687183e+00 2.090178e-01 2.133662e+00
      vertex -1.542692e+00 3.055636e-01 2.052628e+00
      vertex -1.733971e+00 2.660292e-01 2.133662e+00
    endloop
  endfacet
  facet normal 0.000000e+00 0.000000e+00 0.000000e+00
    outer loop
      vertex -1.733971e+00 2.660292e-01 2.133662e+00
      vertex -1.542692e+00 3.055636e-01 2.052628e+00
      vertex -1.611091e+00 3.889087e-01 2.052628e+00
    endloop
  endfacet
  facet normal 0.000000e+00 0.000000e+00 0.000000e+00
    outer loop
      vertex -1.733971e+00 2.660292e-01 2.133662e+00
      vertex -1.611091e+00 3.889087e-01 2.052628e+00
      vertex -1.790982e+00 3.128173e-01 2.133662e+00
    endloop
  endfacet
  facet normal 0.000000e+00 0.000000e+00 0.000000e+00
    outer loop
      vertex -1.790982e+00 3.128173e-01 2.133662e+00
      vertex -1.611091e+00 3.889087e-01 2.052628e+00
      vertex -1.694436e+00 4.573083e-01 2.052628e+00
    endloop
  endfacet
  facet normal 0.000000e+00 0.000000e+00 0.000000e+00
    outer loop
      vertex -1.790982e+00 3.128173e-01 2.133662e+00
      vertex -1.694436e+00 4.573083e-01 2.052628e+00
      vertex -1.856026e+00 3.475839e-01 2.133662e+00
    endloop
  endfacet
  facet normal 0.000000e+00 0.000000e+00 0.000000e+00
    outer loop
      vertex -1.856026e+00 3.475839e-01 2.133662e+00
      vertex -1.694436e+00 4.573083e-01 2.052628e+00
      vertex -1.789524e+00 5.081338e-01 2.052628e+00
    endloop
  endfacet
  facet normal 0.000000e+00 0.000000e+00 0.000000e+00
    outer loop
      vertex -1.856026e+00 3.475839e-01 2.133662e+00
      vertex -1.789524e+00 5.081338e-01 2.052628e+00
      vertex -1.926603e+00 3.689932e-01 2.133662e+00
    endloop
  endfacet
  facet normal 0.000000e+00 0.000000e+00 0.000000e+00
    outer loop
      vertex -1.926603e+00 3.689932e-01 2.133662e+00
      vertex -1.789524e+00 5.081338e-01 2.052628e+00
      vertex -1.892700e+00 5.394319e-01 2.052628e+00
    endloop
  endfacet
  facet normal 0.000000e+00 0.000000e+00 0.000000e+00
    outer loop
      vertex -1.926603e+00 3.689932e-01 2.133662e+00
      vertex -1.892700e+00 5.394319e-01 2.052628e+00
      vertex -2.000000e+00 3.762222e-01 2.133662e+00
    endloop
  endfacet
  facet normal 0.000000e+00 0.000000e+00 0.000000e+00
    outer loop
      vertex -2.000000e+00 3.762222e-01 2.133662e+00
      vertex -1.892700e+00 5.394319e-01 2.052628e+00
      vertex -2.000000e+00 5.500000e-01 2.052628e+00
    endloop
  endfacet
  facet normal 0.000000e+00 0.000000e+00 0.000000e+00
    outer loop
      vertex -2.000000e+00 3.762222e-01 2.133662e+00
      vertex -2.000000e+00 5.500000e-01 2.052628e+00
      vertex -2.073397e+00 3.689932e-01 2.133662e+00
    endloop
  endfacet
  facet normal 0.000000e+00 0.000000e+00 0.000000e+00
    outer loop
      vertex -2.073397e+00 3.689932e-01 2.133662e+00
      vertex -2.000000e+00 5.500000e-01 2.052628e+00
      vertex -2.107300e+00 5.394319e-01 2.052628e+00
    endloop
  endfacet
  facet normal 0.000000e+00 0.000000e+00 0.000000e+00
    outer loop
      vertex -2.073397e+00 3.689932e-01 2.133662e+00
      vertex -2.107300e+00 5.394319e-01 2.052628e+00
      vertex -2.143974e+00 3.475839e-01 2.133662e+00
    endloop
  endfacet
  facet normal 0.000000e+00 0.000000e+00 0.000000e+00
    outer loop
      vertex -2.143974e+00 3.475839e-01 2.133662e+00
      vertex -2.107300e+00 5.394319e-01 2.052628e+00
      vertex -2.210476e+00 5.081338e-01 2.052628e+00
    endloop
  endfacet
  facet normal 0.000000e+00 0.000000e+00 0.000000e+00
    outer loop
      vertex -2.143974e+00 3.475839e-01 2.133662e+00
      vertex -2.210476e+00 5.081338e-01 2.052628e+00
      vertex -2.209018e+00 3.128173e-01 2.133662e+00
    endloop
  endfacet
  facet normal 0.000000e+00 0.000000e+00 0.000000e+00
    outer loop
      vertex -2.209018e+00 3.128173e-01 2.133662e+00
      vertex -2.210476e+00 5.081338e-01 2.052628e+00
      vertex -2.305564e+00 4.573083e-01 2.052628e+00
    endloop
  endfacet
  facet normal 0.000000e+00 0.000000e+00 0.000000e+00
    outer loop
      vertex -2.209018e+00 3.128173e-01 2.133662e+00
      vertex -2.305564e+00 4.573083e-01 2.052628e+00
      vertex -2.266029e+00 2.660292e-01 2.133662e+00
    endloop
  endfacet
  facet normal 0.000000e+00 0.000000e+00 0.000000e+00
    outer loop
      vertex -2.266029e+00 2.660292e-01 2.133662e+00
      vertex -2.305564e+00 4.573083e-01 2.052628e+00
      vertex -2.388909e+00 3.889087e-01 2.052628e+00
    endloop
  endfacet
  facet normal 0.000000e+00 0.000000e+00 0.000000e+00
    outer loop
      vertex -2.266029e+00 2.660292e-01 2.133662e+00
      vertex -2.388909e+00 3.889087e-01 2.052628e+00
      vertex -2.312817e+00 2.090178e-01 2.133662e+00
    endloop
  endfacet
  facet normal 0.000000e+00 0.000000e+00 0.000000e+00
    outer loop
      vertex -2.312817e+00 2.090178e-01 2.133662e+00
      vertex -2.388909e+00 3.889087e-01 2.052628e+00
      vertex -2.457308e+00 3.055636e-01 2.052628e+00
    endloop
  endfacet
  facet normal 0.000000e+00 0.000000e+00 0.000000e+00
    outer loop
      vertex -2.312817e+00 2.090178e-01 2.133662e+00
      vertex -2.457308e+00 3.055636e-01 2.052628e+00
      vertex -2.347584e+00 1.439740e-01 2.133662e+00
    endloop
  endfacet
  facet normal 0.000000e+00 0.000000e+00 0.000000e+00
    outer loop
      vertex -2.347584e+00 1.439740e-01 2.133662e+00
      vertex -2.457308e+00 3.055636e-01 2.052628e+00
      vertex -2.508134e+00 2.104759e-01 2.052628e+00
    endloop
  endfacet
  facet normal 0.000000e+00 0.000000e+00 0.000000e+00
    outer loop
      vertex -2.347584e+00 1.439740e-01 2.133662e+00
      vertex -2.508134e+00 2.104759e-01 2.052628e+00
      vertex -2.368993e+00 7.339730e-02 2.133662e+00
    endloop
  endfacet
  facet normal 0.000000e+00 0.000000e+00 0.000000e+00
    outer loop
      vertex -2.368993e+00 7.339730e-02 2.133662e+00
      vertex -2.508134e+00 2.104759e-01 2.052628e+00
      vertex -2.539432e+00 1.072997e-01 2.052628e+00
    endloop
  endfacet
  facet normal 0.000000e+00 0.000000e+00 0.000000e+00
    outer loop
      vertex -2.368993e+00 7.339730e-02 2.133662e+00
      vertex -2.539432e+00 1.072997e-01 2.052628e+00
      vertex -2.376222e+00 4.607393e-17 2.133662e+00
    endloop
  endfacet
  facet normal 0.000000e+00 0.000000e+00 0.000000e+00
    outer loop
      vertex -2.376222e+00 4.607393e-17 2.133662e+00
      vertex -2.539432e+00 1.072997e-01 2.052628e+00
      vertex -2.550000e+00 6.735558e-17 2.052628e+00
    endloop
  endfacet
  facet normal 0.000000e+00 0.000000e+00 0.000000e+00
    outer loop
      vertex -2.376222e+00 4.607393e-17 2.133662e+00
      vertex -2.550000e+00 6.735558e-17 2.052628e+00
      vertex -2.368993e+00 -7.339730e-02 2.133662e+00
    endloop
  endfacet
  facet normal 0.000000e+00 0.000000e+00 0.000000e+00
    outer loop
      vertex -2.368993e+00 -7.339730e-02 2.133662e+00
      vertex -2.550000e+00 6.735558e-17 2.052628e+00
      vertex -2.539432e+00 -1.072997e-01 2.052628e+00
    endloop
  endfacet
  facet normal 0.000000e+00 0.000000e+00 0.000000e+00
    outer loop
      vertex -2.368993e+00 -7.339730e-02 2.133662e+00
      vertex -2.539432e+00 -1.072997e-01 2.052628e+00
      vertex -2.347584e+00 -1.439740e-01 2.133662e+00
    endloop
  endfacet
  facet normal 0.000000e+00 0.000000e+00 0.000000e+00
    outer loop
      vertex -2.347584e+00 -1.439740e-01 2.133662e+00
      vertex -2.539432e+00 -1.072997e-01 2.052628e+00
      vertex -2.508134e+00 -2.104759e-01 2.052628e+00
    endloop
  endfacet
  facet normal 0.000000e+00 0.000000e+00 0.000000e+00
    outer loop
      vertex -2.347584e+00 -1.439740e-01 2.133662e+00
      vertex -2.508134e+00 -2.104759e-01 2.052628e+00
      vertex -2.312817e+00 -2.090178e-01 2.133662e+00
    endloop
  endfacet
  facet normal 0.000000e+00 0.000000e+00 0.000000e+00
    outer loop
      vertex -2.312817e+00 -2.090178e-01 2.133662e+00
      vertex -2.508134e+00 -2.104759e-01 2.052628e+00
      vertex -2.457308e+00 -3.055636e-01 2.052628e+00
    endloop
  endfacet
  facet normal 0.000000e+00 0.000000e+00 0.000000e+00
    outer loop
      vertex -2.312817e+00 -2.090178e-01 2.133662e+00
      vertex -2.457308e+00 -3.055636e-01 2.052628e+00
      vertex -2.266029e+00 -2.660292e-01 2.133662e+00
    endloop
  endfacet
  facet normal 0.000000e+00 0.000000e+00 0.000000e+00
    outer loop
      vertex -2.266029e+00 -2.660292e-01 2.133662e+00
      vertex -2.457308e+00 -3.055636e-01 2.052628e+00
      vertex -2.388909e+00 -3.889087e-01 2.052628e+00
    endloop
  endfacet
  facet normal 0.000000e+00 0.000000e+00 0.000000e+00
    outer loop
      vertex -2.266029e+00 -2.660292e-01 2.133662e+00
      vertex -2.388909e+00 -3.889087e-01 2.052628e+00
      vertex -2.209018e+00 -3.128173e-01 2.133662e+00
    endloop
  endfacet
  facet normal 0.000000e+00 0.000000e+00 0.000000e+00
    outer loop
      vertex -2.209018e+00 -3.128173e-01 2.133662e+00
      vertex -2.388909e+00 -3.889087e-01 2.052628e+00
      vertex -2.305564e+00 -4.573083e-01 2.052628e+00
    endloop
  endfacet
  facet normal 0.000000e+00 0.000000e+00 0.000000e+00
    outer loop
      vertex -2.209018e+00 -3.128173e-01 2.133662e+00
      vertex -2.305564e+00 -4.573083e-01 2.052628e+00
      vertex -2.143974e+00 -3.475839e-01 2.133662e+00
    endloop
  endfacet
  facet normal 0.000000e+00 0.000000e+00 0.000000e+00
    outer loop
      vertex -2.143974e+00 -3.475839e-01 2.133662e+00
      vertex -2.305564e+00 -4.573083e-01 2.052628e+00
      vertex -2.210476e+00 -5.081338e-01 2.052628e+00
    endloop
  endfacet
  facet normal 0.000000e+00 0.000000e+00 0.000000e+00
    outer loop
      vertex -2.143974e+00 -3.475839e-01 2.133662e+00
      vertex -2.210476e+00 -5.081338e-01 2.052628e+00
      vertex -2.073397e+00 -3.689932e-01 2.133662e+00
    endloop
  endfacet
  facet normal 0.000000e+00 0.000000e+00 0.000000e+00
    outer loop
      vertex -2.073397e+00 -3.689932e-01 2.133662e+00
      vertex -2.210476e+00 -5.081338e-01 2.052628e+00
      vertex -2.107300e+00 -5.394319e-01 2.052628e+00
    endloop
  endfacet
  facet normal 0.000000e+00 0.000000e+00 0.000000e+00
    outer loop
      vertex -2.073397e+00 -3.689932e-01 2.133662e+00
      vertex -2.107300e+00 -5.394319e-01 2.052628e+00
      vertex -2.000000e+00 -3.762222e-01 2.133662e+00
    endloop
  endfacet
  facet normal 0.000000e+00 0.000000e+00 0.000000e+00
    outer loop
      vertex -2.000000e+00 -3.762222e-01 2.133662e+00
      vertex -2.107300e+00 -5.394319e-01 2.052628e+00
      vertex -2.000000e+00 -5.500000e-01 2.052628e+00
    endloop
  endfacet
  facet normal 0.000000e+00 0.000000e+00 0.000000e+00
    outer loop
      vertex -2.000000e+00 -3.762222e-01 2.133662e+00
      vertex -2.000000e+00 -5.500000e-01 2.052628e+00
      vertex -1.926603e+00 -3.689932e-01 2.133662e+00
    endloop
  endfacet
  facet normal 0.000000e+00 0.000000e+00 0.000000e+00
    outer loop
      vertex -1.926603e+00 -3.689932e-01 2.133662e+00
      vertex -2.000000e+00 -5.500000e-01 2.052628e+00
      vertex -1.892700e+00 -5.394319e-01 2.052628e+00
    endloop
  endfacet
  facet normal 0.000000e+00 0.000000e+00 0.000000e+00
    outer loop
      vertex -1.926603e+00 -3.689932e-01 2.133662e+00
      vertex -1.892700e+00 -5.394319e-01 2.052628e+00
      vertex -1.856026e+00 -3.475839e-01 2.133662e+00
    endloop
  endfacet
  facet normal 0.000000e+00 0.000000e+00 0.000000e+00
    outer loop
      vertex -1.856026e+00 -3.475839e-01 2.133662e+00
      vertex -1.892700e+00 -5.394319e-01 2.052628e+00
      vertex -1.789524e+00 -5.081338e-01 2.052628e+00
    endloop
  endfacet
  facet normal 0.000000e+00 0.000000e+00 0.000000e+00
    outer loop
      vertex -1.856026e+00 -3.475839e-01 2.133662e+00
      vertex -1.789524e+00 -5.081338e-01 2.052628e+00
      vertex -1.790982e+00 -3.128173e-01 2.133662e+00
    endloop
  endfacet
  facet normal 0.000000e+00 0.000000e+00 0.000000e+00
    outer loop
      vertex -1.790982e+00 -3.128173e-01 2.133662e+00
      vertex -1.789524e+00 -5.081338e-01 2.052628e+00
      vertex -1.694436e+00 -4.573083e-01 2.052628e+00
    endloop
  endfacet
  facet normal 0.000000e+00 0.000000e+00 0.000000e+00
    outer loop
      vertex -1.790982e+00 -3.128173e-01 2.133662e+00
      vertex -1.694436e+00 -4.573083e-01 2.052628e+00
      vertex -1.733971e+00 -2.660292e-01 2.133662e+00
    endloop
  endfacet
  facet normal 0.000000e+00 0.000000e+00 0.000000e+00
    outer loop
      vertex -1.733971e+00 -2.660292e-01 2.133662e+00
      vertex -1.694436e+00 -4.573083e-01 2.052628e+00
      vertex -1.611091e+00 -3.889087e-01 2.052628e+00
    endloop
  endfacet
  facet normal 0.000000e+00 0.000000e+00 0.000000e+00
    outer loop
      vertex -1.733971e+00 -2.660292e-01 2.133662e+00
      vertex -1.611091e+00 -3.889087e-01 2.052628e+00
      vertex -1.687183e+00 -2.090178e-01 2.133662e+00
    endloop
  endfacet
  facet normal 0.000000e+00 0.000000e+00 0.000000e+00
    outer loop
      vertex -1.687183e+00 -2.090178e-01 2.133662e+00
      vertex -1.611091e+00 -3.889087e-01 2.052628e+00
      vertex -1.542692e+00 -3.055636e-01 2.052628e+00
    endloop
  endfacet
  facet normal 0.000000e+00 0.000000e+00 0.000000e+00
    outer loop
      vertex -1.687183e+00 -2.090178e-01 2.133662e+00
      vertex -1.542692e+00 -3.055636e-01 2.052628e+00
      vertex -1.652416e+00 -1.439740e-01 2.133662e+00
    endloop
  endfacet
  facet normal 0.000000e+00 0.000000e+00 0.000000e+00
    outer loop
      vertex -1.652416e+00 -1.439740e-01 2.133662e+00
      vertex -1.542692e+00 -3.055636e-01 2.052628e+00
      vertex -1.491866e+00 -2.104759e-01 2.052628e+00
    endloop
  endfacet
  facet normal 0.000000e+00 0.000000e+00 0.000000e+00
    outer loop
      vertex -1.652416e+00 -1.439740e-01 2.133662e+00
      vertex -1.491866e+00 -2.104759e-01 2.052628e+00
      vertex -1.631007e+00 -7.339730e-02 2.133662e+00
    endloop
  endfacet
  facet normal 0.000000e+00 0.000000e+00 0.000000e+00
    outer loop
      vertex -1.631007e+00 -7.339730e-02 2.133662e+00
      vertex -1.491866e+00 -2.104759e-01 2.052628e+00
      vertex -1.460568e+00 -1.072997e-01 2.052628e+00
    endloop
  endfacet
  facet normal 0.000000e+00 0.000000e+00 0.000000e+00
    outer loop
      vertex -1.631007e+00 -7.339730e-02 2.133662e+00
      vertex -1.460568e+00 -1.072997e-01 2.052628e+00
      vertex -1.623778e+00 -9.214785e-17 2.133662e+00
    endloop
  endfacet
  facet normal 0.000000e+00 0.000000e+00 0.000000e+00
    outer loop
      vertex -1.623778e+00 -9.214785e-17 2.133662e+00
      vertex -1.460568e+00 -1.072997e-01 2.052628e+00
      vertex -1.450000e+00 -1.347112e-16 2.052628e+00
    endloop
  endfacet
  facet normal 0.000000e+00 0.000000e+00 0.000000e+00
    outer loop
      vertex -1.450000e+00 0.000000e+00 2.052628e+00
      vertex -1.292934e+00 0.000000e+00 1.942649e+00
      vertex -1.460568e+00 1.072997e-01 2.052628e+00
    endloop
  endfacet
  facet normal 0.000000e+00 0.000000e+00 0.000000e+00
    outer loop
      vertex -1.460568e+00 1.072997e-01 2.052628e+00
      vertex -1.292934e+00 0.000000e+00 1.942649e+00
      vertex -1.306520e+00 1.379418e-01 1.942649e+00
    endloop
  endfacet
  facet normal 0.000000e+00 0.000000e+00 0.000000e+00
    outer loop
      vertex -1.460568e+00 1.072997e-01 2.052628e+00
      vertex -1.306520e+00 1.379418e-01 1.942649e+00
      vertex -1.491866e+00 2.104759e-01 2.052628e+00
    endloop
  endfacet
  facet normal 0.000000e+00 0.000000e+00 0.000000e+00
    outer loop
      vertex -1.491866e+00 2.104759e-01 2.052628e+00
      vertex -1.306520e+00 1.379418e-01 1.942649e+00
      vertex -1.346756e+00 2.705826e-01 1.942649e+00
    endloop
  endfacet
  facet normal 0.000000e+00 0.000000e+00 0.000000e+00
    outer loop
      vertex -1.491866e+00 2.104759e-01 2.052628e+00
      vertex -1.346756e+00 2.705826e-01 1.942649e+00
      vertex -1.542692e+00 3.055636e-01 2.052628e+00
    endloop
  endfacet
  facet normal 0.000000e+00 0.000000e+00 0.000000e+00
    outer loop
      vertex -1.542692e+00 3.055636e-01 2.052628e+00
      vertex -1.346756e+00 2.705826e-01 1.942649e+00
      vertex -1.412096e+00 3.928250e-01 1.942649e+00
    endloop
  endfacet
  facet normal 0.000000e+00 0.000000e+00 0.000000e+00
    outer loop
      vertex -1.542692e+00 3.055636e-01 2.052628e+00
      vertex -1.412096e+00 3.928250e-01 1.942649e+00
      vertex -1.611091e+00 3.889087e-01 2.052628e+00
    endloop
  endfacet
  facet normal 0.000000e+00 0.000000e+00 0.000000e+00
    outer loop
      vertex -1.611091e+00 3.889087e-01 2.052628e+00
      vertex -1.412096e+00 3.928250e-01 1.942649e+00
      vertex -1.500029e+00 4.999714e-01 1.942649e+00
    endloop
  endfacet
  facet normal 0.000000e+00 0.000000e+00 0.000000e+00
    outer loop
      vertex -1.611091e+00 3.889087e-01 2.052628e+00
      vertex -1.500029e+00 4.999714e-01 1.942649e+00
      vertex -1.694436e+00 4.573083e-01 2.052628e+00
    endloop
  endfacet
  facet normal 0.000000e+00 0.000000e+00 0.000000e+00
    outer loop
      vertex -1.694436e+00 4.573083e-01 2.052628e+00
      vertex -1.500029e+00 4.999714e-01 1.942649e+00
      vertex -1.607175e+00 5.879042e-01 1.942649e+00
    endloop
  endfacet
  facet normal 0.000000e+00 0.000000e+00 0.000000e+00
    outer loop
      vertex -1.694436e+00 4.573083e-01 2.052628e+00
      vertex -1.607175e+00 5.879042e-01 1.942649e+00
      vertex -1.789524e+00 5.081338e-01 2.052628e+00
    endloop
  endfacet
  facet normal 0.000000e+00 0.000000e+00 0.000000e+00
    outer loop
      vertex -1.789524e+00 5.081338e-01 2.052628e+00
      vertex -1.607175e+00 5.879042e-01 1.942649e+00
      vertex -1.729417e+00 6.532441e-01 1.942649e+00
    endloop
  endfacet
  facet normal 0.000000e+00 0.000000e+00 0.000000e+00
    outer loop
      vertex -1.789524e+00 5.081338e-01 2.052628e+00
      vertex -1.729417e+00 6.532441e-01 1.942649e+00
      vertex -1.892700e+00 5.394319e-01 2.052628e+00
    endloop
  endfacet
  facet normal 0.000000e+00 0.000000e+00 0.000000e+00
    outer loop
      vertex -1.892700e+00 5.394319e-01 2.052628e+00
      vertex -1.729417e+00 6.532441e-01 1.942649e+00
      vertex -1.862058e+00 6.934803e-01 1.942649e+00
    endloop
  endfacet
  facet normal 0.000000e+00 0.000000e+00 0.000000e+00
    outer loop
      vertex -1.892700e+00 5.394319e-01 2.052628e+00
      vertex -1.862058e+00 6.934803e-01 1.942649e+00
      vertex -2.000000e+00 5.500000e-01 2.052628e+00
    endloop
  endfacet
  facet normal 0.000000e+00 0.000000e+00 0.000000e+00
    outer loop
      vertex -2.000000e+00 5.500000e-01 2.052628e+00
      vertex -1.862058e+00 6.934803e-01 1.942649e+00
      vertex -2.000000e+00 7.070664e-01 1.942649e+00
    endloop
  endfacet
  facet normal 0.000000e+00 0.000000e+00 0.000000e+00
    outer loop
      vertex -2.000000e+00 5.500000e-01 2.052628e+00
      vertex -2.000000e+00 7.070664e-01 1.942649e+00
      vertex -2.107300e+00 5.394319e-01 2.052628e+00
    endloop
  endfacet
  facet normal 0.000000e+00 0.000000e+00 0.000000e+00
    outer loop
      vertex -2.107300e+00 5.394319e-01 2.052628e+00
      vertex -2.000000e+00 7.070664e-01 1.942649e+00
      vertex -2.137942e+00 6.934803e-01 1.942649e+00
    endloop
  endfacet
  facet normal 0.000000e+00 0.000000e+00 0.000000e+00
    outer loop
      vertex -2.107300e+00 5.394319e-01 2.052628e+00
      vertex -2.137942e+00 6.934803e-01 1.942649e+00
      vertex -2.210476e+00 5.081338e-01 2.052628e+00
    endloop
  endfacet
  facet normal 0.000000e+00 0.000000e+00 0.000000e+00
    outer loop
      vertex -2.210476e+00 5.081338e-01 2.052628e+00
      vertex -2.137942e+00 6.934803e-01 1.942649e+00
      vertex -2.270583e+00 6.532441e-01 1.942649e+00
    endloop
  endfacet
  facet normal 0.000000e+00 0.000000e+00 0.000000e+00
    outer loop
      vertex -2.210476e+00 5.081338e-01 2.052628e+00
      vertex -2.270583e+00 6.532441e-01 1.942649e+00
      vertex -2.305564e+00 4.573083e-01 2.052628e+00
    endloop
  endfacet
  facet normal 0.000000e+00 0.000000e+00 0.000000e+00
    outer loop
      vertex -2.305564e+00 4.573083e-01 2.052628e+00
      vertex -2.270583e+00 6.532441e-01 1.942649e+00
      vertex -2.392825e+00 5.879042e-01 1.942649e+00
    endloop
  endfacet
  facet normal 0.000000e+00 0.000000e+00 0.000000e+00
    outer loop
      vertex -2.305564e+00 4.573083e-01 2.052628e+00
      vertex -2.392825e+00 5.879042e-01 1.942649e+00
      vertex -2.388909e+00 3.889087e-01 2.052628e+00
    endloop
  endfacet
  facet normal 0.000000e+00 0.000000e+00 0.000000e+00
    outer loop
      vertex -2.388909e+00 3.889087e-01 2.052628e+00
      vertex -2.392825e+00 5.879042e-01 1.942649e+00
      vertex -2.499971e+00 4.999714e-01 1.942649e+00
    endloop
  endfacet
  facet normal 0.000000e+00 0.000000e+00 0.000000e+00
    outer loop
      vertex -2.388909e+00 3.889087e-01 2.052628e+00
      vertex -2.499971e+00 4.999714e-01 1.942649e+00
      vertex -2.457308e+00 3.055636e-01 2.052628e+00
    endloop
  endfacet
  facet normal 0.000000e+00 0.000000e+00 0.000000e+00
    outer loop
      vertex -2.457308e+00 3.055636e-01 2.052628e+00
      vertex -2.499971e+00 4.999714e-01 1.942649e+00
      vertex -2.587904e+00 3.928250e-01 1.942649e+00
    endloop
  endfacet
  facet normal 0.000000e+00 0.000000e+00 0.000000e+00
    outer loop
      vertex -2.457308e+00 3.055636e-01 2.052628e+00
      vertex -2.587904e+00 3.928250e-01 1.942649e+00
      vertex -2.508134e+00 2.104759e-01 2.052628e+00
    endloop
  endfacet
  facet normal 0.000000e+00 0.000000e+00 0.000000e+00
    outer loop
      vertex -2.508134e+00 2.104759e-01 2.052628e+00
      vertex -2.587904e+00 3.928250e-01 1.942649e+00
      vertex -2.653244e+00 2.705826e-01 1.942649e+00
    endloop
  endfacet
  facet normal 0.000000e+00 0.000000e+00 0.000000e+00
    outer loop
      vertex -2.508134e+00 2.104759e-01 2.052628e+00
      vertex -2.653244e+00 2.705826e-01 1.942649e+00
      vertex -2.539432e+00 1.072997e-01 2.052628e+00
    endloop
  endfacet
  facet normal 0.000000e+00 0.000000e+00 0.000000e+00
    outer loop
      vertex -2.539432e+00 1.072997e-01 2.052628e+00
      vertex -2.653244e+00 2.705826e-01 1.942649e+00
      vertex -2.693480e+00 1.379418e-01 1.942649e+00
    endloop
  endfacet
  facet normal 0.000000e+00 0.000000e+00 0.000000e+00
    outer loop
      vertex -2.539432e+00 1.072997e-01 2.052628e+00
      vertex -2.693480e+00 1.379418e-01 1.942649e+00
      vertex -2.550000e+00 6.735558e-17 2.052628e+00
    endloop
  endfacet
  facet normal 0.000000e+00 0.000000e+00 0.000000e+00
    outer loop
      vertex -2.550000e+00 6.735558e-17 2.052628e+00
      vertex -2.693480e+00 1.379418e-01 1.942649e+00
      vertex -2.707066e+00 8.659066e-17 1.942649e+00
    endloop
  endfacet
  facet normal 0.000000e+00 0.000000e+00 0.000000e+00
    outer loop
      vertex -2.550000e+00 6.735558e-17 2.052628e+00
      vertex -2.707066e+00 8.659066e-17 1.942649e+00
      vertex -2.539432e+00 -1.072997e-01 2.052628e+00
    endloop
  endfacet
  facet normal 0.000000e+00 0.000000e+00 0.000000e+00
    outer loop
      vertex -2.539432e+00 -1.072997e-01 2.052628e+00
      vertex -2.707066e+00 8.659066e-17 1.942649e+00
      vertex -2.693480e+00 -1.379418e-01 1.942649e+00
    endloop
  endfacet
  facet normal 0.000000e+00 0.000000e+00 0.000000e+00
    outer loop
      vertex -2.539432e+00 -1.072997e-01 2.052628e+00
      vertex -2.693480e+00 -1.379418e-01 1.942649e+00
      vertex -2.508134e+00 -2.104759e-01 2.052628e+00
    endloop
  endfacet
  facet normal 0.000000e+00 0.000000e+00 0.000000e+00
    outer loop
      vertex -2.508134e+00 -2.104759e-01 2.052628e+00
      vertex -2.693480e+00 -1.379418e-01 1.942649e+00
      vertex -2.653244e+00 -2.705826e-01 1.942649e+00
    endloop
  endfacet
  facet normal 0.000000e+00 0.000000e+00 0.000000e+00
    outer loop
      vertex -2.508134e+00 -2.104759e-01 2.052628e+00
      vertex -2.653244e+00 -2.705826e-01 1.942649e+00
      vertex -2.457308e+00 -3.055636e-01 2.052628e+00
    endloop
  endfacet
  facet normal 0.000000e+00 0.000000e+00 0.000000e+00
    outer loop
      vertex -2.457308e+00 -3.055636e-01 2.052628e+00
      vertex -2.653244e+00 -2.705826e-01 1.942649e+00
      vertex -2.587904e+00 -3.928250e-01 1.942649e+00
    endloop
  endfacet
  facet normal 0.000000e+00 0.000000e+00 0.000000e+00
    outer loop
      vertex -2.457308e+00 -3.055636e-01 2.052628e+00
      vertex -2.587904e+00 -3.928250e-01 1.942649e+00
      vertex -2.388909e+00 -3.889087e-01 2.052628e+00
    endloop
  endfacet
  facet normal 0.000000e+00 0.000000e+00 0.000000e+00
    outer loop
      vertex -2.388909e+00 -3.889087e-01 2.052628e+00
      vertex -2.587904e+00 -3.928250e-01 1.942649e+00
      vertex -2.499971e+00 -4.999714e-01 1.942649e+00
    endloop
  endfacet
  facet normal 0.000000e+00 0.000000e+00 0.000000e+00
    outer loop
      vertex -2.388909e+00 -3.889087e-01 2.052628e+00
      vertex -2.499971e+00 -4.999714e-01 1.942649e+00
      vertex -2.305564e+00 -4.573083e-01 2.052628e+00
    endloop
  endfacet
  facet normal 0.000000e+00 0.000000e+00 0.000000e+00
    outer loop
      vertex -2.305564e+00 -4.573083e-01 2.052628e+00
      vertex -2.499971e+00 -4.999714e-01 1.942649e+00
      vertex -2.392825e+00 -5.879042e-01 1.942649e+00
    endloop
  endfacet
  facet normal 0.000000e+00 0.000000e+00 0.000000e+00
    outer loop
      vertex -2.305564e+00 -4.573083e-01 2.052628e+00
      vertex -2.392825e+00 -5.879042e-01 1.942649e+00
      vertex -2.210476e+00 -5.081338e-01 2.052628e+00
    endloop
  endfacet
  facet normal 0.000000e+00 0.000000e+00 0.000000e+00
    outer loop
      vertex -2.210476e+00 -5.081338e-01 2.052628e+00
      vertex -2.392825e+00 -5.879042e-01 1.942649e+00
      vertex -2.270583e+00 -6.532441e-01 1.942649e+00
    endloop
  endfacet
  facet normal 0.000000e+00 0.000000e+00 0.000000e+00
    outer loop
      vertex -2.210476e+00 -5.081338e-01 2.052628e+00
      vertex -2.270583e+00 -6.532441e-01 1.942649e+00
      vertex -2.107300e+00 -5.394319e-01 2.052628e+00
    endloop
  endfacet
  facet normal 0.000000e+00 0.000000e+00 0.000000e+00
    outer loop
      vertex -2.107300e+00 -5.394319e-01 2.052628e+00
      vertex -2.270583e+00 -6.532441e-01 1.942649e+00
      vertex -2.137942e+00 -6.934803e-01 1.942649e+00
    endloop
  endfacet
  facet normal 0.000000e+00 0.000000e+00 0.000000e+00
    outer loop
      vertex -2.107300e+00 -5.394319e-01 2.052628e+00
      vertex -2.137942e+00 -6.934803e-01 1.942649e+00
      vertex -2.000000e+00 -5.500000e-01 2.052628e+00
    endloop
  endfacet
  facet normal 0.000000e+00 0.000000e+00 0.000000e+00
    outer loop
      vertex -2.000000e+00 -5.500000e-01 2.052628e+00
      vertex -2.137942e+00 -6.934803e-01 1.942649e+00
      vertex -2.000000e+00 -7.070664e-01 1.942649e+00
    endloop
  endfacet
  facet normal 0.000000e+00 0.000000e+00 0.000000e+00
    outer loop
      vertex -2.000000e+00 -5.500000e-01 2.052628e+00
      vertex -2.000000e+00 -7.070664e-01 1.942649e+00
      vertex -1.892700e+00 -5.394319e-01 2.052628e+00
    endloop
  endfacet
  facet normal 0.000000e+00 0.000000e+00 0.000000e+00
    outer loop
      vertex -1.892700e+00 -5.394319e-01 2.052628e+00
      vertex -2.000000e+00 -7.070664e-01 1.942649e+00
      vertex -1.862058e+00 -6.934803e-01 1.942649e+00
    endloop
  endfacet
  facet normal 0.000000e+00 0.000000e+00 0.000000e+00
    outer loop
      vertex -1.892700e+00 -5.394319e-01 2.052628e+00
      vertex -1.862058e+00 -6.934803e-01 1.942649e+00
      vertex -1.789524e+00 -5.081338e-01 2.052628e+00
    endloop
  endfacet
  facet normal 0.000000e+00 0.000000e+00 0.000000e+00
    outer loop
      vertex -1.789524e+00 -5.081338e-01 2.052628e+00
      vertex -1.862058e+00 -6.934803e-01 1.942649e+00
      vertex -1.729417e+00 -6.532441e-01 1.942649e+00
    endloop
  endfacet
  facet normal 0.000000e+00 0.000000e+00 0.000000e+00
    outer loop
      vertex -1.789524e+00 -5.081338e-01 2.052628e+00
      vertex -1.729417e+00 -6.532441e-01 1.942649e+00
      vertex -1.694436e+00 -4.573083e-01 2.052628e+00
    endloop
  endfacet
  facet normal 0.000000e+00 0.000000e+00 0.000000e+00
    outer loop
      vertex -1.694436e+00 -4.573083e-01 2.052628e+00
      vertex -1.729417e+00 -6.532441e-01 1.942649e+00
      vertex -1.607175e+00 -5.879042e-01 1.942649e+00
    endloop
  endfacet
  facet normal 0.000000e+00 0.000000e+00 0.000000e+00
    outer loop
      vertex -1.694436e+00 -4.573083e-01 2.052628e+00
      vertex -1.607175e+00 -5.879042e-01 1.942649e+00
      vertex -1.611091e+00 -3.889087e-01 2.052628e+00
    endloop
  endfacet
  facet normal 0.000000e+00 0.000000e+00 0.000000e+00
    outer loop
      vertex -1.611091e+00 -3.889087e-01 2.052628e+00
      vertex -1.607175e+00 -5.879042e-01 1.942649e+00
      vertex -1.500029e+00 -4.999714e-01 1.942649e+00
    endloop
  endfacet
  facet normal 0.000000e+00 0.000000e+00 0.000000e+00
    outer loop
      vertex -1.611091e+00 -3.889087e-01 2.052628e+00
      vertex -1.500029e+00 -4.999714e-01 1.942649e+00
      vertex -1.542692e+00 -3.055636e-01 2.052628e+00
    endloop
  endfacet
  facet normal 0.000000e+00 0.000000e+00 0.000000e+00
    outer loop
      vertex -1.542692e+00 -3.055636e-01 2.052628e+00
      vertex -1.500029e+00 -4.999714e-01 1.942649e+00
      vertex -1.412096e+00 -3.928250e-01 1.942649e+00
    endloop
  endfacet
  facet normal 0.000000e+00 0.000000e+00 0.000000e+00
    outer loop
      vertex -1.542692e+00 -3.055636e-01 2.052628e+00
      vertex -1.412096e+00 -3.928250e-01 1.942649e+00
      vertex -1.491866e+00 -2.104759e-01 2.052628e+00
    endloop
  endfacet
  facet normal 0.000000e+00 0.000000e+00 0.000000e+00
    outer loop
      vertex -1.491866e+00 -2.104759e-01 2.052628e+00
      vertex -1.412096e+00 -3.928250e-01 1.942649e+00
      vertex -1.346756e+00 -2.705826e-01 1.942649e+00
    endloop
  endfacet
  facet normal 0.000000e+00 0.000000e+00 0.000000e+00
    outer loop
      vertex -1.491866e+00 -2.104759e-01 2.052628e+00
      vertex -1.346756e+00 -2.705826e-01 1.942649e+00
      vertex -1.460568e+00 -1.072997e-01 2.052628e+00
    endloop
  endfacet
  facet normal 0.000000e+00 0.000000e+00 0.000000e+00
    outer loop
      vertex -1.460568e+00 -1.072997e-01 2.052628e+00
      vertex -1.346756e+00 -2.705826e-01 1.942649e+00
      vertex -1.306520e+00 -1.379418e-01 1.942649e+00
    endloop
  endfacet
  facet normal 0.000000e+00 0.000000e+00 0.000000e+00
    outer loop
      vertex -1.460568e+00 -1.072997e-01 2.052628e+00
      vertex -1.306520e+00 -1.379418e-01 1.942649e+00
      vertex -1.450000e+00 -1.347112e-16 2.052628e+00
    endloop
  endfacet
  facet normal 0.000000e+00 0.000000e+00 0.000000e+00
    outer loop
      vertex -1.450000e+00 -1.347112e-16 2.052628e+00
      vertex -1.306520e+00 -1.379418e-01 1.942649e+00
      vertex -1.292934e+00 -1.731813e-16 1.942649e+00
    endloop
  endfacet
  facet normal 0.000000e+00 0.000000e+00 0.000000e+00
    outer loop
      vertex -1.292934e+00 0.000000e+00 1.942649e+00
      vertex -1.157351e+00 0.000000e+00 1.807066e+00
      vertex -1.306520e+00 1.379418e-01 1.942649e+00
    endloop
  endfacet
  facet normal 0.000000e+00 0.000000e+00 0.000000e+00
    outer loop
      vertex -1.306520e+00 1.379418e-01 1.942649e+00
      vertex -1.157351e+00 0.000000e+00 1.807066e+00
      vertex -1.173542e+00 1.643927e-01 1.807066e+00
    endloop
  endfacet
  facet normal 0.000000e+00 0.000000e+00 0.000000e+00
    outer loop
      vertex -1.306520e+00 1.379418e-01 1.942649e+00
      vertex -1.173542e+00 1.643927e-01 1.807066e+00
      vertex -1.346756e+00 2.705826e-01 1.942649e+00
    endloop
  endfacet
  facet normal 0.000000e+00 0.000000e+00 0.000000e+00
    outer loop
      vertex -1.346756e+00 2.705826e-01 1.942649e+00
      vertex -1.173542e+00 1.643927e-01 1.807066e+00
      vertex -1.221494e+00 3.224678e-01 1.807066e+00
    endloop
  endfacet
  facet normal 0.000000e+00 0.000000e+00 0.000000e+00
    outer loop
      vertex -1.346756e+00 2.705826e-01 1.942649e+00
      vertex -1.221494e+00 3.224678e-01 1.807066e+00
      vertex -1.412096e+00 3.928250e-01 1.942649e+00
    endloop
  endfacet
  facet normal 0.000000e+00 0.000000e+00 0.000000e+00
    outer loop
      vertex -1.412096e+00 3.928250e-01 1.942649e+00
      vertex -1.221494e+00 3.224678e-01 1.807066e+00
      vertex -1.299363e+00 4.681506e-01 1.807066e+00
    endloop
  endfacet
  facet normal 0.000000e+00 0.000000e+00 0.000000e+00
    outer loop
      vertex -1.412096e+00 3.928250e-01 1.942649e+00
      vertex -1.299363e+00 4.681506e-01 1.807066e+00
      vertex -1.500029e+00 4.999714e-01 1.942649e+00
    endloop
  endfacet
  facet normal 0.000000e+00 0.000000e+00 0.000000e+00
    outer loop
      vertex -1.500029e+00 4.999714e-01 1.942649e+00
      vertex -1.299363e+00 4.681506e-01 1.807066e+00
      vertex -1.404157e+00 5.958427e-01 1.807066e+00
    endloop
  endfacet
  facet normal 0.000000e+00 0.000000e+00 0.000000e+00
    outer loop
      vertex -1.500029e+00 4.999714e-01 1.942649e+00
      vertex -1.404157e+00 5.958427e-01 1.807066e+00
      vertex -1.607175e+00 5.879042e-01 1.942649e+00
    endloop
  endfacet
  facet normal 0.000000e+00 0.000000e+00 0.000000e+00
    outer loop
      vertex -1.607175e+00 5.879042e-01 1.942649e+00
      vertex -1.404157e+00 5.958427e-01 1.807066e+00
      vertex -1.531849e+00 7.006369e-01 1.807066e+00
    endloop
  endfacet
  facet normal 0.000000e+00 0.000000e+00 0.000000e+00
    outer loop
      vertex -1.607175e+00 5.879042e-01 1.942649e+00
      vertex -1.531849e+00 7.006369e-01 1.807066e+00
      vertex -1.729417e+00 6.532441e-01 1.942649e+00
    endloop
  endfacet
  facet normal 0.000000e+00 0.000000e+00 0.000000e+00
    outer loop
      vertex -1.729417e+00 6.532441e-01 1.942649e+00
      vertex -1.531849e+00 7.006369e-01 1.807066e+00
      vertex -1.677532e+00 7.785060e-01 1.807066e+00
    endloop
  endfacet
  facet normal 0.000000e+00 0.000000e+00 0.000000e+00
    outer loop
      vertex -1.729417e+00 6.532441e-01 1.942649e+00
      vertex -1.677532e+00 7.785060e-01 1.807066e+00
      vertex -1.862058e+00 6.934803e-01 1.942649e+00
    endloop
  endfacet
  facet normal 0.000000e+00 0.000000e+00 0.000000e+00
    outer loop
      vertex -1.862058e+00 6.934803e-01 1.942649e+00
      vertex -1.677532e+00 7.785060e-01 1.807066e+00
      vertex -1.835607e+00 8.264576e-01 1.807066e+00
    endloop
  endfacet
  facet normal 0.000000e+00 0.000000e+00 0.000000e+00
    outer loop
      vertex -1.862058e+00 6.934803e-01 1.942649e+00
      vertex -1.835607e+00 8.264576e-01 1.807066e+00
      vertex -2.000000e+00 7.070664e-01 1.942649e+00
    endloop
  endfacet
  facet normal 0.000000e+00 0.000000e+00 0.000000e+00
    outer loop
      vertex -2.000000e+00 7.070664e-01 1.942649e+00
      vertex -1.835607e+00 8.264576e-01 1.807066e+00
      vertex -2.000000e+00 8.426489e-01 1.807066e+00
    endloop
  endfacet
  facet normal 0.000000e+00 0.000000e+00 0.000000e+00
    outer loop
      vertex -2.000000e+00 7.070664e-01 1.942649e+00
      vertex -2.000000e+00 8.426489e-01 1.807066e+00
      vertex -2.137942e+00 6.934803e-01 1.942649e+00
    endloop
  endfacet
  facet normal 0.000000e+00 0.000000e+00 0.000000e+00
    outer loop
      vertex -2.137942e+00 6.934803e-01 1.942649e+00
      vertex -2.000000e+00 8.426489e-01 1.807066e+00
      vertex -2.164393e+00 8.264576e-01 1.807066e+00
    endloop
  endfacet
  facet normal 0.000000e+00 0.000000e+00 0.000000e+00
    outer loop
      vertex -2.137942e+00 6.934803e-01 1.942649e+00
      vertex -2.164393e+00 8.264576e-01 1.807066e+00
      vertex -2.270583e+00 6.532441e-01 1.942649e+00
    endloop
  endfacet
  facet normal 0.000000e+00 0.000000e+00 0.000000e+00
    outer loop
      vertex -2.270583e+00 6.532441e-01 1.942649e+00
      vertex -2.164393e+00 8.264576e-01 1.807066e+00
      vertex -2.322468e+00 7.785060e-01 1.807066e+00
    endloop
  endfacet
  facet normal 0.000000e+00 0.000000e+00 0.000000e+00
    outer loop
      vertex -2.270583e+00 6.532441e-01 1.942649e+00
      vertex -2.322468e+00 7.785060e-01 1.807066e+00
      vertex -2.392825e+00 5.879042e-01 1.942649e+00
    endloop
  endfacet
  facet normal 0.000000e+00 0.000000e+00 0.000000e+00
    outer loop
      vertex -2.392825e+00 5.879042e-01 1.942649e+00
      vertex -2.322468e+00 7.785060e-01 1.807066e+00
      vertex -2.468151e+00 7.006369e-01 1.807066e+00
    endloop
  endfacet
  facet normal 0.000000e+00 0.000000e+00 0.000000e+00
    outer loop
      vertex -2.392825e+00 5.879042e-01 1.942649e+00
      vertex -2.468151e+00 7.006369e-01 1.807066e+00
      vertex -2.499971e+00 4.999714e-01 1.942649e+00
    endloop
  endfacet
  facet normal 0.000000e+00 0.000000e+00 0.000000e+00
    outer loop
      vertex -2.499971e+00 4.999714e-01 1.942649e+00
      vertex -2.468151e+00 7.006369e-01 1.807066e+00
      vertex -2.595843e+00 5.958427e-01 1.807066e+00
    endloop
  endfacet
  facet normal 0.000000e+00 0.000000e+00 0.000000e+00
    outer loop
      vertex -2.499971e+00 4.999714e-01 1.942649e+00
      vertex -2.595843e+00 5.958427e-01 1.807066e+00
      vertex -2.587904e+00 3.928250e-01 1.942649e+00
    endloop
  endfacet
  facet normal 0.000000e+00 0.000000e+00 0.000000e+00
    outer loop
      vertex -2.587904e+00 3.928250e-01 1.942649e+00
      vertex -2.595843e+00 5.958427e-01 1.807066e+00
      vertex -2.700637e+00 4.681506e-01 1.807066e+00
    endloop
  endfacet
  facet normal 0.000000e+00 0.000000e+00 0.000000e+00
    outer loop
      vertex -2.587904e+00 3.928250e-01 1.942649e+00
      vertex -2.700637e+00 4.681506e-01 1.807066e+00
      vertex -2.653244e+00 2.705826e-01 1.942649e+00
    endloop
  endfacet
  facet normal 0.000000e+00 0.000000e+00 0.000000e+00
    outer loop
      vertex -2.653244e+00 2.705826e-01 1.942649e+00
      vertex -2.700637e+00 4.681506e-01 1.807066e+00
      vertex -2.778506e+00 3.224678e-01 1.807066e+00
    endloop
  endfacet
  facet normal 0.000000e+00 0.000000e+00 0.000000e+00
    outer loop
      vertex -2.653244e+00 2.705826e-01 1.942649e+00
      vertex -2.778506e+00 3.224678e-01 1.807066e+00
      vertex -2.693480e+00 1.379418e-01 1.942649e+00
    endloop
  endfacet
  facet normal 0.000000e+00 0.000000e+00 0.000000e+00
    outer loop
      vertex -2.693480e+00 1.379418e-01 1.942649e+00
      vertex -2.778506e+00 3.224678e-01 1.807066e+00
      vertex -2.826458e+00 1.643927e-01 1.807066e+00
    endloop
  endfacet
  facet normal 0.000000e+00 0.000000e+00 0.000000e+00
    outer loop
      vertex -2.693480e+00 1.379418e-01 1.942649e+00
      vertex -2.826458e+00 1.643927e-01 1.807066e+00
      vertex -2.707066e+00 8.659066e-17 1.942649e+00
    endloop
  endfacet
  facet normal 0.000000e+00 0.000000e+00 0.000000e+00
    outer loop
      vertex -2.707066e+00 8.659066e-17 1.942649e+00
      vertex -2.826458e+00 1.643927e-01 1.807066e+00
      vertex -2.842649e+00 1.031947e-16 1.807066e+00
    endloop
  endfacet
  facet normal 0.000000e+00 0.000000e+00 0.000000e+00
    outer loop
      vertex -2.707066e+00 8.659066e-17 1.942649e+00
      vertex -2.842649e+00 1.031947e-16 1.807066e+00
      vertex -2.693480e+00 -1.379418e-01 1.942649e+00
    endloop
  endfacet
  facet normal 0.000000e+00 0.000000e+00 0.000000e+00
    outer loop
      vertex -2.693480e+00 -1.379418e-01 1.942649e+00
      vertex -2.842649e+00 1.031947e-16 1.807066e+00
      vertex -2.826458e+00 -1.643927e-01 1.807066e+00
    endloop
  endfacet
  facet normal 0.000000e+00 0.000000e+00 0.000000e+00
    outer loop
      vertex -2.693480e+00 -1.379418e-01 1.942649e+00
      vertex -2.826458e+00 -1.643927e-01 1.807066e+00
      vertex -2.653244e+00 -2.705826e-01 1.942649e+00
    endloop
  endfacet
  facet normal 0.000000e+00 0.000000e+00 0.000000e+00
    outer loop
      vertex -2.653244e+00 -2.705826e-01 1.942649e+00
      vertex -2.826458e+00 -1.643927e-01 1.807066e+00
      vertex -2.778506e+00 -3.224678e-01 1.807066e+00
    endloop
  endfacet
  facet normal 0.000000e+00 0.000000e+00 0.000000e+00
    outer loop
      vertex -2.653244e+00 -2.705826e-01 1.942649e+00
      vertex -2.778506e+00 -3.224678e-01 1.807066e+00
      vertex -2.587904e+00 -3.928250e-01 1.942649e+00
    endloop
  endfacet
  facet normal 0.000000e+00 0.000000e+00 0.000000e+00
    outer loop
      vertex -2.587904e+00 -3.928250e-01 1.942649e+00
      vertex -2.778506e+00 -3.224678e-01 1.807066e+00
      vertex -2.700637e+00 -4.681506e-01 1.807066e+00
    endloop
  endfacet
  facet normal 0.000000e+00 0.000000e+00 0.000000e+00
    outer loop
      vertex -2.587904e+00 -3.928250e-01 1.942649e+00
      vertex -2.700637e+00 -4.681506e-01 1.807066e+00
      vertex -2.499971e+00 -4.999714e-01 1.942649e+00
    endloop
  endfacet
  facet normal 0.000000e+00 0.000000e+00 0.000000e+00
    outer loop
      vertex -2.499971e+00 -4.999714e-01 1.942649e+00
      vertex -2.700637e+00 -4.681506e-01 1.807066e+00
      vertex -2.595843e+00 -5.958427e-01 1.807066e+00
    endloop
  endfacet
  facet normal 0.000000e+00 0.000000e+00 0.000000e+00
    outer loop
      vertex -2.499971e+00 -4.999714e-01 1.942649e+00
      vertex -2.595843e+00 -5.958427e-01 1.807066e+00
      vertex -2.392825e+00 -5.879042e-01 1.942649e+00
    endloop
  endfacet
  facet normal 0.000000e+00 0.000000e+00 0.000000e+00
    outer loop
      vertex -2.392825e+00 -5.879042e-01 1.942649e+00
      vertex -2.595843e+00 -5.958427e-01 1.807066e+00
      vertex -2.468151e+00 -7.006369e-01 1.807066e+00
    endloop
  endfacet
  facet normal 0.000000e+00 0.000000e+00 0.000000e+00
    outer loop
      vertex -2.392825e+00 -5.879042e-01 1.942649e+00
      vertex -2.468151e+00 -7.006369e-01 1.807066e+00
      vertex -2.270583e+00 -6.532441e-01 1.942649e+00
    endloop
  endfacet
  facet normal 0.000000e+00 0.000000e+00 0.000000e+00
    outer loop
      vertex -2.270583e+00 -6.532441e-01 1.942649e+00
      vertex -2.468151e+00 -7.006369e-01 1.807066e+00
      vertex -2.322468e+00 -7.785060e-01 1.807066e+00
    endloop
  endfacet
  facet normal 0.000000e+00 0.000000e+00 0.000000e+00
    outer loop
      vertex -2.270583e+00 -6.532441e-01 1.942649e+00
      vertex -2.322468e+00 -7.785060e-01 1.807066e+00
      vertex -2.137942e+00 -6.934803e-01 1.942649e+00
    endloop
  endfacet
  facet normal 0.000000e+00 0.000000e+00 0.000000e+00
    outer loop
      vertex -2.137942e+00 -6.934803e-01 1.942649e+00
      vertex -2.322468e+00 -7.785060e-01 1.807066e+00
      vertex -2.164393e+00 -8.264576e-01 1.807066e+00
    endloop
  endfacet
  facet normal 0.000000e+00 0.000000e+00 0.000000e+00
    outer loop
      vertex -2.137942e+00 -6.934803e-01 1.942649e+00
      vertex -2.164393e+00 -8.264576e-01 1.807066e+00
      vertex -2.000000e+00 -7.070664e-01 1.942649e+00
    endloop
  endfacet
  facet normal 0.000000e+00 0.000000e+00 0.000000e+00
    outer loop
      vertex -2.000000e+00 -7.070664e-01 1.942649e+00
      vertex -2.164393e+00 -8.264576e-01 1.807066e+00
      vertex -2.000000e+00 -8.426489e-01 1.807066e+00
    endloop
  endfacet
  facet normal 0.000000e+00 0.000000e+00 0.000000e+00
    outer loop
      vertex -2.000000e+00 -7.070664e-01 1.942649e+00
      vertex -2.000000e+00 -8.426489e-01 1.807066e+00
      vertex -1.862058e+00 -6.934803e-01 1.942649e+00
    endloop
  endfacet
  facet normal 0.000000e+00 0.000000e+00 0.000000e+00
    outer loop
      vertex -1.862058e+00 -6.934803e-01 1.942649e+00
      vertex -2.000000e+00 -8.426489e-01 1.807066e+00
      vertex -1.835607e+00 -8.264576e-01 1.807066e+00
    endloop
  endfacet
  facet normal 0.000000e+00 0.000000e+00 0.000000e+00
    outer loop
      vertex -1.862058e+00 -6.934803e-01 1.942649e+00
      vertex -1.835607e+00 -8.264576e-01 1.807066e+00
      vertex -1.729417e+00 -6.532441e-01 1.942649e+00
    endloop
  endfacet
  facet normal 0.000000e+00 0.000000e+00 0.000000e+00
    outer loop
      vertex -1.729417e+00 -6.532441e-01 1.942649e+00
      vertex -1.835607e+00 -8.264576e-01 1.807066e+00
      vertex -1.677532e+00 -7.785060e-01 1.807066e+00
    endloop
  endfacet
  facet normal 0.000000e+00 0.000000e+00 0.000000e+00
    outer loop
      vertex -1.729417e+00 -6.532441e-01 1.942649e+00
      vertex -1.677532e+00 -7.785060e-01 1.807066e+00
      vertex -1.607175e+00 -5.879042e-01 1.942649e+00
    endloop
  endfacet
  facet normal 0.000000e+00 0.000000e+00 0.000000e+00
    outer loop
      vertex -1.607175e+00 -5.879042e-01 1.942649e+00
      vertex -1.677532e+00 -7.785060e-01 1.807066e+00
      vertex -1.531849e+00 -7.006369e-01 1.807066e+00
    endloop
  endfacet
  facet normal 0.000000e+00 0.000000e+00 0.000000e+00
    outer loop
      vertex -1.607175e+00 -5.879042e-01 1.942649e+00
      vertex -1.531849e+00 -7.006369e-01 1.807066e+00
      vertex -1.500029e+00 -4.999714e-01 1.942649e+00
    endloop
  endfacet
  facet normal 0.000000e+00 0.000000e+00 0.000000e+00
    outer loop
      vertex -1.500029e+00 -4.999714e-01 1.942649e+00
      vertex -1.531849e+00 -7.006369e-01 1.807066e+00
      vertex -1.404157e+00 -5.958427e-01 1.807066e+00
    endloop
  endfacet
  facet normal 0.000000e+00 0.000000e+00 0.000000e+00
    outer loop
      vertex -1.500029e+00 -4.999714e-01 1.942649e+00
      vertex -1.404157e+00 -5.958427e-01 1.807066e+00
      vertex -1.412096e+00 -3.928250e-01 1.942649e+00
    endloop
  endfacet
  facet normal 0.000000e+00 0.000000e+00 0.000000e+00
    outer loop
      vertex -1.412096e+00 -3.928250e-01 1.942649e+00
      vertex -1.404157e+00 -5.958427e-01 1.807066e+00
      vertex -1.299363e+00 -4.681506e-01 1.807066e+00
    endloop
  endfacet
  facet normal 0.000000e+00 0.000000e+00 0.000000e+00
    outer loop
      vertex -1.412096e+00 -3.928250e-01 1.942649e+00
      vertex -1.299363e+00 -4.681506e-01 1.807066e+00
      vertex -1.346756e+00 -2.705826e-01 1.942649e+00
    endloop
  endfacet
  facet normal 0.000000e+00 0.000000e+00 0.000000e+00
    outer loop
      vertex -1.346756e+00 -2.705826e-01 1.942649e+00
      vertex -1.299363e+00 -4.681506e-01 1.807066e+00
      vertex -1.221494e+00 -3.224678e-01 1.807066e+00
    endloop
  endfacet
  facet normal 0.000000e+00 0.000000e+00 0.000000e+00
    outer loop
      vertex -1.346756e+00 -2.705826e-01 1.942649e+00
      vertex -1.221494e+00 -3.224678e-01 1.807066e+00
      vertex -1.306520e+00 -1.379418e-01 1.942649e+00
    endloop
  endfacet
  facet normal 0.000000e+00 0.000000e+00 0.000000e+00
    outer loop
      vertex -1.306520e+00 -1.379418e-01 1.942649e+00
      vertex -1.221494e+00 -3.224678e-01 1.807066e+00
      vertex -1.173542e+00 -1.643927e-01 1.807066e+00
    endloop
  endfacet
  facet normal 0.000000e+00 0.000000e+00 0.000000e+00
    outer loop
      vertex -1.306520e+00 -1.379418e-01 1.942649e+00
      vertex -1.173542e+00 -1.643927e-01 1.807066e+00
      vertex -1.292934e+00 -1.731813e-16 1.942649e+00
    endloop
  endfacet
  facet normal 0.000000e+00 0.000000e+00 0.000000e+00
    outer loop
      vertex -1.292934e+00 -1.731813e-16 1.942649e+00
      vertex -1.173542e+00 -1.643927e-01 1.807066e+00
      vertex -1.157351e+00 -2.063895e-16 1.807066e+00
    endloop
  endfacet
  facet normal 0.000000e+00 0.000000e+00 0.000000e+00
    outer loop
      vertex -1.157351e+00 0.000000e+00 1.807066e+00
      vertex -1.047372e+00 0.000000e+00 1.650000e+00
      vertex -1.173542e+00 1.643927e-01 1.807066e+00
    endloop
  endfacet
  facet normal 0.000000e+00 0.000000e+00 0.000000e+00
    outer loop
      vertex -1.173542e+00 1.643927e-01 1.807066e+00
      vertex -1.047372e+00 0.000000e+00 1.650000e+00
      vertex -1.065677e+00 1.858485e-01 1.650000e+00
    endloop
  endfacet
  facet normal 0.000000e+00 0.000000e+00 0.000000e+00
    outer loop
      vertex -1.173542e+00 1.643927e-01 1.807066e+00
      vertex -1.065677e+00 1.858485e-01 1.650000e+00
      vertex -1.221494e+00 3.224678e-01 1.807066e+00
    endloop
  endfacet
  facet normal 0.000000e+00 0.000000e+00 0.000000e+00
    outer loop
      vertex -1.221494e+00 3.224678e-01 1.807066e+00
      vertex -1.065677e+00 1.858485e-01 1.650000e+00
      vertex -1.119887e+00 3.645549e-01 1.650000e+00
    endloop
  endfacet
  facet normal 0.000000e+00 0.000000e+00 0.000000e+00
    outer loop
      vertex -1.221494e+00 3.224678e-01 1.807066e+00
      vertex -1.119887e+00 3.645549e-01 1.650000e+00
      vertex -1.299363e+00 4.681506e-01 1.807066e+00
    endloop
  endfacet
  facet normal 0.000000e+00 0.000000e+00 0.000000e+00
    outer loop
      vertex -1.299363e+00 4.681506e-01 1.807066e+00
      vertex -1.119887e+00 3.645549e-01 1.650000e+00
      vertex -1.207919e+00 5.292518e-01 1.650000e+00
    endloop
  endfacet
  facet normal 0.000000e+00 0.000000e+00 0.000000e+00
    outer loop
      vertex -1.299363e+00 4.681506e-01 1.807066e+00
      vertex -1.207919e+00 5.292518e-01 1.650000e+00
      vertex -1.404157e+00 5.958427e-01 1.807066e+00
    endloop
  endfacet
  facet normal 0.000000e+00 0.000000e+00 0.000000e+00
    outer loop
      vertex -1.404157e+00 5.958427e-01 1.807066e+00
      vertex -1.207919e+00 5.292518e-01 1.650000e+00
      vertex -1.326390e+00 6.736097e-01 1.650000e+00
    endloop
  endfacet
  facet normal 0.000000e+00 0.000000e+00 0.000000e+00
    outer loop
      vertex -1.404157e+00 5.958427e-01 1.807066e+00
      vertex -1.326390e+00 6.736097e-01 1.650000e+00
      vertex -1.531849e+00 7.006369e-01 1.807066e+00
    endloop
  endfacet
  facet normal 0.000000e+00 0.000000e+00 0.000000e+00
    outer loop
      vertex -1.531849e+00 7.006369e-01 1.807066e+00
      vertex -1.326390e+00 6.736097e-01 1.650000e+00
      vertex -1.470748e+00 7.920812e-01 1.650000e+00
    endloop
  endfacet
  facet normal 0.000000e+00 0.000000e+00 0.000000e+00
    outer loop
      vertex -1.531849e+00 7.006369e-01 1.807066e+00
      vertex -1.470748e+00 7.920812e-01 1.650000e+00
      vertex -1.677532e+00 7.785060e-01 1.807066e+00
    endloop
  endfacet
  facet normal 0.000000e+00 0.000000e+00 0.000000e+00
    outer loop
      vertex -1.677532e+00 7.785060e-01 1.807066e+00
      vertex -1.470748e+00 7.920812e-01 1.650000e+00
      vertex -1.635445e+00 8.801135e-01 1.650000e+00
    endloop
  endfacet
  facet normal 0.000000e+00 0.000000e+00 0.000000e+00
    outer loop
      vertex -1.677532e+00 7.785060e-01 1.807066e+00
      vertex -1.635445e+00 8.801135e-01 1.650000e+00
      vertex -1.835607e+00 8.264576e-01 1.807066e+00
    endloop
  endfacet
  facet normal 0.000000e+00 0.000000e+00 0.000000e+00
    outer loop
      vertex -1.835607e+00 8.264576e-01 1.807066e+00
      vertex -1.635445e+00 8.801135e-01 1.650000e+00
      vertex -1.814152e+00 9.343235e-01 1.650000e+00
    endloop
  endfacet
  facet normal 0.000000e+00 0.000000e+00 0.000000e+00
    outer loop
      vertex -1.835607e+00 8.264576e-01 1.807066e+00
      vertex -1.814152e+00 9.343235e-01 1.650000e+00
      vertex -2.000000e+00 8.426489e-01 1.807066e+00
    endloop
  endfacet
  facet normal 0.000000e+00 0.000000e+00 0.000000e+00
    outer loop
      vertex -2.000000e+00 8.426489e-01 1.807066e+00
      vertex -1.814152e+00 9.343235e-01 1.650000e+00
      vertex -2.000000e+00 9.526280e-01 1.650000e+00
    endloop
  endfacet
  facet normal 0.000000e+00 0.000000e+00 0.000000e+00
    outer loop
      vertex -2.000000e+00 8.426489e-01 1.807066e+00
      vertex -2.000000e+00 9.526280e-01 1.650000e+00
      vertex -2.164393e+00 8.264576e-01 1.807066e+00
    endloop
  endfacet
  facet normal 0.000000e+00 0.000000e+00 0.000000e+00
    outer loop
      vertex -2.164393e+00 8.264576e-01 1.807066e+00
      vertex -2.000000e+00 9.526280e-01 1.650000e+00
      vertex -2.185848e+00 9.343235e-01 1.650000e+00
    endloop
  endfacet
  facet normal 0.000000e+00 0.000000e+00 0.000000e+00
    outer loop
      vertex -2.164393e+00 8.264576e-01 1.807066e+00
      vertex -2.185848e+00 9.343235e-01 1.650000e+00
      vertex -2.322468e+00 7.785060e-01 1.807066e+00
    endloop
  endfacet
  facet normal 0.000000e+00 0.000000e+00 0.000000e+00
    outer loop
      vertex -2.322468e+00 7.785060e-01 1.807066e+00
      vertex -2.185848e+00 9.343235e-01 1.650000e+00
      vertex -2.364555e+00 8.801135e-01 1.650000e+00
    endloop
  endfacet
  facet normal 0.000000e+00 0.000000e+00 0.000000e+00
    outer loop
      vertex -2.322468e+00 7.785060e-01 1.807066e+00
      vertex -2.364555e+00 8.801135e-01 1.650000e+00
      vertex -2.468151e+00 7.006369e-01 1.807066e+00
    endloop
  endfacet
  facet normal 0.000000e+00 0.000000e+00 0.000000e+00
    outer loop
      vertex -2.468151e+00 7.006369e-01 1.807066e+00
      vertex -2.364555e+00 8.801135e-01 1.650000e+00
      vertex -2.529252e+00 7.920812e-01 1.650000e+00
    endloop
  endfacet
  facet normal 0.000000e+00 0.000000e+00 0.000000e+00
    outer loop
      vertex -2.468151e+00 7.006369e-01 1.807066e+00
      vertex -2.529252e+00 7.920812e-01 1.650000e+00
      vertex -2.595843e+00 5.958427e-01 1.807066e+00
    endloop
  endfacet
  facet normal 0.000000e+00 0.000000e+00 0.000000e+00
    outer loop
      vertex -2.595843e+00 5.958427e-01 1.807066e+00
      vertex -2.529252e+00 7.920812e-01 1.650000e+00
      vertex -2.673610e+00 6.736097e-01 1.650000e+00
    endloop
  endfacet
  facet normal 0.000000e+00 0.000000e+00 0.000000e+00
    outer loop
      vertex -2.595843e+00 5.958427e-01 1.807066e+00
      vertex -2.673610e+00 6.736097e-01 1.650000e+00
      vertex -2.700637e+00 4.681506e-01 1.807066e+00
    endloop
  endfacet
  facet normal 0.000000e+00 0.000000e+00 0.000000e+00
    outer loop
      vertex -2.700637e+00 4.681506e-01 1.807066e+00
      vertex -2.673610e+00 6.736097e-01 1.650000e+00
      vertex -2.792081e+00 5.292518e-01 1.650000e+00
    endloop
  endfacet
  facet normal 0.000000e+00 0.000000e+00 0.000000e+00
    outer loop
      vertex -2.700637e+00 4.681506e-01 1.807066e+00
      vertex -2.792081e+00 5.292518e-01 1.650000e+00
      vertex -2.778506e+00 3.224678e-01 1.807066e+00
    endloop
  endfacet
  facet normal 0.000000e+00 0.000000e+00 0.000000e+00
    outer loop
      vertex -2.778506e+00 3.224678e-01 1.807066e+00
      vertex -2.792081e+00 5.292518e-01 1.650000e+00
      vertex -2.880113e+00 3.645549e-01 1.650000e+00
    endloop
  endfacet
  facet normal 0.000000e+00 0.000000e+00 0.000000e+00
    outer loop
      vertex -2.778506e+00 3.224678e-01 1.807066e+00
      vertex -2.880113e+00 3.645549e-01 1.650000e+00
      vertex -2.826458e+00 1.643927e-01 1.807066e+00
    endloop
  endfacet
  facet normal 0.000000e+00 0.000000e+00 0.000000e+00
    outer loop
      vertex -2.826458e+00 1.643927e-01 1.807066e+00
      vertex -2.880113e+00 3.645549e-01 1.650000e+00
      vertex -2.934324e+00 1.858485e-01 1.650000e+00
    endloop
  endfacet
  facet normal 0.000000e+00 0.000000e+00 0.000000e+00
    outer loop
      vertex -2.826458e+00 1.643927e-01 1.807066e+00
      vertex -2.934324e+00 1.858485e-01 1.650000e+00
      vertex -2.842649e+00 1.031947e-16 1.807066e+00
    endloop
  endfacet
  facet normal 0.000000e+00 0.000000e+00 0.000000e+00
    outer loop
      vertex -2.842649e+00 1.031947e-16 1.807066e+00
      vertex -2.934324e+00 1.858485e-01 1.650000e+00
      vertex -2.952628e+00 1.166633e-16 1.650000e+00
    endloop
  endfacet
  facet normal 0.000000e+00 0.000000e+00 0.000000e+00
    outer loop
      vertex -2.842649e+00 1.031947e-16 1.807066e+00
      vertex -2.952628e+00 1.166633e-16 1.650000e+00
      vertex -2.826458e+00 -1.643927e-01 1.807066e+00
    endloop
  endfacet
  facet normal 0.000000e+00 0.000000e+00 0.000000e+00
    outer loop
      vertex -2.826458e+00 -1.643927e-01 1.807066e+00
      vertex -2.952628e+00 1.166633e-16 1.650000e+00
      vertex -2.934324e+00 -1.858485e-01 1.650000e+00
    endloop
  endfacet
  facet normal 0.000000e+00 0.000000e+00 0.000000e+00
    outer loop
      vertex -2.826458e+00 -1.643927e-01 1.807066e+00
      vertex -2.934324e+00 -1.858485e-01 1.650000e+00
      vertex -2.778506e+00 -3.224678e-01 1.807066e+00
    endloop
  endfacet
  facet normal 0.000000e+00 0.000000e+00 0.000000e+00
    outer loop
      vertex -2.778506e+00 -3.224678e-01 1.807066e+00
      vertex -2.934324e+00 -1.858485e-01 1.650000e+00
      vertex -2.880113e+00 -3.645549e-01 1.650000e+00
    endloop
  endfacet
  facet normal 0.000000e+00 0.000000e+00 0.000000e+00
    outer loop
      vertex -2.778506e+00 -3.224678e-01 1.807066e+00
      vertex -2.880113e+00 -3.645549e-01 1.650000e+00
      vertex -2.700637e+00 -4.681506e-01 1.807066e+00
    endloop
  endfacet
  facet normal 0.000000e+00 0.000000e+00 0.000000e+00
    outer loop
      vertex -2.700637e+00 -4.681506e-01 1.807066e+00
      vertex -2.880113e+00 -3.645549e-01 1.650000e+00
      vertex -2.792081e+00 -5.292518e-01 1.650000e+00
    endloop
  endfacet
  facet normal 0.000000e+00 0.000000e+00 0.000000e+00
    outer loop
      vertex -2.700637e+00 -4.681506e-01 1.807066e+00
      vertex -2.792081e+00 -5.292518e-01 1.650000e+00
      vertex -2.595843e+00 -5.958427e-01 1.807066e+00
    endloop
  endfacet
  facet normal 0.000000e+00 0.000000e+00 0.000000e+00
    outer loop
      vertex -2.595843e+00 -5.958427e-01 1.807066e+00
      vertex -2.792081e+00 -5.292518e-01 1.650000e+00
      vertex -2.673610e+00 -6.736097e-01 1.650000e+00
    endloop
  endfacet
  facet normal 0.000000e+00 0.000000e+00 0.000000e+00
    outer loop
      vertex -2.595843e+00 -5.958427e-01 1.807066e+00
      vertex -2.673610e+00 -6.736097e-01 1.650000e+00
      vertex -2.468151e+00 -7.006369e-01 1.807066e+00
    endloop
  endfacet
  facet normal 0.000000e+00 0.000000e+00 0.000000e+00
    outer loop
      vertex -2.468151e+00 -7.006369e-01 1.807066e+00
      vertex -2.673610e+00 -6.736097e-01 1.650000e+00
      vertex -2.529252e+00 -7.920812e-01 1.650000e+00
    endloop
  endfacet
  facet normal 0.000000e+00 0.000000e+00 0.000000e+00
    outer loop
      vertex -2.468151e+00 -7.006369e-01 1.807066e+00
      vertex -2.529252e+00 -7.920812e-01 1.650000e+00
      vertex -2.322468e+00 -7.785060e-01 1.807066e+00
    endloop
  endfacet
  facet normal 0.000000e+00 0.000000e+00 0.000000e+00
    outer loop
      vertex -2.322468e+00 -7.785060e-01 1.807066e+00
      vertex -2.529252e+00 -7.920812e-01 1.650000e+00
      vertex -2.364555e+00 -8.801135e-01 1.650000e+00
    endloop
  endfacet
  facet normal 0.000000e+00 0.000000e+00 0.000000e+00
    outer loop
      vertex -2.322468e+00 -7.785060e-01 1.807066e+00
      vertex -2.364555e+00 -8.801135e-01 1.650000e+00
      vertex -2.164393e+00 -8.264576e-01 1.807066e+00
    endloop
  endfacet
  facet normal 0.000000e+00 0.000000e+00 0.000000e+00
    outer loop
      vertex -2.164393e+00 -8.264576e-01 1.807066e+00
      vertex -2.364555e+00 -8.801135e-01 1.650000e+00
      vertex -2.185848e+00 -9.343235e-01 1.650000e+00
    endloop
  endfacet
  facet normal 0.000000e+00 0.000000e+00 0.000000e+00
    outer loop
      vertex -2.164393e+00 -8.264576e-01 1.807066e+00
      vertex -2.185848e+00 -9.343235e-01 1.650000e+00
      vertex -2.000000e+00 -8.426489e-01 1.807066e+00
    endloop
  endfacet
  facet normal 0.000000e+00 0.000000e+00 0.000000e+00
    outer loop
      vertex -2.000000e+00 -8.426489e-01 1.807066e+00
      vertex -2.185848e+00 -9.343235e-01 1.650000e+00
      vertex -2.000000e+00 -9.526280e-01 1.650000e+00
    endloop
  endfacet
  facet normal 0.000000e+00 0.000000e+00 0.000000e+00
    outer loop
      vertex -2.000000e+00 -8.426489e-01 1.807066e+00
      vertex -2.000000e+00 -9.526280e-01 1.650000e+00
      vertex -1.835607e+00 -8.264576e-01 1.807066e+00
    endloop
  endfacet
  facet normal 0.000000e+00 0.000000e+00 0.000000e+00
    outer loop
      vertex -1.835607e+00 -8.264576e-01 1.807066e+00
      vertex -2.000000e+00 -9.526280e-01 1.650000e+00
      vertex -1.814152e+00 -9.343235e-01 1.650000e+00
    endloop
  endfacet
  facet normal 0.000000e+00 0.000000e+00 0.000000e+00
    outer loop
      vertex -1.835607e+00 -8.264576e-01 1.807066e+00
      vertex -1.814152e+00 -9.343235e-01 1.650000e+00
      vertex -1.677532e+00 -7.785060e-01 1.807066e+00
    endloop
  endfacet
  facet normal 0.000000e+00 0.000000e+00 0.000000e+00
    outer loop
      vertex -1.677532e+00 -7.785060e-01 1.807066e+00
      vertex -1.814152e+00 -9.343235e-01 1.650000e+00
      vertex -1.635445e+00 -8.801135e-01 1.650000e+00
    endloop
  endfacet
  facet normal 0.000000e+00 0.000000e+00 0.000000e+00
    outer loop
      vertex -1.677532e+00 -7.785060e-01 1.807066e+00
      vertex -1.635445e+00 -8.801135e-01 1.650000e+00
      vertex -1.531849e+00 -7.006369e-01 1.807066e+00
    endloop
  endfacet
  facet normal 0.000000e+00 0.000000e+00 0.000000e+00
    outer loop
      vertex -1.531849e+00 -7.006369e-01 1.807066e+00
      vertex -1.635445e+00 -8.801135e-01 1.650000e+00
      vertex -1.470748e+00 -7.920812e-01 1.650000e+00
    endloop
  endfacet
  facet normal 0.000000e+00 0.000000e+00 0.000000e+00
    outer loop
      vertex -1.531849e+00 -7.006369e-01 1.807066e+00
      vertex -1.470748e+00 -7.920812e-01 1.650000e+00
      vertex -1.404157e+00 -5.958427e-01 1.807066e+00
    endloop
  endfacet
  facet normal 0.000000e+00 0.000000e+00 0.000000e+00
    outer loop
      vertex -1.404157e+00 -5.958427e-01 1.807066e+00
      vertex -1.470748e+00 -7.920812e-01 1.650000e+00
      vertex -1.326390e+00 -6.736097e-01 1.650000e+00
    endloop
  endfacet
  facet normal 0.000000e+00 0.000000e+00 0.000000e+00
    outer loop
      vertex -1.404157e+00 -5.958427e-01 1.807066e+00
      vertex -1.326390e+00 -6.736097e-01 1.650000e+00
      vertex -1.299363e+00 -4.681506e-01 1.807066e+00
    endloop
  endfacet
  facet normal 0.000000e+00 0.000000e+00 0.000000e+00
    outer loop
      vertex -1.299363e+00 -4.681506e-01 1.807066e+00
      vertex -1.326390e+00 -6.736097e-01 1.650000e+00
      vertex -1.207919e+00 -5.292518e-01 1.650000e+00
    endloop
  endfacet
  facet normal 0.000000e+00 0.000000e+00 0.000000e+00
    outer loop
      vertex -1.299363e+00 -4.681506e-01 1.807066e+00
      vertex -1.207919e+00 -5.292518e-01 1.650000e+00
      vertex -1.221494e+00 -3.224678e-01 1.807066e+00
    endloop
  endfacet
  facet normal 0.000000e+00 0.000000e+00 0.000000e+00
    outer loop
      vertex -1.221494e+00 -3.224678e-01 1.807066e+00
      vertex -1.207919e+00 -5.292518e-01 1.650000e+00
      vertex -1.119887e+00 -3.645549e-01 1.650000e+00
    endloop
  endfacet
  facet normal 0.000000e+00 0.000000e+00 0.000000e+00
    outer loop
      vertex -1.221494e+00 -3.224678e-01 1.807066e+00
      vertex -1.119887e+00 -3.645549e-01 1.650000e+00
      vertex -1.173542e+00 -1.643927e-01 1.807066e+00
    endloop
  endfacet
  facet normal 0.000000e+00 0.000000e+00 0.000000e+00
    outer loop
      vertex -1.173542e+00 -1.643927e-01 1.807066e+00
      vertex -1.119887e+00 -3.645549e-01 1.650000e+00
      vertex -1.065677e+00 -1.858485e-01 1.650000e+00
    endloop
  endfacet
  facet normal 0.000000e+00 0.000000e+00 0.000000e+00
    outer loop
      vertex -1.173542e+00 -1.643927e-01 1.807066e+00
      vertex -1.065677e+00 -1.858485e-01 1.650000e+00
      vertex -1.157351e+00 -2.063895e-16 1.807066e+00
    endloop
  endfacet
  facet normal 0.000000e+00 0.000000e+00 0.000000e+00
    outer loop
      vertex -1.157351e+00 -2.063895e-16 1.807066e+00
      vertex -1.065677e+00 -1.858485e-01 1.650000e+00
      vertex -1.047372e+00 -2.333266e-16 1.650000e+00
    endloop
  endfacet
  facet normal 0.000000e+00 0.000000e+00 0.000000e+00
    outer loop
      vertex -1.047372e+00 0.000000e+00 1.650000e+00
      vertex -9.663381e-01 0.000000e+00 1.476222e+00
      vertex -1.065677e+00 1.858485e-01 1.650000e+00
    endloop
  endfacet
  facet normal 0.000000e+00 0.000000e+00 0.000000e+00
    outer loop
      vertex -1.065677e+00 1.858485e-01 1.650000e+00
      vertex -9.663381e-01 0.000000e+00 1.476222e+00
      vertex -9.861996e-01 2.016574e-01 1.476222e+00
    endloop
  endfacet
  facet normal 0.000000e+00 0.000000e+00 0.000000e+00
    outer loop
      vertex -1.065677e+00 1.858485e-01 1.650000e+00
      vertex -9.861996e-01 2.016574e-01 1.476222e+00
      vertex -1.119887e+00 3.645549e-01 1.650000e+00
    endloop
  endfacet
  facet normal 0.000000e+00 0.000000e+00 0.000000e+00
    outer loop
      vertex -1.119887e+00 3.645549e-01 1.650000e+00
      vertex -9.861996e-01 2.016574e-01 1.476222e+00
      vertex -1.045021e+00 3.955653e-01 1.476222e+00
    endloop
  endfacet
  facet normal 0.000000e+00 0.000000e+00 0.000000e+00
    outer loop
      vertex -1.119887e+00 3.645549e-01 1.650000e+00
      vertex -1.045021e+00 3.955653e-01 1.476222e+00
      vertex -1.207919e+00 5.292518e-01 1.650000e+00
    endloop
  endfacet
  facet normal 0.000000e+00 0.000000e+00 0.000000e+00
    outer loop
      vertex -1.207919e+00 5.292518e-01 1.650000e+00
      vertex -1.045021e+00 3.955653e-01 1.476222e+00
      vertex -1.140542e+00 5.742718e-01 1.476222e+00
    endloop
  endfacet
  facet normal 0.000000e+00 0.000000e+00 0.000000e+00
    outer loop
      vertex -1.207919e+00 5.292518e-01 1.650000e+00
      vertex -1.140542e+00 5.742718e-01 1.476222e+00
      vertex -1.326390e+00 6.736097e-01 1.650000e+00
    endloop
  endfacet
  facet normal 0.000000e+00 0.000000e+00 0.000000e+00
    outer loop
      vertex -1.326390e+00 6.736097e-01 1.650000e+00
      vertex -1.140542e+00 5.742718e-01 1.476222e+00
      vertex -1.269091e+00 7.309093e-01 1.476222e+00
    endloop
  endfacet
  facet normal 0.000000e+00 0.000000e+00 0.000000e+00
    outer loop
      vertex -1.326390e+00 6.736097e-01 1.650000e+00
      vertex -1.269091e+00 7.309093e-01 1.476222e+00
      vertex -1.470748e+00 7.920812e-01 1.650000e+00
    endloop
  endfacet
  facet normal 0.000000e+00 0.000000e+00 0.000000e+00
    outer loop
      vertex -1.470748e+00 7.920812e-01 1.650000e+00
      vertex -1.269091e+00 7.309093e-01 1.476222e+00
      vertex -1.425728e+00 8.594584e-01 1.476222e+00
    endloop
  endfacet
  facet normal 0.000000e+00 0.000000e+00 0.000000e+00
    outer loop
      vertex -1.470748e+00 7.920812e-01 1.650000e+00
      vertex -1.425728e+00 8.594584e-01 1.476222e+00
      vertex -1.635445e+00 8.801135e-01 1.650000e+00
    endloop
  endfacet
  facet normal 0.000000e+00 0.000000e+00 0.000000e+00
    outer loop
      vertex -1.635445e+00 8.801135e-01 1.650000e+00
      vertex -1.425728e+00 8.594584e-01 1.476222e+00
      vertex -1.604435e+00 9.549791e-01 1.476222e+00
    endloop
  endfacet
  facet normal 0.000000e+00 0.000000e+00 0.000000e+00
    outer loop
      vertex -1.635445e+00 8.801135e-01 1.650000e+00
      vertex -1.604435e+00 9.549791e-01 1.476222e+00
      vertex -1.814152e+00 9.343235e-01 1.650000e+00
    endloop
  endfacet
  facet normal 0.000000e+00 0.000000e+00 0.000000e+00
    outer loop
      vertex -1.814152e+00 9.343235e-01 1.650000e+00
      vertex -1.604435e+00 9.549791e-01 1.476222e+00
      vertex -1.798343e+00 1.013800e+00 1.476222e+00
    endloop
  endfacet
  facet normal 0.000000e+00 0.000000e+00 0.000000e+00
    outer loop
      vertex -1.814152e+00 9.343235e-01 1.650000e+00
      vertex -1.798343e+00 1.013800e+00 1.476222e+00
      vertex -2.000000e+00 9.526280e-01 1.650000e+00
    endloop
  endfacet
  facet normal 0.000000e+00 0.000000e+00 0.000000e+00
    outer loop
      vertex -2.000000e+00 9.526280e-01 1.650000e+00
      vertex -1.798343e+00 1.013800e+00 1.476222e+00
      vertex -2.000000e+00 1.033662e+00 1.476222e+00
    endloop
  endfacet
  facet normal 0.000000e+00 0.000000e+00 0.000000e+00
    outer loop
      vertex -2.000000e+00 9.526280e-01 1.650000e+00
      vertex -2.000000e+00 1.033662e+00 1.476222e+00
      vertex -2.185848e+00 9.343235e-01 1.650000e+00
    endloop
  endfacet
  facet normal 0.000000e+00 0.000000e+00 0.000000e+00
    outer loop
      vertex -2.185848e+00 9.343235e-01 1.650000e+00
      vertex -2.000000e+00 1.033662e+00 1.476222e+00
      vertex -2.201658e+00 1.013800e+00 1.476222e+00
    endloop
  endfacet
  facet normal 0.000000e+00 0.000000e+00 0.000000e+00
    outer loop
      vertex -2.185848e+00 9.343235e-01 1.650000e+00
      vertex -2.201658e+00 1.013800e+00 1.476222e+00
      vertex -2.364555e+00 8.801135e-01 1.650000e+00
    endloop
  endfacet
  facet normal 0.000000e+00 0.000000e+00 0.000000e+00
    outer loop
      vertex -2.364555e+00 8.801135e-01 1.650000e+00
      vertex -2.201658e+00 1.013800e+00 1.476222e+00
      vertex -2.395565e+00 9.549791e-01 1.476222e+00
    endloop
  endfacet
  facet normal 0.000000e+00 0.000000e+00 0.000000e+00
    outer loop
      vertex -2.364555e+00 8.801135e-01 1.650000e+00
      vertex -2.395565e+00 9.549791e-01 1.476222e+00
      vertex -2.529252e+00 7.920812e-01 1.650000e+00
    endloop
  endfacet
  facet normal 0.000000e+00 0.000000e+00 0.000000e+00
    outer loop
      vertex -2.529252e+00 7.920812e-01 1.650000e+00
      vertex -2.395565e+00 9.549791e-01 1.476222e+00
      vertex -2.574272e+00 8.594584e-01 1.476222e+00
    endloop
  endfacet
  facet normal 0.000000e+00 0.000000e+00 0.000000e+00
    outer loop
      vertex -2.529252e+00 7.920812e-01 1.650000e+00
      vertex -2.574272e+00 8.594584e-01 1.476222e+00
      vertex -2.673610e+00 6.736097e-01 1.650000e+00
    endloop
  endfacet
  facet normal 0.000000e+00 0.000000e+00 0.000000e+00
    outer loop
      vertex -2.673610e+00 6.736097e-01 1.650000e+00
      vertex -2.574272e+00 8.594584e-01 1.476222e+00
      vertex -2.730909e+00 7.309093e-01 1.476222e+00
    endloop
  endfacet
  facet normal 0.000000e+00 0.000000e+00 0.000000e+00
    outer loop
      vertex -2.673610e+00 6.736097e-01 1.650000e+00
      vertex -2.730909e+00 7.309093e-01 1.476222e+00
      vertex -2.792081e+00 5.292518e-01 1.650000e+00
    endloop
  endfacet
  facet normal 0.000000e+00 0.000000e+00 0.000000e+00
    outer loop
      vertex -2.792081e+00 5.292518e-01 1.650000e+00
      vertex -2.730909e+00 7.309093e-01 1.476222e+00
      vertex -2.859458e+00 5.742718e-01 1.476222e+00
    endloop
  endfacet
  facet normal 0.000000e+00 0.000000e+00 0.000000e+00
    outer loop
      vertex -2.792081e+00 5.292518e-01 1.650000e+00
      vertex -2.859458e+00 5.742718e-01 1.476222e+00
      vertex -2.880113e+00 3.645549e-01 1.650000e+00
    endloop
  endfacet
  facet normal 0.000000e+00 0.000000e+00 0.000000e+00
    outer loop
      vertex -2.880113e+00 3.645549e-01 1.650000e+00
      vertex -2.859458e+00 5.742718e-01 1.476222e+00
      vertex -2.954979e+00 3.955653e-01 1.476222e+00
    endloop
  endfacet
  facet normal 0.000000e+00 0.000000e+00 0.000000e+00
    outer loop
      vertex -2.880113e+00 3.645549e-01 1.650000e+00
      vertex -2.954979e+00 3.955653e-01 1.476222e+00
      vertex -2.934324e+00 1.858485e-01 1.650000e+00
    endloop
  endfacet
  facet normal 0.000000e+00 0.000000e+00 0.000000e+00
    outer loop
      vertex -2.934324e+00 1.858485e-01 1.650000e+00
      vertex -2.954979e+00 3.955653e-01 1.476222e+00
      vertex -3.013800e+00 2.016574e-01 1.476222e+00
    endloop
  endfacet
  facet normal 0.000000e+00 0.000000e+00 0.000000e+00
    outer loop
      vertex -2.934324e+00 1.858485e-01 1.650000e+00
      vertex -3.013800e+00 2.016574e-01 1.476222e+00
      vertex -2.952628e+00 1.166633e-16 1.650000e+00
    endloop
  endfacet
  facet normal 0.000000e+00 0.000000e+00 0.000000e+00
    outer loop
      vertex -2.952628e+00 1.166633e-16 1.650000e+00
      vertex -3.013800e+00 2.016574e-01 1.476222e+00
      vertex -3.033662e+00 1.265871e-16 1.476222e+00
    endloop
  endfacet
  facet normal 0.000000e+00 0.000000e+00 0.000000e+00
    outer loop
      vertex -2.952628e+00 1.166633e-16 1.650000e+00
      vertex -3.033662e+00 1.265871e-16 1.476222e+00
      vertex -2.934324e+00 -1.858485e-01 1.650000e+00
    endloop
  endfacet
  facet normal 0.000000e+00 0.000000e+00 0.000000e+00
    outer loop
      vertex -2.934324e+00 -1.858485e-01 1.650000e+00
      vertex -3.033662e+00 1.265871e-16 1.476222e+00
      vertex -3.013800e+00 -2.016574e-01 1.476222e+00
    endloop
  endfacet
  facet normal 0.000000e+00 0.000000e+00 0.000000e+00
    outer loop
      vertex -2.934324e+00 -1.858485e-01 1.650000e+00
      vertex -3.013800e+00 -2.016574e-01 1.476222e+00
      vertex -2.880113e+00 -3.645549e-01 1.650000e+00
    endloop
  endfacet
  facet normal 0.000000e+00 0.000000e+00 0.000000e+00
    outer loop
      vertex -2.880113e+00 -3.645549e-01 1.650000e+00
      vertex -3.013800e+00 -2.016574e-01 1.476222e+00
      vertex -2.954979e+00 -3.955653e-01 1.476222e+00
    endloop
  endfacet
  facet normal 0.000000e+00 0.000000e+00 0.000000e+00
    outer loop
      vertex -2.880113e+00 -3.645549e-01 1.650000e+00
      vertex -2.954979e+00 -3.955653e-01 1.476222e+00
      vertex -2.792081e+00 -5.292518e-01 1.650000e+00
    endloop
  endfacet
  facet normal 0.000000e+00 0.000000e+00 0.000000e+00
    outer loop
      vertex -2.792081e+00 -5.292518e-01 1.650000e+00
      vertex -2.954979e+00 -3.955653e-01 1.476222e+00
      vertex -2.859458e+00 -5.742718e-01 1.476222e+00
    endloop
  endfacet
  facet normal 0.000000e+00 0.000000e+00 0.000000e+00
    outer loop
      vertex -2.792081e+00 -5.292518e-01 1.650000e+00
      vertex -2.859458e+00 -5.742718e-01 1.476222e+00
      vertex -2.673610e+00 -6.736097e-01 1.650000e+00
    endloop
  endfacet
  facet normal 0.000000e+00 0.000000e+00 0.000000e+00
    outer loop
      vertex -2.673610e+00 -6.736097e-01 1.650000e+00
      vertex -2.859458e+00 -5.742718e-01 1.476222e+00
      vertex -2.730909e+00 -7.309093e-01 1.476222e+00
    endloop
  endfacet
  facet normal 0.000000e+00 0.000000e+00 0.000000e+00
    outer loop
      vertex -2.673610e+00 -6.736097e-01 1.650000e+00
      vertex -2.730909e+00 -7.309093e-01 1.476222e+00
      vertex -2.529252e+00 -7.920812e-01 1.650000e+00
    endloop
  endfacet
  facet normal 0.000000e+00 0.000000e+00 0.000000e+00
    outer loop
      vertex -2.529252e+00 -7.920812e-01 1.650000e+00
      vertex -2.730909e+00 -7.309093e-01 1.476222e+00
      vertex -2.574272e+00 -8.594584e-01 1.476222e+00
    endloop
  endfacet
  facet normal 0.000000e+00 0.000000e+00 0.000000e+00
    outer loop
      vertex -2.529252e+00 -7.920812e-01 1.650000e+00
      vertex -2.574272e+00 -8.594584e-01 1.476222e+00
      vertex -2.364555e+00 -8.801135e-01 1.650000e+00
    endloop
  endfacet
  facet normal 0.000000e+00 0.000000e+00 0.000000e+00
    outer loop
      vertex -2.364555e+00 -8.801135e-01 1.650000e+00
      vertex -2.574272e+00 -8.594584e-01 1.476222e+00
      vertex -2.395565e+00 -9.549791e-01 1.476222e+00
    endloop
  endfacet
  facet normal 0.000000e+00 0.000000e+00 0.000000e+00
    outer loop
      vertex -2.364555e+00 -8.801135e-01 1.650000e+00
      vertex -2.395565e+00 -9.549791e-01 1.476222e+00
      vertex -2.185848e+00 -9.343235e-01 1.650000e+00
    endloop
  endfacet
  facet normal 0.000000e+00 0.000000e+00 0.000000e+00
    outer loop
      vertex -2.185848e+00 -9.343235e-01 1.650000e+00
      vertex -2.395565e+00 -9.549791e-01 1.476222e+00
      vertex -2.201658e+00 -1.013800e+00 1.476222e+00
    endloop
  endfacet
  facet normal 0.000000e+00 0.000000e+00 0.000000e+00
    outer loop
      vertex -2.185848e+00 -9.343235e-01 1.650000e+00
      vertex -2.201658e+00 -1.013800e+00 1.476222e+00
      vertex -2.000000e+00 -9.526280e-01 1.650000e+00
    endloop
  endfacet
  facet normal 0.000000e+00 0.000000e+00 0.000000e+00
    outer loop
      vertex -2.000000e+00 -9.526280e-01 1.650000e+00
      vertex -2.201658e+00 -1.013800e+00 1.476222e+00
      vertex -2.000000e+00 -1.033662e+00 1.476222e+00
    endloop
  endfacet
  facet normal 0.000000e+00 0.000000e+00 0.000000e+00
    outer loop
      vertex -2.000000e+00 -9.526280e-01 1.650000e+00
      vertex -2.000000e+00 -1.033662e+00 1.476222e+00
      vertex -1.814152e+00 -9.343235e-01 1.650000e+00
    endloop
  endfacet
  facet normal 0.000000e+00 0.000000e+00 0.000000e+00
    outer loop
      vertex -1.814152e+00 -9.343235e-01 1.650000e+00
      vertex -2.000000e+00 -1.033662e+00 1.476222e+00
      vertex -1.798343e+00 -1.013800e+00 1.476222e+00
    endloop
  endfacet
  facet normal 0.000000e+00 0.000000e+00 0.000000e+00
    outer loop
      vertex -1.814152e+00 -9.343235e-01 1.650000e+00
      vertex -1.798343e+00 -1.013800e+00 1.476222e+00
      vertex -1.635445e+00 -8.801135e-01 1.650000e+00
    endloop
  endfacet
  facet normal 0.000000e+00 0.000000e+00 0.000000e+00
    outer loop
      vertex -1.635445e+00 -8.801135e-01 1.650000e+00
      vertex -1.798343e+00 -1.013800e+00 1.476222e+00
      vertex -1.604435e+00 -9.549791e-01 1.476222e+00
    endloop
  endfacet
  facet normal 0.000000e+00 0.000000e+00 0.000000e+00
    outer loop
      vertex -1.635445e+00 -8.801135e-01 1.650000e+00
      vertex -1.604435e+00 -9.549791e-01 1.476222e+00
      vertex -1.470748e+00 -7.920812e-01 1.650000e+00
    endloop
  endfacet
  facet normal 0.000000e+00 0.000000e+00 0.000000e+00
    outer loop
      vertex -1.470748e+00 -7.920812e-01 1.650000e+00
      vertex -1.604435e+00 -9.549791e-01 1.476222e+00
      vertex -1.425728e+00 -8.594584e-01 1.476222e+00
    endloop
  endfacet
  facet normal 0.000000e+00 0.000000e+00 0.000000e+00
    outer loop
      vertex -1.470748e+00 -7.920812e-01 1.650000e+00
      vertex -1.425728e+00 -8.594584e-01 1.476222e+00
      vertex -1.326390e+00 -6.736097e-01 1.650000e+00
    endloop
  endfacet
  facet normal 0.000000e+00 0.000000e+00 0.000000e+00
    outer loop
      vertex -1.326390e+00 -6.736097e-01 1.650000e+00
      vertex -1.425728e+00 -8.594584e-01 1.476222e+00
      vertex -1.269091e+00 -7.309093e-01 1.476222e+00
    endloop
  endfacet
  facet normal 0.000000e+00 0.000000e+00 0.000000e+00
    outer loop
      vertex -1.326390e+00 -6.736097e-01 1.650000e+00
      vertex -1.269091e+00 -7.309093e-01 1.476222e+00
      vertex -1.207919e+00 -5.292518e-01 1.650000e+00
    endloop
  endfacet
  facet normal 0.000000e+00 0.000000e+00 0.000000e+00
    outer loop
      vertex -1.207919e+00 -5.292518e-01 1.650000e+00
      vertex -1.269091e+00 -7.309093e-01 1.476222e+00
      vertex -1.140542e+00 -5.742718e-01 1.476222e+00
    endloop
  endfacet
  facet normal 0.000000e+00 0.000000e+00 0.000000e+00
    outer loop
      vertex -1.207919e+00 -5.292518e-01 1.650000e+00
      vertex -1.140542e+00 -5.742718e-01 1.476222e+00
      vertex -1.119887e+00 -3.645549e-01 1.650000e+00
    endloop
  endfacet
  facet normal 0.000000e+00 0.000000e+00 0.000000e+00
    outer loop
      vertex -1.119887e+00 -3.645549e-01 1.650000e+00
      vertex -1.140542e+00 -5.742718e-01 1.476222e+00
      vertex -1.045021e+00 -3.955653e-01 1.476222e+00
    endloop
  endfacet
  facet normal 0.000000e+00 0.000000e+00 0.000000e+00
    outer loop
      vertex -1.119887e+00 -3.645549e-01 1.650000e+00
      vertex -1.045021e+00 -3.955653e-01 1.476222e+00
      vertex -1.065677e+00 -1.858485e-01 1.650000e+00
    endloop
  endfacet
  facet normal 0.000000e+00 0.000000e+00 0.000000e+00
    outer loop
      vertex -1.065677e+00 -1.858485e-01 1.650000e+00
      vertex -1.045021e+00 -3.955653e-01 1.476222e+00
      vertex -9.861996e-01 -2.016574e-01 1.476222e+00
    endloop
  endfacet
  facet normal 0.000000e+00 0.000000e+00 0.000000e+00
    outer loop
      vertex -1.065677e+00 -1.858485e-01 1.650000e+00
      vertex -9.861996e-01 -2.016574e-01 1.476222e+00
      vertex -1.047372e+00 -2.333266e-16 1.650000e+00
    endloop
  endfacet
  facet normal 0.000000e+00 0.000000e+00 0.000000e+00
    outer loop
      vertex -1.047372e+00 -2.333266e-16 1.650000e+00
      vertex -9.861996e-01 -2.016574e-01 1.476222e+00
      vertex -9.663381e-01 -2.531742e-16 1.476222e+00
    endloop
  endfacet
  facet normal 0.000000e+00 0.000000e+00 0.000000e+00
    outer loop
      vertex -9.663381e-01 0.000000e+00 1.476222e+00
      vertex -9.167114e-01 0.000000e+00 1.291013e+00
      vertex -9.861996e-01 2.016574e-01 1.476222e+00
    endloop
  endfacet
  facet normal 0.000000e+00 0.000000e+00 0.000000e+00
    outer loop
      vertex -9.861996e-01 2.016574e-01 1.476222e+00
      vertex -9.167114e-01 0.000000e+00 1.291013e+00
      vertex -9.375266e-01 2.113391e-01 1.291013e+00
    endloop
  endfacet
  facet normal 0.000000e+00 0.000000e+00 0.000000e+00
    outer loop
      vertex -9.861996e-01 2.016574e-01 1.476222e+00
      vertex -9.375266e-01 2.113391e-01 1.291013e+00
      vertex -1.045021e+00 3.955653e-01 1.476222e+00
    endloop
  endfacet
  facet normal 0.000000e+00 0.000000e+00 0.000000e+00
    outer loop
      vertex -1.045021e+00 3.955653e-01 1.476222e+00
      vertex -9.375266e-01 2.113391e-01 1.291013e+00
      vertex -9.991719e-01 4.145566e-01 1.291013e+00
    endloop
  endfacet
  facet normal 0.000000e+00 0.000000e+00 0.000000e+00
    outer loop
      vertex -1.045021e+00 3.955653e-01 1.476222e+00
      vertex -9.991719e-01 4.145566e-01 1.291013e+00
      vertex -1.140542e+00 5.742718e-01 1.476222e+00
    endloop
  endfacet
  facet normal 0.000000e+00 0.000000e+00 0.000000e+00
    outer loop
      vertex -1.140542e+00 5.742718e-01 1.476222e+00
      vertex -9.991719e-01 4.145566e-01 1.291013e+00
      vertex -1.099278e+00 6.018429e-01 1.291013e+00
    endloop
  endfacet
  facet normal 0.000000e+00 0.000000e+00 0.000000e+00
    outer loop
      vertex -1.140542e+00 5.742718e-01 1.476222e+00
      vertex -1.099278e+00 6.018429e-01 1.291013e+00
      vertex -1.269091e+00 7.309093e-01 1.476222e+00
    endloop
  endfacet
  facet normal 0.000000e+00 0.000000e+00 0.000000e+00
    outer loop
      vertex -1.269091e+00 7.309093e-01 1.476222e+00
      vertex -1.099278e+00 6.018429e-01 1.291013e+00
      vertex -1.233999e+00 7.660007e-01 1.291013e+00
    endloop
  endfacet
  facet normal 0.000000e+00 0.000000e+00 0.000000e+00
    outer loop
      vertex -1.269091e+00 7.309093e-01 1.476222e+00
      vertex -1.233999e+00 7.660007e-01 1.291013e+00
      vertex -1.425728e+00 8.594584e-01 1.476222e+00
    endloop
  endfacet
  facet normal 0.000000e+00 0.000000e+00 0.000000e+00
    outer loop
      vertex -1.425728e+00 8.594584e-01 1.476222e+00
      vertex -1.233999e+00 7.660007e-01 1.291013e+00
      vertex -1.398157e+00 9.007215e-01 1.291013e+00
    endloop
  endfacet
  facet normal 0.000000e+00 0.000000e+00 0.000000e+00
    outer loop
      vertex -1.425728e+00 8.594584e-01 1.476222e+00
      vertex -1.398157e+00 9.007215e-01 1.291013e+00
      vertex -1.604435e+00 9.549791e-01 1.476222e+00
    endloop
  endfacet
  facet normal 0.000000e+00 0.000000e+00 0.000000e+00
    outer loop
      vertex -1.604435e+00 9.549791e-01 1.476222e+00
      vertex -1.398157e+00 9.007215e-01 1.291013e+00
      vertex -1.585443e+00 1.000828e+00 1.291013e+00
    endloop
  endfacet
  facet normal 0.000000e+00 0.000000e+00 0.000000e+00
    outer loop
      vertex -1.604435e+00 9.549791e-01 1.476222e+00
      vertex -1.585443e+00 1.000828e+00 1.291013e+00
      vertex -1.798343e+00 1.013800e+00 1.476222e+00
    endloop
  endfacet
  facet normal 0.000000e+00 0.000000e+00 0.000000e+00
    outer loop
      vertex -1.798343e+00 1.013800e+00 1.476222e+00
      vertex -1.585443e+00 1.000828e+00 1.291013e+00
      vertex -1.788661e+00 1.062473e+00 1.291013e+00
    endloop
  endfacet
  facet normal 0.000000e+00 0.000000e+00 0.000000e+00
    outer loop
      vertex -1.798343e+00 1.013800e+00 1.476222e+00
      vertex -1.788661e+00 1.062473e+00 1.291013e+00
      vertex -2.000000e+00 1.033662e+00 1.476222e+00
    endloop
  endfacet
  facet normal 0.000000e+00 0.000000e+00 0.000000e+00
    outer loop
      vertex -2.000000e+00 1.033662e+00 1.476222e+00
      vertex -1.788661e+00 1.062473e+00 1.291013e+00
      vertex -2.000000e+00 1.083289e+00 1.291013e+00
    endloop
  endfacet
  facet normal 0.000000e+00 0.000000e+00 0.000000e+00
    outer loop
      vertex -2.000000e+00 1.033662e+00 1.476222e+00
      vertex -2.000000e+00 1.083289e+00 1.291013e+00
      vertex -2.201658e+00 1.013800e+00 1.476222e+00
    endloop
  endfacet
  facet normal 0.000000e+00 0.000000e+00 0.000000e+00
    outer loop
      vertex -2.201658e+00 1.013800e+00 1.476222e+00
      vertex -2.000000e+00 1.083289e+00 1.291013e+00
      vertex -2.211339e+00 1.062473e+00 1.291013e+00
    endloop
  endfacet
  facet normal 0.000000e+00 0.000000e+00 0.000000e+00
    outer loop
      vertex -2.201658e+00 1.013800e+00 1.476222e+00
      vertex -2.211339e+00 1.062473e+00 1.291013e+00
      vertex -2.395565e+00 9.549791e-01 1.476222e+00
    endloop
  endfacet
  facet normal 0.000000e+00 0.000000e+00 0.000000e+00
    outer loop
      vertex -2.395565e+00 9.549791e-01 1.476222e+00
      vertex -2.211339e+00 1.062473e+00 1.291013e+00
      vertex -2.414557e+00 1.000828e+00 1.291013e+00
    endloop
  endfacet
  facet normal 0.000000e+00 0.000000e+00 0.000000e+00
    outer loop
      vertex -2.395565e+00 9.549791e-01 1.476222e+00
      vertex -2.414557e+00 1.000828e+00 1.291013e+00
      vertex -2.574272e+00 8.594584e-01 1.476222e+00
    endloop
  endfacet
  facet normal 0.000000e+00 0.000000e+00 0.000000e+00
    outer loop
      vertex -2.574272e+00 8.594584e-01 1.476222e+00
      vertex -2.414557e+00 1.000828e+00 1.291013e+00
      vertex -2.601843e+00 9.007215e-01 1.291013e+00
    endloop
  endfacet
  facet normal 0.000000e+00 0.000000e+00 0.000000e+00
    outer loop
      vertex -2.574272e+00 8.594584e-01 1.476222e+00
      vertex -2.601843e+00 9.007215e-01 1.291013e+00
      vertex -2.730909e+00 7.309093e-01 1.476222e+00
    endloop
  endfacet
  facet normal 0.000000e+00 0.000000e+00 0.000000e+00
    outer loop
      vertex -2.730909e+00 7.309093e-01 1.476222e+00
      vertex -2.601843e+00 9.007215e-01 1.291013e+00
      vertex -2.766001e+00 7.660007e-01 1.291013e+00
    endloop
  endfacet
  facet normal 0.000000e+00 0.000000e+00 0.000000e+00
    outer loop
      vertex -2.730909e+00 7.309093e-01 1.476222e+00
      vertex -2.766001e+00 7.660007e-01 1.291013e+00
      vertex -2.859458e+00 5.742718e-01 1.476222e+00
    endloop
  endfacet
  facet normal 0.000000e+00 0.000000e+00 0.000000e+00
    outer loop
      vertex -2.859458e+00 5.742718e-01 1.476222e+00
      vertex -2.766001e+00 7.660007e-01 1.291013e+00
      vertex -2.900722e+00 6.018429e-01 1.291013e+00
    endloop
  endfacet
  facet normal 0.000000e+00 0.000000e+00 0.000000e+00
    outer loop
      vertex -2.859458e+00 5.742718e-01 1.476222e+00
      vertex -2.900722e+00 6.018429e-01 1.291013e+00
      vertex -2.954979e+00 3.955653e-01 1.476222e+00
    endloop
  endfacet
  facet normal 0.000000e+00 0.000000e+00 0.000000e+00
    outer loop
      vertex -2.954979e+00 3.955653e-01 1.476222e+00
      vertex -2.900722e+00 6.018429e-01 1.291013e+00
      vertex -3.000828e+00 4.145566e-01 1.291013e+00
    endloop
  endfacet
  facet normal 0.000000e+00 0.000000e+00 0.000000e+00
    outer loop
      vertex -2.954979e+00 3.955653e-01 1.476222e+00
      vertex -3.000828e+00 4.145566e-01 1.291013e+00
      vertex -3.013800e+00 2.016574e-01 1.476222e+00
    endloop
  endfacet
  facet normal 0.000000e+00 0.000000e+00 0.000000e+00
    outer loop
      vertex -3.013800e+00 2.016574e-01 1.476222e+00
      vertex -3.000828e+00 4.145566e-01 1.291013e+00
      vertex -3.062474e+00 2.113391e-01 1.291013e+00
    endloop
  endfacet
  facet normal 0.000000e+00 0.000000e+00 0.000000e+00
    outer loop
      vertex -3.013800e+00 2.016574e-01 1.476222e+00
      vertex -3.062474e+00 2.113391e-01 1.291013e+00
      vertex -3.033662e+00 1.265871e-16 1.476222e+00
    endloop
  endfacet
  facet normal 0.000000e+00 0.000000e+00 0.000000e+00
    outer loop
      vertex -3.033662e+00 1.265871e-16 1.476222e+00
      vertex -3.062474e+00 2.113391e-01 1.291013e+00
      vertex -3.083288e+00 1.326646e-16 1.291013e+00
    endloop
  endfacet
  facet normal 0.000000e+00 0.000000e+00 0.000000e+00
    outer loop
      vertex -3.033662e+00 1.265871e-16 1.476222e+00
      vertex -3.083288e+00 1.326646e-16 1.291013e+00
      vertex -3.013800e+00 -2.016574e-01 1.476222e+00
    endloop
  endfacet
  facet normal 0.000000e+00 0.000000e+00 0.000000e+00
    outer loop
      vertex -3.013800e+00 -2.016574e-01 1.476222e+00
      vertex -3.083288e+00 1.326646e-16 1.291013e+00
      vertex -3.062474e+00 -2.113391e-01 1.291013e+00
    endloop
  endfacet
  facet normal 0.000000e+00 0.000000e+00 0.000000e+00
    outer loop
      vertex -3.013800e+00 -2.016574e-01 1.476222e+00
      vertex -3.062474e+00 -2.113391e-01 1.291013e+00
      vertex -2.954979e+00 -3.955653e-01 1.476222e+00
    endloop
  endfacet
  facet normal 0.000000e+00 0.000000e+00 0.000000e+00
    outer loop
      vertex -2.954979e+00 -3.955653e-01 1.476222e+00
      vertex -3.062474e+00 -2.113391e-01 1.291013e+00
      vertex -3.000828e+00 -4.145566e-01 1.291013e+00
    endloop
  endfacet
  facet normal 0.000000e+00 0.000000e+00 0.000000e+00
    outer loop
      vertex -2.954979e+00 -3.955653e-01 1.476222e+00
      vertex -3.000828e+00 -4.145566e-01 1.291013e+00
      vertex -2.859458e+00 -5.742718e-01 1.476222e+00
    endloop
  endfacet
  facet normal 0.000000e+00 0.000000e+00 0.000000e+00
    outer loop
      vertex -2.859458e+00 -5.742718e-01 1.476222e+00
      vertex -3.000828e+00 -4.145566e-01 1.291013e+00
      vertex -2.900722e+00 -6.018429e-01 1.291013e+00
    endloop
  endfacet
  facet normal 0.000000e+00 0.000000e+00 0.000000e+00
    outer loop
      vertex -2.859458e+00 -5.742718e-01 1.476222e+00
      vertex -2.900722e+00 -6.018429e-01 1.291013e+00
      vertex -2.730909e+00 -7.309093e-01 1.476222e+00
    endloop
  endfacet
  facet normal 0.000000e+00 0.000000e+00 0.000000e+00
    outer loop
      vertex -2.730909e+00 -7.309093e-01 1.476222e+00
      vertex -2.900722e+00 -6.018429e-01 1.291013e+00
      vertex -2.766001e+00 -7.660007e-01 1.291013e+00
    endloop
  endfacet
  facet normal 0.000000e+00 0.000000e+00 0.000000e+00
    outer loop
      vertex -2.730909e+00 -7.309093e-01 1.476222e+00
      vertex -2.766001e+00 -7.660007e-01 1.291013e+00
      vertex -2.574272e+00 -8.594584e-01 1.476222e+00
    endloop
  endfacet
  facet normal 0.000000e+00 0.000000e+00 0.000000e+00
    outer loop
      vertex -2.574272e+00 -8.594584e-01 1.476222e+00
      vertex -2.766001e+00 -7.660007e-01 1.291013e+00
      vertex -2.601843e+00 -9.007215e-01 1.291013e+00
    endloop
  endfacet
  facet normal 0.000000e+00 0.000000e+00 0.000000e+00
    outer loop
      vertex -2.574272e+00 -8.594584e-01 1.476222e+00
      vertex -2.601843e+00 -9.007215e-01 1.291013e+00
      vertex -2.395565e+00 -9.549791e-01 1.476222e+00
    endloop
  endfacet
  facet normal 0.000000e+00 0.000000e+00 0.000000e+00
    outer loop
      vertex -2.395565e+00 -9.549791e-01 1.476222e+00
      vertex -2.601843e+00 -9.007215e-01 1.291013e+00
      vertex -2.414557e+00 -1.000828e+00 1.291013e+00
    endloop
  endfacet
  facet normal 0.000000e+00 0.000000e+00 0.000000e+00
    outer loop
      vertex -2.395565e+00 -9.549791e-01 1.476222e+00
      vertex -2.414557e+00 -1.000828e+00 1.291013e+00
      vertex -2.201658e+00 -1.013800e+00 1.476222e+00
    endloop
  endfacet
  facet normal 0.000000e+00 0.000000e+00 0.000000e+00
    outer loop
      vertex -2.201658e+00 -1.013800e+00 1.476222e+00
      vertex -2.414557e+00 -1.000828e+00 1.291013e+00
      vertex -2.211339e+00 -1.062473e+00 1.291013e+00
    endloop
  endfacet
  facet normal 0.000000e+00 0.000000e+00 0.000000e+00
    outer loop
      vertex -2.201658e+00 -1.013800e+00 1.476222e+00
      vertex -2.211339e+00 -1.062473e+00 1.291013e+00
      vertex -2.000000e+00 -1.033662e+00 1.476222e+00
    endloop
  endfacet
  facet normal 0.000000e+00 0.000000e+00 0.000000e+00
    outer loop
      vertex -2.000000e+00 -1.033662e+00 1.476222e+00
      vertex -2.211339e+00 -1.062473e+00 1.291013e+00
      vertex -2.000000e+00 -1.083289e+00 1.291013e+00
    endloop
  endfacet
  facet normal 0.000000e+00 0.000000e+00 0.000000e+00
    outer loop
      vertex -2.000000e+00 -1.033662e+00 1.476222e+00
      vertex -2.000000e+00 -1.083289e+00 1.291013e+00
      vertex -1.798343e+00 -1.013800e+00 1.476222e+00
    endloop
  endfacet
  facet normal 0.000000e+00 0.000000e+00 0.000000e+00
    outer loop
      vertex -1.798343e+00 -1.013800e+00 1.476222e+00
      vertex -2.000000e+00 -1.083289e+00 1.291013e+00
      vertex -1.788661e+00 -1.062473e+00 1.291013e+00
    endloop
  endfacet
  facet normal 0.000000e+00 0.000000e+00 0.000000e+00
    outer loop
      vertex -1.798343e+00 -1.013800e+00 1.476222e+00
      vertex -1.788661e+00 -1.062473e+00 1.291013e+00
      vertex -1.604435e+00 -9.549791e-01 1.476222e+00
    endloop
  endfacet
  facet normal 0.000000e+00 0.000000e+00 0.000000e+00
    outer loop
      vertex -1.604435e+00 -9.549791e-01 1.476222e+00
      vertex -1.788661e+00 -1.062473e+00 1.291013e+00
      vertex -1.585443e+00 -1.000828e+00 1.291013e+00
    endloop
  endfacet
  facet normal 0.000000e+00 0.000000e+00 0.000000e+00
    outer loop
      vertex -1.604435e+00 -9.549791e-01 1.476222e+00
      vertex -1.585443e+00 -1.000828e+00 1.291013e+00
      vertex -1.425728e+00 -8.594584e-01 1.476222e+00
    endloop
  endfacet
  facet normal 0.000000e+00 0.000000e+00 0.000000e+00
    outer loop
      vertex -1.425728e+00 -8.594584e-01 1.476222e+00
      vertex -1.585443e+00 -1.000828e+00 1.291013e+00
      vertex -1.398157e+00 -9.007215e-01 1.291013e+00
    endloop
  endfacet
  facet normal 0.000000e+00 0.000000e+00 0.000000e+00
    outer loop
      vertex -1.425728e+00 -8.594584e-01 1.476222e+00
      vertex -1.398157e+00 -9.007215e-01 1.291013e+00
      vertex -1.269091e+00 -7.309093e-01 1.476222e+00
    endloop
  endfacet
  facet normal 0.000000e+00 0.000000e+00 0.000000e+00
    outer loop
      vertex -1.269091e+00 -7.309093e-01 1.476222e+00
      vertex -1.398157e+00 -9.007215e-01 1.291013e+00
      vertex -1.233999e+00 -7.660007e-01 1.291013e+00
    endloop
  endfacet
  facet normal 0.000000e+00 0.000000e+00 0.000000e+00
    outer loop
      vertex -1.269091e+00 -7.309093e-01 1.476222e+00
      vertex -1.233999e+00 -7.660007e-01 1.291013e+00
      vertex -1.140542e+00 -5.742718e-01 1.476222e+00
    endloop
  endfacet
  facet normal 0.000000e+00 0.000000e+00 0.000000e+00
    outer loop
      vertex -1.140542e+00 -5.742718e-01 1.476222e+00
      vertex -1.233999e+00 -7.660007e-01 1.291013e+00
      vertex -1.099278e+00 -6.018429e-01 1.291013e+00
    endloop
  endfacet
  facet normal 0.000000e+00 0.000000e+00 0.000000e+00
    outer loop
      vertex -1.140542e+00 -5.742718e-01 1.476222e+00
      vertex -1.099278e+00 -6.018429e-01 1.291013e+00
      vertex -1.045021e+00 -3.955653e-01 1.476222e+00
    endloop
  endfacet
  facet normal 0.000000e+00 0.000000e+00 0.000000e+00
    outer loop
      vertex -1.045021e+00 -3.955653e-01 1.476222e+00
      vertex -1.099278e+00 -6.018429e-01 1.291013e+00
      vertex -9.991719e-01 -4.145566e-01 1.291013e+00
    endloop
  endfacet
  facet normal 0.000000e+00 0.000000e+00 0.000000e+00
    outer loop
      vertex -1.045021e+00 -3.955653e-01 1.476222e+00
      vertex -9.991719e-01 -4.145566e-01 1.291013e+00
      vertex -9.861996e-01 -2.016574e-01 1.476222e+00
    endloop
  endfacet
  facet normal 0.000000e+00 0.000000e+00 0.000000e+00
    outer loop
      vertex -9.861996e-01 -2.016574e-01 1.476222e+00
      vertex -9.991719e-01 -4.145566e-01 1.291013e+00
      vertex -9.375266e-01 -2.113391e-01 1.291013e+00
    endloop
  endfacet
  facet normal 0.000000e+00 0.000000e+00 0.000000e+00
    outer loop
      vertex -9.861996e-01 -2.016574e-01 1.476222e+00
      vertex -9.375266e-01 -2.113391e-01 1.291013e+00
      vertex -9.663381e-01 -2.531742e-16 1.476222e+00
    endloop
  endfacet
  facet normal 0.000000e+00 0.000000e+00 0.000000e+00
    outer loop
      vertex -9.663381e-01 -2.531742e-16 1.476222e+00
      vertex -9.375266e-01 -2.113391e-01 1.291013e+00
      vertex -9.167114e-01 -2.653292e-16 1.291013e+00
    endloop
  endfacet
  facet normal 0.000000e+00 0.000000e+00 0.000000e+00
    outer loop
      vertex -9.167114e-01 0.000000e+00 1.291013e+00
      vertex -9.000000e-01 0.000000e+00 1.100000e+00
      vertex -9.375266e-01 2.113391e-01 1.291013e+00
    endloop
  endfacet
  facet normal 0.000000e+00 0.000000e+00 0.000000e+00
    outer loop
      vertex -9.375266e-01 2.113391e-01 1.291013e+00
      vertex -9.000000e-01 0.000000e+00 1.100000e+00
      vertex -9.211362e-01 2.145994e-01 1.100000e+00
    endloop
  endfacet
  facet normal 0.000000e+00 0.000000e+00 0.000000e+00
    outer loop
      vertex -9.375266e-01 2.113391e-01 1.291013e+00
      vertex -9.211362e-01 2.145994e-01 1.100000e+00
      vertex -9.991719e-01 4.145566e-01 1.291013e+00
    endloop
  endfacet
  facet normal 0.000000e+00 0.000000e+00 0.000000e+00
    outer loop
      vertex -9.991719e-01 4.145566e-01 1.291013e+00
      vertex -9.211362e-01 2.145994e-01 1.100000e+00
      vertex -9.837325e-01 4.209518e-01 1.100000e+00
    endloop
  endfacet
  facet normal 0.000000e+00 0.000000e+00 0.000000e+00
    outer loop
      vertex -9.991719e-01 4.145566e-01 1.291013e+00
      vertex -9.837325e-01 4.209518e-01 1.100000e+00
      vertex -1.099278e+00 6.018429e-01 1.291013e+00
    endloop
  endfacet
  facet normal 0.000000e+00 0.000000e+00 0.000000e+00
    outer loop
      vertex -1.099278e+00 6.018429e-01 1.291013e+00
      vertex -9.837325e-01 4.209518e-01 1.100000e+00
      vertex -1.085383e+00 6.111273e-01 1.100000e+00
    endloop
  endfacet
  facet normal 0.000000e+00 0.000000e+00 0.000000e+00
    outer loop
      vertex -1.099278e+00 6.018429e-01 1.291013e+00
      vertex -1.085383e+00 6.111273e-01 1.100000e+00
      vertex -1.233999e+00 7.660007e-01 1.291013e+00
    endloop
  endfacet
  facet normal 0.000000e+00 0.000000e+00 0.000000e+00
    outer loop
      vertex -1.233999e+00 7.660007e-01 1.291013e+00
      vertex -1.085383e+00 6.111273e-01 1.100000e+00
      vertex -1.222183e+00 7.778175e-01 1.100000e+00
    endloop
  endfacet
  facet normal 0.000000e+00 0.000000e+00 0.000000e+00
    outer loop
      vertex -1.233999e+00 7.660007e-01 1.291013e+00
      vertex -1.222183e+00 7.778175e-01 1.100000e+00
      vertex -1.398157e+00 9.007215e-01 1.291013e+00
    endloop
  endfacet
  facet normal 0.000000e+00 0.000000e+00 0.000000e+00
    outer loop
      vertex -1.398157e+00 9.007215e-01 1.291013e+00
      vertex -1.222183e+00 7.778175e-01 1.100000e+00
      vertex -1.388873e+00 9.146166e-01 1.100000e+00
    endloop
  endfacet
  facet normal 0.000000e+00 0.000000e+00 0.000000e+00
    outer loop
      vertex -1.398157e+00 9.007215e-01 1.291013e+00
      vertex -1.388873e+00 9.146166e-01 1.100000e+00
      vertex -1.585443e+00 1.000828e+00 1.291013e+00
    endloop
  endfacet
  facet normal 0.000000e+00 0.000000e+00 0.000000e+00
    outer loop
      vertex -1.585443e+00 1.000828e+00 1.291013e+00
      vertex -1.388873e+00 9.146166e-01 1.100000e+00
      vertex -1.579048e+00 1.016268e+00 1.100000e+00
    endloop
  endfacet
  facet normal 0.000000e+00 0.000000e+00 0.000000e+00
    outer loop
      vertex -1.585443e+00 1.000828e+00 1.291013e+00
      vertex -1.579048e+00 1.016268e+00 1.100000e+00
      vertex -1.788661e+00 1.062473e+00 1.291013e+00
    endloop
  endfacet
  facet normal 0.000000e+00 0.000000e+00 0.000000e+00
    outer loop
      vertex -1.788661e+00 1.062473e+00 1.291013e+00
      vertex -1.579048e+00 1.016268e+00 1.100000e+00
      vertex -1.785401e+00 1.078864e+00 1.100000e+00
    endloop
  endfacet
  facet normal 0.000000e+00 0.000000e+00 0.000000e+00
    outer loop
      vertex -1.788661e+00 1.062473e+00 1.291013e+00
      vertex -1.785401e+00 1.078864e+00 1.100000e+00
      vertex -2.000000e+00 1.083289e+00 1.291013e+00
    endloop
  endfacet
  facet normal 0.000000e+00 0.000000e+00 0.000000e+00
    outer loop
      vertex -2.000000e+00 1.083289e+00 1.291013e+00
      vertex -1.785401e+00 1.078864e+00 1.100000e+00
      vertex -2.000000e+00 1.100000e+00 1.100000e+00
    endloop
  endfacet
  facet normal 0.000000e+00 0.000000e+00 0.000000e+00
    outer loop
      vertex -2.000000e+00 1.083289e+00 1.291013e+00
      vertex -2.000000e+00 1.100000e+00 1.100000e+00
      vertex -2.211339e+00 1.062473e+00 1.291013e+00
    endloop
  endfacet
  facet normal 0.000000e+00 0.000000e+00 0.000000e+00
    outer loop
      vertex -2.211339e+00 1.062473e+00 1.291013e+00
      vertex -2.000000e+00 1.100000e+00 1.100000e+00
      vertex -2.214599e+00 1.078864e+00 1.100000e+00
    endloop
  endfacet
  facet normal 0.000000e+00 0.000000e+00 0.000000e+00
    outer loop
      vertex -2.211339e+00 1.062473e+00 1.291013e+00
      vertex -2.214599e+00 1.078864e+00 1.100000e+00
      vertex -2.414557e+00 1.000828e+00 1.291013e+00
    endloop
  endfacet
  facet normal 0.000000e+00 0.000000e+00 0.000000e+00
    outer loop
      vertex -2.414557e+00 1.000828e+00 1.291013e+00
      vertex -2.214599e+00 1.078864e+00 1.100000e+00
      vertex -2.420952e+00 1.016268e+00 1.100000e+00
    endloop
  endfacet
  facet normal 0.000000e+00 0.000000e+00 0.000000e+00
    outer loop
      vertex -2.414557e+00 1.000828e+00 1.291013e+00
      vertex -2.420952e+00 1.016268e+00 1.100000e+00
      vertex -2.601843e+00 9.007215e-01 1.291013e+00
    endloop
  endfacet
  facet normal 0.000000e+00 0.000000e+00 0.000000e+00
    outer loop
      vertex -2.601843e+00 9.007215e-01 1.291013e+00
      vertex -2.420952e+00 1.016268e+00 1.100000e+00
      vertex -2.611127e+00 9.146166e-01 1.100000e+00
    endloop
  endfacet
  facet normal 0.000000e+00 0.000000e+00 0.000000e+00
    outer loop
      vertex -2.601843e+00 9.007215e-01 1.291013e+00
      vertex -2.611127e+00 9.146166e-01 1.100000e+00
      vertex -2.766001e+00 7.660007e-01 1.291013e+00
    endloop
  endfacet
  facet normal 0.000000e+00 0.000000e+00 0.000000e+00
    outer loop
      vertex -2.766001e+00 7.660007e-01 1.291013e+00
      vertex -2.611127e+00 9.146166e-01 1.100000e+00
      vertex -2.777817e+00 7.778175e-01 1.100000e+00
    endloop
  endfacet
  facet normal 0.000000e+00 0.000000e+00 0.000000e+00
    outer loop
      vertex -2.766001e+00 7.660007e-01 1.291013e+00
      vertex -2.777817e+00 7.778175e-01 1.100000e+00
      vertex -2.900722e+00 6.018429e-01 1.291013e+00
    endloop
  endfacet
  facet normal 0.000000e+00 0.000000e+00 0.000000e+00
    outer loop
      vertex -2.900722e+00 6.018429e-01 1.291013e+00
      vertex -2.777817e+00 7.778175e-01 1.100000e+00
      vertex -2.914617e+00 6.111273e-01 1.100000e+00
    endloop
  endfacet
  facet normal 0.000000e+00 0.000000e+00 0.000000e+00
    outer loop
      vertex -2.900722e+00 6.018429e-01 1.291013e+00
      vertex -2.914617e+00 6.111273e-01 1.100000e+00
      vertex -3.000828e+00 4.145566e-01 1.291013e+00
    endloop
  endfacet
  facet normal 0.000000e+00 0.000000e+00 0.000000e+00
    outer loop
      vertex -3.000828e+00 4.145566e-01 1.291013e+00
      vertex -2.914617e+00 6.111273e-01 1.100000e+00
      vertex -3.016268e+00 4.209518e-01 1.100000e+00
    endloop
  endfacet
  facet normal 0.000000e+00 0.000000e+00 0.000000e+00
    outer loop
      vertex -3.000828e+00 4.145566e-01 1.291013e+00
      vertex -3.016268e+00 4.209518e-01 1.100000e+00
      vertex -3.062474e+00 2.113391e-01 1.291013e+00
    endloop
  endfacet
  facet normal 0.000000e+00 0.000000e+00 0.000000e+00
    outer loop
      vertex -3.062474e+00 2.113391e-01 1.291013e+00
      vertex -3.016268e+00 4.209518e-01 1.100000e+00
      vertex -3.078864e+00 2.145994e-01 1.100000e+00
    endloop
  endfacet
  facet normal 0.000000e+00 0.000000e+00 0.000000e+00
    outer loop
      vertex -3.062474e+00 2.113391e-01 1.291013e+00
      vertex -3.078864e+00 2.145994e-01 1.100000e+00
      vertex -3.083288e+00 1.326646e-16 1.291013e+00
    endloop
  endfacet
  facet normal 0.000000e+00 0.000000e+00 0.000000e+00
    outer loop
      vertex -3.083288e+00 1.326646e-16 1.291013e+00
      vertex -3.078864e+00 2.145994e-01 1.100000e+00
      vertex -3.100000e+00 1.347112e-16 1.100000e+00
    endloop
  endfacet
  facet normal 0.000000e+00 0.000000e+00 0.000000e+00
    outer loop
      vertex -3.083288e+00 1.326646e-16 1.291013e+00
      vertex -3.100000e+00 1.347112e-16 1.100000e+00
      vertex -3.062474e+00 -2.113391e-01 1.291013e+00
    endloop
  endfacet
  facet normal 0.000000e+00 0.000000e+00 0.000000e+00
    outer loop
      vertex -3.062474e+00 -2.113391e-01 1.291013e+00
      vertex -3.100000e+00 1.347112e-16 1.100000e+00
      vertex -3.078864e+00 -2.145994e-01 1.100000e+00
    endloop
  endfacet
  facet normal 0.000000e+00 0.000000e+00 0.000000e+00
    outer loop
      vertex -3.062474e+00 -2.113391e-01 1.291013e+00
      vertex -3.078864e+00 -2.145994e-01 1.100000e+00
      vertex -3.000828e+00 -4.145566e-01 1.291013e+00
    endloop
  endfacet
  facet normal 0.000000e+00 0.000000e+00 0.000000e+00
    outer loop
      vertex -3.000828e+00 -4.145566e-01 1.291013e+00
      vertex -3.078864e+00 -2.145994e-01 1.100000e+00
      vertex -3.016268e+00 -4.209518e-01 1.100000e+00
    endloop
  endfacet
  facet normal 0.000000e+00 0.000000e+00 0.000000e+00
    outer loop
      vertex -3.000828e+00 -4.145566e-01 1.291013e+00
      vertex -3.016268e+00 -4.209518e-01 1.100000e+00
      vertex -2.900722e+00 -6.018429e-01 1.291013e+00
    endloop
  endfacet
  facet normal 0.000000e+00 0.000000e+00 0.000000e+00
    outer loop
      vertex -2.900722e+00 -6.018429e-01 1.291013e+00
      vertex -3.016268e+00 -4.209518e-01 1.100000e+00
      vertex -2.914617e+00 -6.111273e-01 1.100000e+00
    endloop
  endfacet
  facet normal 0.000000e+00 0.000000e+00 0.000000e+00
    outer loop
      vertex -2.900722e+00 -6.018429e-01 1.291013e+00
      vertex -2.914617e+00 -6.111273e-01 1.100000e+00
      vertex -2.766001e+00 -7.660007e-01 1.291013e+00
    endloop
  endfacet
  facet normal 0.000000e+00 0.000000e+00 0.000000e+00
    outer loop
      vertex -2.766001e+00 -7.660007e-01 1.291013e+00
      vertex -2.914617e+00 -6.111273e-01 1.100000e+00
      vertex -2.777817e+00 -7.778175e-01 1.100000e+00
    endloop
  endfacet
  facet normal 0.000000e+00 0.000000e+00 0.000000e+00
    outer loop
      vertex -2.766001e+00 -7.660007e-01 1.291013e+00
      vertex -2.777817e+00 -7.778175e-01 1.100000e+00
      vertex -2.601843e+00 -9.007215e-01 1.291013e+00
    endloop
  endfacet
  facet normal 0.000000e+00 0.000000e+00 0.000000e+00
    outer loop
      vertex -2.601843e+00 -9.007215e-01 1.291013e+00
      vertex -2.777817e+00 -7.778175e-01 1.100000e+00
      vertex -2.611127e+00 -9.146166e-01 1.100000e+00
    endloop
  endfacet
  facet normal 0.000000e+00 0.000000e+00 0.000000e+00
    outer loop
      vertex -2.601843e+00 -9.007215e-01 1.291013e+00
      vertex -2.611127e+00 -9.146166e-01 1.100000e+00
      vertex -2.414557e+00 -1.000828e+00 1.291013e+00
    endloop
  endfacet
  facet normal 0.000000e+00 0.000000e+00 0.000000e+00
    outer loop
      vertex -2.414557e+00 -1.000828e+00 1.291013e+00
      vertex -2.611127e+00 -9.146166e-01 1.100000e+00
      vertex -2.420952e+00 -1.016268e+00 1.100000e+00
    endloop
  endfacet
  facet normal 0.000000e+00 0.000000e+00 0.000000e+00
    outer loop
      vertex -2.414557e+00 -1.000828e+00 1.291013e+00
      vertex -2.420952e+00 -1.016268e+00 1.100000e+00
      vertex -2.211339e+00 -1.062473e+00 1.291013e+00
    endloop
  endfacet
  facet normal 0.000000e+00 0.000000e+00 0.000000e+00
    outer loop
      vertex -2.211339e+00 -1.062473e+00 1.291013e+00
      vertex -2.420952e+00 -1.016268e+00 1.100000e+00
      vertex -2.214599e+00 -1.078864e+00 1.100000e+00
    endloop
  endfacet
  facet normal 0.000000e+00 0.000000e+00 0.000000e+00
    outer loop
      vertex -2.211339e+00 -1.062473e+00 1.291013e+00
      vertex -2.214599e+00 -1.078864e+00 1.100000e+00
      vertex -2.000000e+00 -1.083289e+00 1.291013e+00
    endloop
  endfacet
  facet normal 0.000000e+00 0.000000e+00 0.000000e+00
    outer loop
      vertex -2.000000e+00 -1.083289e+00 1.291013e+00
      vertex -2.214599e+00 -1.078864e+00 1.100000e+00
      vertex -2.000000e+00 -1.100000e+00 1.100000e+00
    endloop
  endfacet
  facet normal 0.000000e+00 0.000000e+00 0.000000e+00
    outer loop
      vertex -2.000000e+00 -1.083289e+00 1.291013e+00
      vertex -2.000000e+00 -1.100000e+00 1.100000e+00
      vertex -1.788661e+00 -1.062473e+00 1.291013e+00
    endloop
  endfacet
  facet normal 0.000000e+00 0.000000e+00 0.000000e+00
    outer loop
      vertex -1.788661e+00 -1.062473e+00 1.291013e+00
      vertex -2.000000e+00 -1.100000e+00 1.100000e+00
      vertex -1.785401e+00 -1.078864e+00 1.100000e+00
    endloop
  endfacet
  facet normal 0.000000e+00 0.000000e+00 0.000000e+00
    outer loop
      vertex -1.788661e+00 -1.062473e+00 1.291013e+00
      vertex -1.785401e+00 -1.078864e+00 1.100000e+00
      vertex -1.585443e+00 -1.000828e+00 1.291013e+00
    endloop
  endfacet
  facet normal 0.000000e+00 0.000000e+00 0.000000e+00
    outer loop
      vertex -1.585443e+00 -1.000828e+00 1.291013e+00
      vertex -1.785401e+00 -1.078864e+00 1.100000e+00
      vertex -1.579048e+00 -1.016268e+00 1.100000e+00
    endloop
  endfacet
  facet normal 0.000000e+00 0.000000e+00 0.000000e+00
    outer loop
      vertex -1.585443e+00 -1.000828e+00 1.291013e+00
      vertex -1.579048e+00 -1.016268e+00 1.100000e+00
      vertex -1.398157e+00 -9.007215e-01 1.291013e+00
    endloop
  endfacet
  facet normal 0.000000e+00 0.000000e+00 0.000000e+00
    outer loop
      vertex -1.398157e+00 -9.007215e-01 1.291013e+00
      vertex -1.579048e+00 -1.016268e+00 1.100000e+00
      vertex -1.388873e+00 -9.146166e-01 1.100000e+00
    endloop
  endfacet
  facet normal 0.000000e+00 0.000000e+00 0.000000e+00
    outer loop
      vertex -1.398157e+00 -9.007215e-01 1.291013e+00
      vertex -1.388873e+00 -9.146166e-01 1.100000e+00
      vertex -1.233999e+00 -7.660007e-01 1.291013e+00
    endloop
  endfacet
  facet normal 0.000000e+00 0.000000e+00 0.000000e+00
    outer loop
      vertex -1.233999e+00 -7.660007e-01 1.291013e+00
      vertex -1.388873e+00 -9.146166e-01 1.100000e+00
      vertex -1.222183e+00 -7.778175e-01 1.100000e+00
    endloop
  endfacet
  facet normal 0.000000e+00 0.000000e+00 0.000000e+00
    outer loop
      vertex -1.233999e+00 -7.660007e-01 1.291013e+00
      vertex -1.222183e+00 -7.778175e-01 1.100000e+00
      vertex -1.099278e+00 -6.018429e-01 1.291013e+00
    endloop
  endfacet
  facet normal 0.000000e+00 0.000000e+00 0.000000e+00
    outer loop
      vertex -1.099278e+00 -6.018429e-01 1.291013e+00
      vertex -1.222183e+00 -7.778175e-01 1.100000e+00
      vertex -1.085383e+00 -6.111273e-01 1.100000e+00
    endloop
  endfacet
  facet normal 0.000000e+00 0.000000e+00 0.000000e+00
    outer loop
      vertex -1.099278e+00 -6.018429e-01 1.291013e+00
      vertex -1.085383e+00 -6.111273e-01 1.100000e+00
      vertex -9.991719e-01 -4.145566e-01 1.291013e+00
    endloop
  endfacet
  facet normal 0.000000e+00 0.000000e+00 0.000000e+00
    outer loop
      vertex -9.991719e-01 -4.145566e-01 1.291013e+00
      vertex -1.085383e+00 -6.111273e-01 1.100000e+00
      vertex -9.837325e-01 -4.209518e-01 1.100000e+00
    endloop
  endfacet
  facet normal 0.000000e+00 0.000000e+00 0.000000e+00
    outer loop
      vertex -9.991719e-01 -4.145566e-01 1.291013e+00
      vertex -9.837325e-01 -4.209518e-01 1.100000e+00
      vertex -9.375266e-01 -2.113391e-01 1.291013e+00
    endloop
  endfacet
  facet normal 0.000000e+00 0.000000e+00 0.000000e+00
    outer loop
      vertex -9.375266e-01 -2.113391e-01 1.291013e+00
      vertex -9.837325e-01 -4.209518e-01 1.100000e+00
      vertex -9.211362e-01 -2.145994e-01 1.100000e+00
    endloop
  endfacet
  facet normal 0.000000e+00 0.000000e+00 0.000000e+00
    outer loop
      vertex -9.375266e-01 -2.113391e-01 1.291013e+00
      vertex -9.211362e-01 -2.145994e-01 1.100000e+00
      vertex -9.167114e-01 -2.653292e-16 1.291013e+00
    endloop
  endfacet
  facet normal 0.000000e+00 0.000000e+00 0.000000e+00
    outer loop
      vertex -9.167114e-01 -2.653292e-16 1.291013e+00
      vertex -9.211362e-01 -2.145994e-01 1.100000e+00
      vertex -9.000000e-01 -2.694223e-16 1.100000e+00
    endloop
  endfacet
  facet normal 0.000000e+00 0.000000e+00 0.000000e+00
    outer loop
      vertex -9.000000e-01 0.000000e+00 1.100000e+00
      vertex -9.167114e-01 0.000000e+00 9.089870e-01
      vertex -9.211362e-01 2.145994e-01 1.100000e+00
    endloop
  endfacet
  facet normal 0.000000e+00 0.000000e+00 0.000000e+00
    outer loop
      vertex -9.211362e-01 2.145994e-01 1.100000e+00
      vertex -9.167114e-01 0.000000e+00 9.089870e-01
      vertex -9.375266e-01 2.113391e-01 9.089870e-01
    endloop
  endfacet
  facet normal 0.000000e+00 0.000000e+00 0.000000e+00
    outer loop
      vertex -9.211362e-01 2.145994e-01 1.100000e+00
      vertex -9.375266e-01 2.113391e-01 9.089870e-01
      vertex -9.837325e-01 4.209518e-01 1.100000e+00
    endloop
  endfacet
  facet normal 0.000000e+00 0.000000e+00 0.000000e+00
    outer loop
      vertex -9.837325e-01 4.209518e-01 1.100000e+00
      vertex -9.375266e-01 2.113391e-01 9.089870e-01
      vertex -9.991719e-01 4.145566e-01 9.089870e-01
    endloop
  endfacet
  facet normal 0.000000e+00 0.000000e+00 0.000000e+00
    outer loop
      vertex -9.837325e-01 4.209518e-01 1.100000e+00
      vertex -9.991719e-01 4.145566e-01 9.089870e-01
      vertex -1.085383e+00 6.111273e-01 1.100000e+00
    endloop
  endfacet
  facet normal 0.000000e+00 0.000000e+00 0.000000e+00
    outer loop
      vertex -1.085383e+00 6.111273e-01 1.100000e+00
      vertex -9.991719e-01 4.145566e-01 9.089870e-01
      vertex -1.099278e+00 6.018429e-01 9.089870e-01
    endloop
  endfacet
  facet normal 0.000000e+00 0.000000e+00 0.000000e+00
    outer loop
      vertex -1.085383e+00 6.111273e-01 1.100000e+00
      vertex -1.099278e+00 6.018429e-01 9.089870e-01
      vertex -1.222183e+00 7.778175e-01 1.100000e+00
    endloop
  endfacet
  facet normal 0.000000e+00 0.000000e+00 0.000000e+00
    outer loop
      vertex -1.222183e+00 7.778175e-01 1.100000e+00
      vertex -1.099278e+00 6.018429e-01 9.089870e-01
      vertex -1.233999e+00 7.660007e-01 9.089870e-01
    endloop
  endfacet
  facet normal 0.000000e+00 0.000000e+00 0.000000e+00
    outer loop
      vertex -1.222183e+00 7.778175e-01 1.100000e+00
      vertex -1.233999e+00 7.660007e-01 9.089870e-01
      vertex -1.388873e+00 9.146166e-01 1.100000e+00
    endloop
  endfacet
  facet normal 0.000000e+00 0.000000e+00 0.000000e+00
    outer loop
      vertex -1.388873e+00 9.146166e-01 1.100000e+00
      vertex -1.233999e+00 7.660007e-01 9.089870e-01
      vertex -1.398157e+00 9.007215e-01 9.089870e-01
    endloop
  endfacet
  facet normal 0.000000e+00 0.000000e+00 0.000000e+00
    outer loop
      vertex -1.388873e+00 9.146166e-01 1.100000e+00
      vertex -1.398157e+00 9.007215e-01 9.089870e-01
      vertex -1.579048e+00 1.016268e+00 1.100000e+00
    endloop
  endfacet
  facet normal 0.000000e+00 0.000000e+00 0.000000e+00
    outer loop
      vertex -1.579048e+00 1.016268e+00 1.100000e+00
      vertex -1.398157e+00 9.007215e-01 9.089870e-01
      vertex -1.585443e+00 1.000828e+00 9.089870e-01
    endloop
  endfacet
  facet normal 0.000000e+00 0.000000e+00 0.000000e+00
    outer loop
      vertex -1.579048e+00 1.016268e+00 1.100000e+00
      vertex -1.585443e+00 1.000828e+00 9.089870e-01
      vertex -1.785401e+00 1.078864e+00 1.100000e+00
    endloop
  endfacet
  facet normal 0.000000e+00 0.000000e+00 0.000000e+00
    outer loop
      vertex -1.785401e+00 1.078864e+00 1.100000e+00
      vertex -1.585443e+00 1.000828e+00 9.089870e-01
      vertex -1.788661e+00 1.062473e+00 9.089870e-01
    endloop
  endfacet
  facet normal 0.000000e+00 0.000000e+00 0.000000e+00
    outer loop
      vertex -1.785401e+00 1.078864e+00 1.100000e+00
      vertex -1.788661e+00 1.062473e+00 9.089870e-01
      vertex -2.000000e+00 1.100000e+00 1.100000e+00
    endloop
  endfacet
  facet normal 0.000000e+00 0.000000e+00 0.000000e+00
    outer loop
      vertex -2.000000e+00 1.100000e+00 1.100000e+00
      vertex -1.788661e+00 1.062473e+00 9.089870e-01
      vertex -2.000000e+00 1.083289e+00 9.089870e-01
    endloop
  endfacet
  facet normal 0.000000e+00 0.000000e+00 0.000000e+00
    outer loop
      vertex -2.000000e+00 1.100000e+00 1.100000e+00
      vertex -2.000000e+00 1.083289e+00 9.089870e-01
      vertex -2.214599e+00 1.078864e+00 1.100000e+00
    endloop
  endfacet
  facet normal 0.000000e+00 0.000000e+00 0.000000e+00
    outer loop
      vertex -2.214599e+00 1.078864e+00 1.100000e+00
      vertex -2.000000e+00 1.083289e+00 9.089870e-01
      vertex -2.211339e+00 1.062473e+00 9.089870e-01
    endloop
  endfacet
  facet normal 0.000000e+00 0.000000e+00 0.000000e+00
    outer loop
      vertex -2.214599e+00 1.078864e+00 1.100000e+00
      vertex -2.211339e+00 1.062473e+00 9.089870e-01
      vertex -2.420952e+00 1.016268e+00 1.100000e+00
    endloop
  endfacet
  facet normal 0.000000e+00 0.000000e+00 0.000000e+00
    outer loop
      vertex -2.420952e+00 1.016268e+00 1.100000e+00
      vertex -2.211339e+00 1.062473e+00 9.089870e-01
      vertex -2.414557e+00 1.000828e+00 9.089870e-01
    endloop
  endfacet
  facet normal 0.000000e+00 0.000000e+00 0.000000e+00
    outer loop
      vertex -2.420952e+00 1.016268e+00 1.100000e+00
      vertex -2.414557e+00 1.000828e+00 9.089870e-01
      vertex -2.611127e+00 9.146166e-01 1.100000e+00
    endloop
  endfacet
  facet normal 0.000000e+00 0.000000e+00 0.000000e+00
    outer loop
      vertex -2.611127e+00 9.146166e-01 1.100000e+00
      vertex -2.414557e+00 1.000828e+00 9.089870e-01
      vertex -2.601843e+00 9.007215e-01 9.089870e-01
    endloop
  endfacet
  facet normal 0.000000e+00 0.000000e+00 0.000000e+00
    outer loop
      vertex -2.611127e+00 9.146166e-01 1.100000e+00
      vertex -2.601843e+00 9.007215e-01 9.089870e-01
      vertex -2.777817e+00 7.778175e-01 1.100000e+00
    endloop
  endfacet
  facet normal 0.000000e+00 0.000000e+00 0.000000e+00
    outer loop
      vertex -2.777817e+00 7.778175e-01 1.100000e+00
      vertex -2.601843e+00 9.007215e-01 9.089870e-01
      vertex -2.766001e+00 7.660007e-01 9.089870e-01
    endloop
  endfacet
  facet normal 0.000000e+00 0.000000e+00 0.000000e+00
    outer loop
      vertex -2.777817e+00 7.778175e-01 1.100000e+00
      vertex -2.766001e+00 7.660007e-01 9.089870e-01
      vertex -2.914617e+00 6.111273e-01 1.100000e+00
    endloop
  endfacet
  facet normal 0.000000e+00 0.000000e+00 0.000000e+00
    outer loop
      vertex -2.914617e+00 6.111273e-01 1.100000e+00
      vertex -2.766001e+00 7.660007e-01 9.089870e-01
      vertex -2.900722e+00 6.018429e-01 9.089870e-01
    endloop
  endfacet
  facet normal 0.000000e+00 0.000000e+00 0.000000e+00
    outer loop
      vertex -2.914617e+00 6.111273e-01 1.100000e+00
      vertex -2.900722e+00 6.018429e-01 9.089870e-01
      vertex -3.016268e+00 4.209518e-01 1.100000e+00
    endloop
  endfacet
  facet normal 0.000000e+00 0.000000e+00 0.000000e+00
    outer loop
      vertex -3.016268e+00 4.209518e-01 1.100000e+00
      vertex -2.900722e+00 6.018429e-01 9.089870e-01
      vertex -3.000828e+00 4.145566e-01 9.089870e-01
    endloop
  endfacet
  facet normal 0.000000e+00 0.000000e+00 0.000000e+00
    outer loop
      vertex -3.016268e+00 4.209518e-01 1.100000e+00
      vertex -3.000828e+00 4.145566e-01 9.089870e-01
      vertex -3.078864e+00 2.145994e-01 1.100000e+00
    endloop
  endfacet
  facet normal 0.000000e+00 0.000000e+00 0.000000e+00
    outer loop
      vertex -3.078864e+00 2.145994e-01 1.100000e+00
      vertex -3.000828e+00 4.145566e-01 9.089870e-01
      vertex -3.062474e+00 2.113391e-01 9.089870e-01
    endloop
  endfacet
  facet normal 0.000000e+00 0.000000e+00 0.000000e+00
    outer loop
      vertex -3.078864e+00 2.145994e-01 1.100000e+00
      vertex -3.062474e+00 2.113391e-01 9.089870e-01
      vertex -3.100000e+00 1.347112e-16 1.100000e+00
    endloop
  endfacet
  facet normal 0.000000e+00 0.000000e+00 0.000000e+00
    outer loop
      vertex -3.100000e+00 1.347112e-16 1.100000e+00
      vertex -3.062474e+00 2.113391e-01 9.089870e-01
      vertex -3.083288e+00 1.326646e-16 9.089870e-01
    endloop
  endfacet
  facet normal 0.000000e+00 0.000000e+00 0.000000e+00
    outer loop
      vertex -3.100000e+00 1.347112e-16 1.100000e+00
      vertex -3.083288e+00 1.326646e-16 9.089870e-01
      vertex -3.078864e+00 -2.145994e-01 1.100000e+00
    endloop
  endfacet
  facet normal 0.000000e+00 0.000000e+00 0.000000e+00
    outer loop
      vertex -3.078864e+00 -2.145994e-01 1.100000e+00
      vertex -3.083288e+00 1.326646e-16 9.089870e-01
      vertex -3.062474e+00 -2.113391e-01 9.089870e-01
    endloop
  endfacet
  facet normal 0.000000e+00 0.000000e+00 0.000000e+00
    outer loop
      vertex -3.078864e+00 -2.145994e-01 1.100000e+00
      vertex -3.062474e+00 -2.113391e-01 9.089870e-01
      vertex -3.016268e+00 -4.209518e-01 1.100000e+00
    endloop
  endfacet
  facet normal 0.000000e+00 0.000000e+00 0.000000e+00
    outer loop
      vertex -3.016268e+00 -4.209518e-01 1.100000e+00
      vertex -3.062474e+00 -2.113391e-01 9.089870e-01
      vertex -3.000828e+00 -4.145566e-01 9.089870e-01
    endloop
  endfacet
  facet normal 0.000000e+00 0.000000e+00 0.000000e+00
    outer loop
      vertex -3.016268e+00 -4.209518e-01 1.100000e+00
      vertex -3.000828e+00 -4.145566e-01 9.089870e-01
      vertex -2.914617e+00 -6.111273e-01 1.100000e+00
    endloop
  endfacet
  facet normal 0.000000e+00 0.000000e+00 0.000000e+00
    outer loop
      vertex -2.914617e+00 -6.111273e-01 1.100000e+00
      vertex -3.000828e+00 -4.145566e-01 9.089870e-01
      vertex -2.900722e+00 -6.018429e-01 9.089870e-01
    endloop
  endfacet
  facet normal 0.000000e+00 0.000000e+00 0.000000e+00
    outer loop
      vertex -2.914617e+00 -6.111273e-01 1.100000e+00
      vertex -2.900722e+00 -6.018429e-01 9.089870e-01
      vertex -2.777817e+00 -7.778175e-01 1.100000e+00
    endloop
  endfacet
  facet normal 0.000000e+00 0.000000e+00 0.000000e+00
    outer loop
      vertex -2.777817e+00 -7.778175e-01 1.100000e+00
      vertex -2.900722e+00 -6.018429e-01 9.089870e-01
      vertex -2.766001e+00 -7.660007e-01 9.089870e-01
    endloop
  endfacet
  facet normal 0.000000e+00 0.000000e+00 0.000000e+00
    outer loop
      vertex -2.777817e+00 -7.778175e-01 1.100000e+00
      vertex -2.766001e+00 -7.660007e-01 9.089870e-01
      vertex -2.611127e+00 -9.146166e-01 1.100000e+00
    endloop
  endfacet
  facet normal 0.000000e+00 0.000000e+00 0.000000e+00
    outer loop
      vertex -2.611127e+00 -9.146166e-01 1.100000e+00
      vertex -2.766001e+00 -7.660007e-01 9.089870e-01
      vertex -2.601843e+00 -9.007215e-01 9.089870e-01
    endloop
  endfacet
  facet normal 0.000000e+00 0.000000e+00 0.000000e+00
    outer loop
      vertex -2.611127e+00 -9.146166e-01 1.100000e+00
      vertex -2.601843e+00 -9.007215e-01 9.089870e-01
      vertex -2.420952e+00 -1.016268e+00 1.100000e+00
    endloop
  endfacet
  facet normal 0.000000e+00 0.000000e+00 0.000000e+00
    outer loop
      vertex -2.420952e+00 -1.016268e+00 1.100000e+00
      vertex -2.601843e+00 -9.007215e-01 9.089870e-01
      vertex -2.414557e+00 -1.000828e+00 9.089870e-01
    endloop
  endfacet
  facet normal 0.000000e+00 0.000000e+00 0.000000e+00
    outer loop
      vertex -2.420952e+00 -1.016268e+00 1.100000e+00
      vertex -2.414557e+00 -1.000828e+00 9.089870e-01
      vertex -2.214599e+00 -1.078864e+00 1.100000e+00
    endloop
  endfacet
  facet normal 0.000000e+00 0.000000e+00 0.000000e+00
    outer loop
      vertex -2.214599e+00 -1.078864e+00 1.100000e+00
      vertex -2.414557e+00 -1.000828e+00 9.089870e-01
      vertex -2.211339e+00 -1.062473e+00 9.089870e-01
    endloop
  endfacet
  facet normal 0.000000e+00 0.000000e+00 0.000000e+00
    outer loop
      vertex -2.214599e+00 -1.078864e+00 1.100000e+00
      vertex -2.211339e+00 -1.062473e+00 9.089870e-01
      vertex -2.000000e+00 -1.100000e+00 1.100000e+00
    endloop
  endfacet
  facet normal 0.000000e+00 0.000000e+00 0.000000e+00
    outer loop
      vertex -2.000000e+00 -1.100000e+00 1.100000e+00
      vertex -2.211339e+00 -1.062473e+00 9.089870e-01
      vertex -2.000000e+00 -1.083289e+00 9.089870e-01
    endloop
  endfacet
  facet normal 0.000000e+00 0.000000e+00 0.000000e+00
    outer loop
      vertex -2.000000e+00 -1.100000e+00 1.100000e+00
      vertex -2.000000e+00 -1.083289e+00 9.089870e-01
      vertex -1.785401e+00 -1.078864e+00 1.100000e+00
    endloop
  endfacet
  facet normal 0.000000e+00 0.000000e+00 0.000000e+00
    outer loop
      vertex -1.785401e+00 -1.078864e+00 1.100000e+00
      vertex -2.000000e+00 -1.083289e+00 9.089870e-01
      vertex -1.788661e+00 -1.062473e+00 9.089870e-01
    endloop
  endfacet
  facet normal 0.000000e+00 0.000000e+00 0.000000e+00
    outer loop
      vertex -1.785401e+00 -1.078864e+00 1.100000e+00
      vertex -1.788661e+00 -1.062473e+00 9.089870e-01
      vertex -1.579048e+00 -1.016268e+00 1.100000e+00
    endloop
  endfacet
  facet normal 0.000000e+00 0.000000e+00 0.000000e+00
    outer loop
      vertex -1.579048e+00 -1.016268e+00 1.100000e+00
      vertex -1.788661e+00 -1.062473e+00 9.089870e-01
      vertex -1.585443e+00 -1.000828e+00 9.089870e-01
    endloop
  endfacet
  facet normal 0.000000e+00 0.000000e+00 0.000000e+00
    outer loop
      vertex -1.579048e+00 -1.016268e+00 1.100000e+00
      vertex -1.585443e+00 -1.000828e+00 9.089870e-01
      vertex -1.388873e+00 -9.146166e-01 1.100000e+00
    endloop
  endfacet
  facet normal 0.000000e+00 0.000000e+00 0.000000e+00
    outer loop
      vertex -1.388873e+00 -9.146166e-01 1.100000e+00
      vertex -1.585443e+00 -1.000828e+00 9.089870e-01
      vertex -1.398157e+00 -9.007215e-01 9.089870e-01
    endloop
  endfacet
  facet normal 0.000000e+00 0.000000e+00 0.000000e+00
    outer loop
      vertex -1.388873e+00 -9.146166e-01 1.100000e+00
      vertex -1.398157e+00 -9.007215e-01 9.089870e-01
      vertex -1.222183e+00 -7.778175e-01 1.100000e+00
    endloop
  endfacet
  facet normal 0.000000e+00 0.000000e+00 0.000000e+00
    outer loop
      vertex -1.222183e+00 -7.778175e-01 1.100000e+00
      vertex -1.398157e+00 -9.007215e-01 9.089870e-01
      vertex -1.233999e+00 -7.660007e-01 9.089870e-01
    endloop
  endfacet
  facet normal 0.000000e+00 0.000000e+00 0.000000e+00
    outer loop
      vertex -1.222183e+00 -7.778175e-01 1.100000e+00
      vertex -1.233999e+00 -7.660007e-01 9.089870e-01
      vertex -1.085383e+00 -6.111273e-01 1.100000e+00
    endloop
  endfacet
  facet normal 0.000000e+00 0.000000e+00 0.000000e+00
    outer loop
      vertex -1.085383e+00 -6.111273e-01 1.100000e+00
      vertex -1.233999e+00 -7.660007e-01 9.089870e-01
      vertex -1.099278e+00 -6.018429e-01 9.089870e-01
    endloop
  endfacet
  facet normal 0.000000e+00 0.000000e+00 0.000000e+00
    outer loop
      vertex -1.085383e+00 -6.111273e-01 1.100000e+00
      vertex -1.099278e+00 -6.018429e-01 9.089870e-01
      vertex -9.837325e-01 -4.209518e-01 1.100000e+00
    endloop
  endfacet
  facet normal 0.000000e+00 0.000000e+00 0.000000e+00
    outer loop
      vertex -9.837325e-01 -4.209518e-01 1.100000e+00
      vertex -1.099278e+00 -6.018429e-01 9.089870e-01
      vertex -9.991719e-01 -4.145566e-01 9.089870e-01
    endloop
  endfacet
  facet normal 0.000000e+00 0.000000e+00 0.000000e+00
    outer loop
      vertex -9.837325e-01 -4.209518e-01 1.100000e+00
      vertex -9.991719e-01 -4.145566e-01 9.089870e-01
      vertex -9.211362e-01 -2.145994e-01 1.100000e+00
    endloop
  endfacet
  facet normal 0.000000e+00 0.000000e+00 0.000000e+00
    outer loop
      vertex -9.211362e-01 -2.145994e-01 1.100000e+00
      vertex -9.991719e-01 -4.145566e-01 9.089870e-01
      vertex -9.375266e-01 -2.113391e-01 9.089870e-01
    endloop
  endfacet
  facet normal 0.000000e+00 0.000000e+00 0.000000e+00
    outer loop
      vertex -9.211362e-01 -2.145994e-01 1.100000e+00
      vertex -9.375266e-01 -2.113391e-01 9.089870e-01
      vertex -9.000000e-01 -2.694223e-16 1.100000e+00
    endloop
  endfacet
  facet normal 0.000000e+00 0.000000e+00 0.000000e+00
    outer loop
      vertex -9.000000e-01 -2.694223e-16 1.100000e+00
      vertex -9.375266e-01 -2.113391e-01 9.089870e-01
      vertex -9.167114e-01 -2.653292e-16 9.089870e-01
    endloop
  endfacet
  facet normal 0.000000e+00 0.000000e+00 0.000000e+00
    outer loop
      vertex -9.167114e-01 0.000000e+00 9.089870e-01
      vertex -9.663381e-01 0.000000e+00 7.237778e-01
      vertex -9.375266e-01 2.113391e-01 9.089870e-01
    endloop
  endfacet
  facet normal 0.000000e+00 0.000000e+00 0.000000e+00
    outer loop
      vertex -9.375266e-01 2.113391e-01 9.089870e-01
      vertex -9.663381e-01 0.000000e+00 7.237778e-01
      vertex -9.861996e-01 2.016574e-01 7.237778e-01
    endloop
  endfacet
  facet normal 0.000000e+00 0.000000e+00 0.000000e+00
    outer loop
      vertex -9.375266e-01 2.113391e-01 9.089870e-01
      vertex -9.861996e-01 2.016574e-01 7.237778e-01
      vertex -9.991719e-01 4.145566e-01 9.089870e-01
    endloop
  endfacet
  facet normal 0.000000e+00 0.000000e+00 0.000000e+00
    outer loop
      vertex -9.991719e-01 4.145566e-01 9.089870e-01
      vertex -9.861996e-01 2.016574e-01 7.237778e-01
      vertex -1.045021e+00 3.955653e-01 7.237778e-01
    endloop
  endfacet
  facet normal 0.000000e+00 0.000000e+00 0.000000e+00
    outer loop
      vertex -9.991719e-01 4.145566e-01 9.089870e-01
      vertex -1.045021e+00 3.955653e-01 7.237778e-01
      vertex -1.099278e+00 6.018429e-01 9.089870e-01
    endloop
  endfacet
  facet normal 0.000000e+00 0.000000e+00 0.000000e+00
    outer loop
      vertex -1.099278e+00 6.018429e-01 9.089870e-01
      vertex -1.045021e+00 3.955653e-01 7.237778e-01
      vertex -1.140542e+00 5.742718e-01 7.237778e-01
    endloop
  endfacet
  facet normal 0.000000e+00 0.000000e+00 0.000000e+00
    outer loop
      vertex -1.099278e+00 6.018429e-01 9.089870e-01
      vertex -1.140542e+00 5.742718e-01 7.237778e-01
      vertex -1.233999e+00 7.660007e-01 9.089870e-01
    endloop
  endfacet
  facet normal 0.000000e+00 0.000000e+00 0.000000e+00
    outer loop
      vertex -1.233999e+00 7.660007e-01 9.089870e-01
      vertex -1.140542e+00 5.742718e-01 7.237778e-01
      vertex -1.269091e+00 7.309093e-01 7.237778e-01
    endloop
  endfacet
  facet normal 0.000000e+00 0.000000e+00 0.000000e+00
    outer loop
      vertex -1.233999e+00 7.660007e-01 9.089870e-01
      vertex -1.269091e+00 7.309093e-01 7.237778e-01
      vertex -1.398157e+00 9.007215e-01 9.089870e-01
    endloop
  endfacet
  facet normal 0.000000e+00 0.000000e+00 0.000000e+00
    outer loop
      vertex -1.398157e+00 9.007215e-01 9.089870e-01
      vertex -1.269091e+00 7.309093e-01 7.237778e-01
      vertex -1.425728e+00 8.594584e-01 7.237778e-01
    endloop
  endfacet
  facet normal 0.000000e+00 0.000000e+00 0.000000e+00
    outer loop
      vertex -1.398157e+00 9.007215e-01 9.089870e-01
      vertex -1.425728e+00 8.594584e-01 7.237778e-01
      vertex -1.585443e+00 1.000828e+00 9.089870e-01
    endloop
  endfacet
  facet normal 0.000000e+00 0.000000e+00 0.000000e+00
    outer loop
      vertex -1.585443e+00 1.000828e+00 9.089870e-01
      vertex -1.425728e+00 8.594584e-01 7.237778e-01
      vertex -1.604435e+00 9.549791e-01 7.237778e-01
    endloop
  endfacet
  facet normal 0.000000e+00 0.000000e+00 0.000000e+00
    outer loop
      vertex -1.585443e+00 1.000828e+00 9.089870e-01
      vertex -1.604435e+00 9.549791e-01 7.237778e-01
      vertex -1.788661e+00 1.062473e+00 9.089870e-01
    endloop
  endfacet
  facet normal 0.000000e+00 0.000000e+00 0.000000e+00
    outer loop
      vertex -1.788661e+00 1.062473e+00 9.089870e-01
      vertex -1.604435e+00 9.549791e-01 7.237778e-01
      vertex -1.798343e+00 1.013800e+00 7.237778e-01
    endloop
  endfacet
  facet normal 0.000000e+00 0.000000e+00 0.000000e+00
    outer loop
      vertex -1.788661e+00 1.062473e+00 9.089870e-01
      vertex -1.798343e+00 1.013800e+00 7.237778e-01
      vertex -2.000000e+00 1.083289e+00 9.089870e-01
    endloop
  endfacet
  facet normal 0.000000e+00 0.000000e+00 0.000000e+00
    outer loop
      vertex -2.000000e+00 1.083289e+00 9.089870e-01
      vertex -1.798343e+00 1.013800e+00 7.237778e-01
      vertex -2.000000e+00 1.033662e+00 7.237778e-01
    endloop
  endfacet
  facet normal 0.000000e+00 0.000000e+00 0.000000e+00
    outer loop
      vertex -2.000000e+00 1.083289e+00 9.089870e-01
      vertex -2.000000e+00 1.033662e+00 7.237778e-01
      vertex -2.211339e+00 1.062473e+00 9.089870e-01
    endloop
  endfacet
  facet normal 0.000000e+00 0.000000e+00 0.000000e+00
    outer loop
      vertex -2.211339e+00 1.062473e+00 9.089870e-01
      vertex -2.000000e+00 1.033662e+00 7.237778e-01
      vertex -2.201658e+00 1.013800e+00 7.237778e-01
    endloop
  endfacet
  facet normal 0.000000e+00 0.000000e+00 0.000000e+00
    outer loop
      vertex -2.211339e+00 1.062473e+00 9.089870e-01
      vertex -2.201658e+00 1.013800e+00 7.237778e-01
      vertex -2.414557e+00 1.000828e+00 9.089870e-01
    endloop
  endfacet
  facet normal 0.000000e+00 0.000000e+00 0.000000e+00
    outer loop
      vertex -2.414557e+00 1.000828e+00 9.089870e-01
      vertex -2.201658e+00 1.013800e+00 7.237778e-01
      vertex -2.395565e+00 9.549791e-01 7.237778e-01
    endloop
  endfacet
  facet normal 0.000000e+00 0.000000e+00 0.000000e+00
    outer loop
      vertex -2.414557e+00 1.000828e+00 9.089870e-01
      vertex -2.395565e+00 9.549791e-01 7.237778e-01
      vertex -2.601843e+00 9.007215e-01 9.089870e-01
    endloop
  endfacet
  facet normal 0.000000e+00 0.000000e+00 0.000000e+00
    outer loop
      vertex -2.601843e+00 9.007215e-01 9.089870e-01
      vertex -2.395565e+00 9.549791e-01 7.237778e-01
      vertex -2.574272e+00 8.594584e-01 7.237778e-01
    endloop
  endfacet
  facet normal 0.000000e+00 0.000000e+00 0.000000e+00
    outer loop
      vertex -2.601843e+00 9.007215e-01 9.089870e-01
      vertex -2.574272e+00 8.594584e-01 7.237778e-01
      vertex -2.766001e+00 7.660007e-01 9.089870e-01
    endloop
  endfacet
  facet normal 0.000000e+00 0.000000e+00 0.000000e+00
    outer loop
      vertex -2.766001e+00 7.660007e-01 9.089870e-01
      vertex -2.574272e+00 8.594584e-01 7.237778e-01
      vertex -2.730909e+00 7.309093e-01 7.237778e-01
    endloop
  endfacet
  facet normal 0.000000e+00 0.000000e+00 0.000000e+00
    outer loop
      vertex -2.766001e+00 7.660007e-01 9.089870e-01
      vertex -2.730909e+00 7.309093e-01 7.237778e-01
      vertex -2.900722e+00 6.018429e-01 9.089870e-01
    endloop
  endfacet
  facet normal 0.000000e+00 0.000000e+00 0.000000e+00
    outer loop
      vertex -2.900722e+00 6.018429e-01 9.089870e-01
      vertex -2.730909e+00 7.309093e-01 7.237778e-01
      vertex -2.859458e+00 5.742718e-01 7.237778e-01
    endloop
  endfacet
  facet normal 0.000000e+00 0.000000e+00 0.000000e+00
    outer loop
      vertex -2.900722e+00 6.018429e-01 9.089870e-01
      vertex -2.859458e+00 5.742718e-01 7.237778e-01
      vertex -3.000828e+00 4.145566e-01 9.089870e-01
    endloop
  endfacet
  facet normal 0.000000e+00 0.000000e+00 0.000000e+00
    outer loop
      vertex -3.000828e+00 4.145566e-01 9.089870e-01
      vertex -2.859458e+00 5.742718e-01 7.237778e-01
      vertex -2.954979e+00 3.955653e-01 7.237778e-01
    endloop
  endfacet
  facet normal 0.000000e+00 0.000000e+00 0.000000e+00
    outer loop
      vertex -3.000828e+00 4.145566e-01 9.089870e-01
      vertex -2.954979e+00 3.955653e-01 7.237778e-01
      vertex -3.062474e+00 2.113391e-01 9.089870e-01
    endloop
  endfacet
  facet normal 0.000000e+00 0.000000e+00 0.000000e+00
    outer loop
      vertex -3.062474e+00 2.113391e-01 9.089870e-01
      vertex -2.954979e+00 3.955653e-01 7.237778e-01
      vertex -3.013800e+00 2.016574e-01 7.237778e-01
    endloop
  endfacet
  facet normal 0.000000e+00 0.000000e+00 0.000000e+00
    outer loop
      vertex -3.062474e+00 2.113391e-01 9.089870e-01
      vertex -3.013800e+00 2.016574e-01 7.237778e-01
      vertex -3.083288e+00 1.326646e-16 9.089870e-01
    endloop
  endfacet
  facet normal 0.000000e+00 0.000000e+00 0.000000e+00
    outer loop
      vertex -3.083288e+00 1.326646e-16 9.089870e-01
      vertex -3.013800e+00 2.016574e-01 7.237778e-01
      vertex -3.033662e+00 1.265871e-16 7.237778e-01
    endloop
  endfacet
  facet normal 0.000000e+00 0.000000e+00 0.000000e+00
    outer loop
      vertex -3.083288e+00 1.326646e-16 9.089870e-01
      vertex -3.033662e+00 1.265871e-16 7.237778e-01
      vertex -3.062474e+00 -2.113391e-01 9.089870e-01
    endloop
  endfacet
  facet normal 0.000000e+00 0.000000e+00 0.000000e+00
    outer loop
      vertex -3.062474e+00 -2.113391e-01 9.089870e-01
      vertex -3.033662e+00 1.265871e-16 7.237778e-01
      vertex -3.013800e+00 -2.016574e-01 7.237778e-01
    endloop
  endfacet
  facet normal 0.000000e+00 0.000000e+00 0.000000e+00
    outer loop
      vertex -3.062474e+00 -2.113391e-01 9.089870e-01
      vertex -3.013800e+00 -2.016574e-01 7.237778e-01
      vertex -3.000828e+00 -4.145566e-01 9.089870e-01
    endloop
  endfacet
  facet normal 0.000000e+00 0.000000e+00 0.000000e+00
    outer loop
      vertex -3.000828e+00 -4.145566e-01 9.089870e-01
      vertex -3.013800e+00 -2.016574e-01 7.237778e-01
      vertex -2.954979e+00 -3.955653e-01 7.237778e-01
    endloop
  endfacet
  facet normal 0.000000e+00 0.000000e+00 0.000000e+00
    outer loop
      vertex -3.000828e+00 -4.145566e-01 9.089870e-01
      vertex -2.954979e+00 -3.955653e-01 7.237778e-01
      vertex -2.900722e+00 -6.018429e-01 9.089870e-01
    endloop
  endfacet
  facet normal 0.000000e+00 0.000000e+00 0.000000e+00
    outer loop
      vertex -2.900722e+00 -6.018429e-01 9.089870e-01
      vertex -2.954979e+00 -3.955653e-01 7.237778e-01
      vertex -2.859458e+00 -5.742718e-01 7.237778e-01
    endloop
  endfacet
  facet normal 0.000000e+00 0.000000e+00 0.000000e+00
    outer loop
      vertex -2.900722e+00 -6.018429e-01 9.089870e-01
      vertex -2.859458e+00 -5.742718e-01 7.237778e-01
      vertex -2.766001e+00 -7.660007e-01 9.089870e-01
    endloop
  endfacet
  facet normal 0.000000e+00 0.000000e+00 0.000000e+00
    outer loop
      vertex -2.766001e+00 -7.660007e-01 9.089870e-01
      vertex -2.859458e+00 -5.742718e-01 7.237778e-01
      vertex -2.730909e+00 -7.309093e-01 7.237778e-01
    endloop
  endfacet
  facet normal 0.000000e+00 0.000000e+00 0.000000e+00
    outer loop
      vertex -2.766001e+00 -7.660007e-01 9.089870e-01
      vertex -2.730909e+00 -7.309093e-01 7.237778e-01
      vertex -2.601843e+00 -9.007215e-01 9.089870e-01
    endloop
  endfacet
  facet normal 0.000000e+00 0.000000e+00 0.000000e+00
    outer loop
      vertex -2.601843e+00 -9.007215e-01 9.089870e-01
      vertex -2.730909e+00 -7.309093e-01 7.237778e-01
      vertex -2.574272e+00 -8.594584e-01 7.237778e-01
    endloop
  endfacet
  facet normal 0.000000e+00 0.000000e+00 0.000000e+00
    outer loop
      vertex -2.601843e+00 -9.007215e-01 9.089870e-01
      vertex -2.574272e+00 -8.594584e-01 7.237778e-01
      vertex -2.414557e+00 -1.000828e+00 9.089870e-01
    endloop
  endfacet
  facet normal 0.000000e+00 0.000000e+00 0.000000e+00
    outer loop
      vertex -2.414557e+00 -1.000828e+00 9.089870e-01
      vertex -2.574272e+00 -8.594584e-01 7.237778e-01
      vertex -2.395565e+00 -9.549791e-01 7.237778e-01
    endloop
  endfacet
  facet normal 0.000000e+00 0.000000e+00 0.000000e+00
    outer loop
      vertex -2.414557e+00 -1.000828e+00 9.089870e-01
      vertex -2.395565e+00 -9.549791e-01 7.237778e-01
      vertex -2.211339e+00 -1.062473e+00 9.089870e-01
    endloop
  endfacet
  facet normal 0.000000e+00 0.000000e+00 0.000000e+00
    outer loop
      vertex -2.211339e+00 -1.062473e+00 9.089870e-01
      vertex -2.395565e+00 -9.549791e-01 7.237778e-01
      vertex -2.201658e+00 -1.013800e+00 7.237778e-01
    endloop
  endfacet
  facet normal 0.000000e+00 0.000000e+00 0.000000e+00
    outer loop
      vertex -2.211339e+00 -1.062473e+00 9.089870e-01
      vertex -2.201658e+00 -1.013800e+00 7.237778e-01
      vertex -2.000000e+00 -1.083289e+00 9.089870e-01
    endloop
  endfacet
  facet normal 0.000000e+00 0.000000e+00 0.000000e+00
    outer loop
      vertex -2.000000e+00 -1.083289e+00 9.089870e-01
      vertex -2.201658e+00 -1.013800e+00 7.237778e-01
      vertex -2.000000e+00 -1.033662e+00 7.237778e-01
    endloop
  endfacet
  facet normal 0.000000e+00 0.000000e+00 0.000000e+00
    outer loop
      vertex -2.000000e+00 -1.083289e+00 9.089870e-01
      vertex -2.000000e+00 -1.033662e+00 7.237778e-01
      vertex -1.788661e+00 -1.062473e+00 9.089870e-01
    endloop
  endfacet
  facet normal 0.000000e+00 0.000000e+00 0.000000e+00
    outer loop
      vertex -1.788661e+00 -1.062473e+00 9.089870e-01
      vertex -2.000000e+00 -1.033662e+00 7.237778e-01
      vertex -1.798343e+00 -1.013800e+00 7.237778e-01
    endloop
  endfacet
  facet normal 0.000000e+00 0.000000e+00 0.000000e+00
    outer loop
      vertex -1.788661e+00 -1.062473e+00 9.089870e-01
      vertex -1.798343e+00 -1.013800e+00 7.237778e-01
      vertex -1.585443e+00 -1.000828e+00 9.089870e-01
    endloop
  endfacet
  facet normal 0.000000e+00 0.000000e+00 0.000000e+00
    outer loop
      vertex -1.585443e+00 -1.000828e+00 9.089870e-01
      vertex -1.798343e+00 -1.013800e+00 7.237778e-01
      vertex -1.604435e+00 -9.549791e-01 7.237778e-01
    endloop
  endfacet
  facet normal 0.000000e+00 0.000000e+00 0.000000e+00
    outer loop
      vertex -1.585443e+00 -1.000828e+00 9.089870e-01
      vertex -1.604435e+00 -9.549791e-01 7.237778e-01
      vertex -1.398157e+00 -9.007215e-01 9.089870e-01
    endloop
  endfacet
  facet normal 0.000000e+00 0.000000e+00 0.000000e+00
    outer loop
      vertex -1.398157e+00 -9.007215e-01 9.089870e-01
      vertex -1.604435e+00 -9.549791e-01 7.237778e-01
      vertex -1.425728e+00 -8.594584e-01 7.237778e-01
    endloop
  endfacet
  facet normal 0.000000e+00 0.000000e+00 0.000000e+00
    outer loop
      vertex -1.398157e+00 -9.007215e-01 9.089870e-01
      vertex -1.425728e+00 -8.594584e-01 7.237778e-01
      vertex -1.233999e+00 -7.660007e-01 9.089870e-01
    endloop
  endfacet
  facet normal 0.000000e+00 0.000000e+00 0.000000e+00
    outer loop
      vertex -1.233999e+00 -7.660007e-01 9.089870e-01
      vertex -1.425728e+00 -8.594584e-01 7.237778e-01
      vertex -1.269091e+00 -7.309093e-01 7.237778e-01
    endloop
  endfacet
  facet normal 0.000000e+00 0.000000e+00 0.000000e+00
    outer loop
      vertex -1.233999e+00 -7.660007e-01 9.089870e-01
      vertex -1.269091e+00 -7.309093e-01 7.237778e-01
      vertex -1.099278e+00 -6.018429e-01 9.089870e-01
    endloop
  endfacet
  facet normal 0.000000e+00 0.000000e+00 0.000000e+00
    outer loop
      vertex -1.099278e+00 -6.018429e-01 9.089870e-01
      vertex -1.269091e+00 -7.309093e-01 7.237778e-01
      vertex -1.140542e+00 -5.742718e-01 7.237778e-01
    endloop
  endfacet
  facet normal 0.000000e+00 0.000000e+00 0.000000e+00
    outer loop
      vertex -1.099278e+00 -6.018429e-01 9.089870e-01
      vertex -1.140542e+00 -5.742718e-01 7.237778e-01
      vertex -9.991719e-01 -4.145566e-01 9.089870e-01
    endloop
  endfacet
  facet normal 0.000000e+00 0.000000e+00 0.000000e+00
    outer loop
      vertex -9.991719e-01 -4.145566e-01 9.089870e-01
      vertex -1.140542e+00 -5.742718e-01 7.237778e-01
      vertex -1.045021e+00 -3.955653e-01 7.237778e-01
    endloop
  endfacet
  facet normal 0.000000e+00 0.000000e+00 0.000000e+00
    outer loop
      vertex -9.991719e-01 -4.145566e-01 9.089870e-01
      vertex -1.045021e+00 -3.955653e-01 7.237778e-01
      vertex -9.375266e-01 -2.113391e-01 9.089870e-01
    endloop
  endfacet
  facet normal 0.000000e+00 0.000000e+00 0.000000e+00
    outer loop
      vertex -9.375266e-01 -2.113391e-01 9.089870e-01
      vertex -1.045021e+00 -3.955653e-01 7.237778e-01
      vertex -9.861996e-01 -2.016574e-01 7.237778e-01
    endloop
  endfacet
  facet normal 0.000000e+00 0.000000e+00 0.000000e+00
    outer loop
      vertex -9.375266e-01 -2.113391e-01 9.089870e-01
      vertex -9.861996e-01 -2.016574e-01 7.237778e-01
      vertex -9.167114e-01 -2.653292e-16 9.089870e-01
    endloop
  endfacet
  facet normal 0.000000e+00 0.000000e+00 0.000000e+00
    outer loop
      vertex -9.167114e-01 -2.653292e-16 9.089870e-01
      vertex -9.861996e-01 -2.016574e-01 7.237778e-01
      vertex -9.663381e-01 -2.531742e-16 7.237778e-01
    endloop
  endfacet
  facet normal 0.000000e+00 0.000000e+00 0.000000e+00
    outer loop
      vertex -9.663381e-01 0.000000e+00 7.237778e-01
      vertex -1.047372e+00 0.000000e+00 5.500000e-01
      vertex -9.861996e-01 2.016574e-01 7.237778e-01
    endloop
  endfacet
  facet normal 0.000000e+00 0.000000e+00 0.000000e+00
    outer loop
      vertex -9.861996e-01 2.016574e-01 7.237778e-01
      vertex -1.047372e+00 0.000000e+00 5.500000e-01
      vertex -1.065677e+00 1.858485e-01 5.500000e-01
    endloop
  endfacet
  facet normal 0.000000e+00 0.000000e+00 0.000000e+00
    outer loop
      vertex -9.861996e-01 2.016574e-01 7.237778e-01
      vertex -1.065677e+00 1.858485e-01 5.500000e-01
      vertex -1.045021e+00 3.955653e-01 7.237778e-01
    endloop
  endfacet
  facet normal 0.000000e+00 0.000000e+00 0.000000e+00
    outer loop
      vertex -1.045021e+00 3.955653e-01 7.237778e-01
      vertex -1.065677e+00 1.858485e-01 5.500000e-01
      vertex -1.119887e+00 3.645549e-01 5.500000e-01
    endloop
  endfacet
  facet normal 0.000000e+00 0.000000e+00 0.000000e+00
    outer loop
      vertex -1.045021e+00 3.955653e-01 7.237778e-01
      vertex -1.119887e+00 3.645549e-01 5.500000e-01
      vertex -1.140542e+00 5.742718e-01 7.237778e-01
    endloop
  endfacet
  facet normal 0.000000e+00 0.000000e+00 0.000000e+00
    outer loop
      vertex -1.140542e+00 5.742718e-01 7.237778e-01
      vertex -1.119887e+00 3.645549e-01 5.500000e-01
      vertex -1.207919e+00 5.292518e-01 5.500000e-01
    endloop
  endfacet
  facet normal 0.000000e+00 0.000000e+00 0.000000e+00
    outer loop
      vertex -1.140542e+00 5.742718e-01 7.237778e-01
      vertex -1.207919e+00 5.292518e-01 5.500000e-01
      vertex -1.269091e+00 7.309093e-01 7.237778e-01
    endloop
  endfacet
  facet normal 0.000000e+00 0.000000e+00 0.000000e+00
    outer loop
      vertex -1.269091e+00 7.309093e-01 7.237778e-01
      vertex -1.207919e+00 5.292518e-01 5.500000e-01
      vertex -1.326390e+00 6.736097e-01 5.500000e-01
    endloop
  endfacet
  facet normal 0.000000e+00 0.000000e+00 0.000000e+00
    outer loop
      vertex -1.269091e+00 7.309093e-01 7.237778e-01
      vertex -1.326390e+00 6.736097e-01 5.500000e-01
      vertex -1.425728e+00 8.594584e-01 7.237778e-01
    endloop
  endfacet
  facet normal 0.000000e+00 0.000000e+00 0.000000e+00
    outer loop
      vertex -1.425728e+00 8.594584e-01 7.237778e-01
      vertex -1.326390e+00 6.736097e-01 5.500000e-01
      vertex -1.470748e+00 7.920812e-01 5.500000e-01
    endloop
  endfacet
  facet normal 0.000000e+00 0.000000e+00 0.000000e+00
    outer loop
      vertex -1.425728e+00 8.594584e-01 7.237778e-01
      vertex -1.470748e+00 7.920812e-01 5.500000e-01
      vertex -1.604435e+00 9.549791e-01 7.237778e-01
    endloop
  endfacet
  facet normal 0.000000e+00 0.000000e+00 0.000000e+00
    outer loop
      vertex -1.604435e+00 9.549791e-01 7.237778e-01
      vertex -1.470748e+00 7.920812e-01 5.500000e-01
      vertex -1.635445e+00 8.801135e-01 5.500000e-01
    endloop
  endfacet
  facet normal 0.000000e+00 0.000000e+00 0.000000e+00
    outer loop
      vertex -1.604435e+00 9.549791e-01 7.237778e-01
      vertex -1.635445e+00 8.801135e-01 5.500000e-01
      vertex -1.798343e+00 1.013800e+00 7.237778e-01
    endloop
  endfacet
  facet normal 0.000000e+00 0.000000e+00 0.000000e+00
    outer loop
      vertex -1.798343e+00 1.013800e+00 7.237778e-01
      vertex -1.635445e+00 8.801135e-01 5.500000e-01
      vertex -1.814152e+00 9.343235e-01 5.500000e-01
    endloop
  endfacet
  facet normal 0.000000e+00 0.000000e+00 0.000000e+00
    outer loop
      vertex -1.798343e+00 1.013800e+00 7.237778e-01
      vertex -1.814152e+00 9.343235e-01 5.500000e-01
      vertex -2.000000e+00 1.033662e+00 7.237778e-01
    endloop
  endfacet
  facet normal 0.000000e+00 0.000000e+00 0.000000e+00
    outer loop
      vertex -2.000000e+00 1.033662e+00 7.237778e-01
      vertex -1.814152e+00 9.343235e-01 5.500000e-01
      vertex -2.000000e+00 9.526280e-01 5.500000e-01
    endloop
  endfacet
  facet normal 0.000000e+00 0.000000e+00 0.000000e+00
    outer loop
      vertex -2.000000e+00 1.033662e+00 7.237778e-01
      vertex -2.000000e+00 9.526280e-01 5.500000e-01
      vertex -2.201658e+00 1.013800e+00 7.237778e-01
    endloop
  endfacet
  facet normal 0.000000e+00 0.000000e+00 0.000000e+00
    outer loop
      vertex -2.201658e+00 1.013800e+00 7.237778e-01
      vertex -2.000000e+00 9.526280e-01 5.500000e-01
      vertex -2.185848e+00 9.343235e-01 5.500000e-01
    endloop
  endfacet
  facet normal 0.000000e+00 0.000000e+00 0.000000e+00
    outer loop
      vertex -2.201658e+00 1.013800e+00 7.237778e-01
      vertex -2.185848e+00 9.343235e-01 5.500000e-01
      vertex -2.395565e+00 9.549791e-01 7.237778e-01
    endloop
  endfacet
  facet normal 0.000000e+00 0.000000e+00 0.000000e+00
    outer loop
      vertex -2.395565e+00 9.549791e-01 7.237778e-01
      vertex -2.185848e+00 9.343235e-01 5.500000e-01
      vertex -2.364555e+00 8.801135e-01 5.500000e-01
    endloop
  endfacet
  facet normal 0.000000e+00 0.000000e+00 0.000000e+00
    outer loop
      vertex -2.395565e+00 9.549791e-01 7.237778e-01
      vertex -2.364555e+00 8.801135e-01 5.500000e-01
      vertex -2.574272e+00 8.594584e-01 7.237778e-01
    endloop
  endfacet
  facet normal 0.000000e+00 0.000000e+00 0.000000e+00
    outer loop
      vertex -2.574272e+00 8.594584e-01 7.237778e-01
      vertex -2.364555e+00 8.801135e-01 5.500000e-01
      vertex -2.529252e+00 7.920812e-01 5.500000e-01
    endloop
  endfacet
  facet normal 0.000000e+00 0.000000e+00 0.000000e+00
    outer loop
      vertex -2.574272e+00 8.594584e-01 7.237778e-01
      vertex -2.529252e+00 7.920812e-01 5.500000e-01
      vertex -2.730909e+00 7.309093e-01 7.237778e-01
    endloop
  endfacet
  facet normal 0.000000e+00 0.000000e+00 0.000000e+00
    outer loop
      vertex -2.730909e+00 7.309093e-01 7.237778e-01
      vertex -2.529252e+00 7.920812e-01 5.500000e-01
      vertex -2.673610e+00 6.736097e-01 5.500000e-01
    endloop
  endfacet
  facet normal 0.000000e+00 0.000000e+00 0.000000e+00
    outer loop
      vertex -2.730909e+00 7.309093e-01 7.237778e-01
      vertex -2.673610e+00 6.736097e-01 5.500000e-01
      vertex -2.859458e+00 5.742718e-01 7.237778e-01
    endloop
  endfacet
  facet normal 0.000000e+00 0.000000e+00 0.000000e+00
    outer loop
      vertex -2.859458e+00 5.742718e-01 7.237778e-01
      vertex -2.673610e+00 6.736097e-01 5.500000e-01
      vertex -2.792081e+00 5.292518e-01 5.500000e-01
    endloop
  endfacet
  facet normal 0.000000e+00 0.000000e+00 0.000000e+00
    outer loop
      vertex -2.859458e+00 5.742718e-01 7.237778e-01
      vertex -2.792081e+00 5.292518e-01 5.500000e-01
      vertex -2.954979e+00 3.955653e-01 7.237778e-01
    endloop
  endfacet
  facet normal 0.000000e+00 0.000000e+00 0.000000e+00
    outer loop
      vertex -2.954979e+00 3.955653e-01 7.237778e-01
      vertex -2.792081e+00 5.292518e-01 5.500000e-01
      vertex -2.880113e+00 3.645549e-01 5.500000e-01
    endloop
  endfacet
  facet normal 0.000000e+00 0.000000e+00 0.000000e+00
    outer loop
      vertex -2.954979e+00 3.955653e-01 7.237778e-01
      vertex -2.880113e+00 3.645549e-01 5.500000e-01
      vertex -3.013800e+00 2.016574e-01 7.237778e-01
    endloop
  endfacet
  facet normal 0.000000e+00 0.000000e+00 0.000000e+00
    outer loop
      vertex -3.013800e+00 2.016574e-01 7.237778e-01
      vertex -2.880113e+00 3.645549e-01 5.500000e-01
      vertex -2.934324e+00 1.858485e-01 5.500000e-01
    endloop
  endfacet
  facet normal 0.000000e+00 0.000000e+00 0.000000e+00
    outer loop
      vertex -3.013800e+00 2.016574e-01 7.237778e-01
      vertex -2.934324e+00 1.858485e-01 5.500000e-01
      vertex -3.033662e+00 1.265871e-16 7.237778e-01
    endloop
  endfacet
  facet normal 0.000000e+00 0.000000e+00 0.000000e+00
    outer loop
      vertex -3.033662e+00 1.265871e-16 7.237778e-01
      vertex -2.934324e+00 1.858485e-01 5.500000e-01
      vertex -2.952628e+00 1.166633e-16 5.500000e-01
    endloop
  endfacet
  facet normal 0.000000e+00 0.000000e+00 0.000000e+00
    outer loop
      vertex -3.033662e+00 1.265871e-16 7.237778e-01
      vertex -2.952628e+00 1.166633e-16 5.500000e-01
      vertex -3.013800e+00 -2.016574e-01 7.237778e-01
    endloop
  endfacet
  facet normal 0.000000e+00 0.000000e+00 0.000000e+00
    outer loop
      vertex -3.013800e+00 -2.016574e-01 7.237778e-01
      vertex -2.952628e+00 1.166633e-16 5.500000e-01
      vertex -2.934324e+00 -1.858485e-01 5.500000e-01
    endloop
  endfacet
  facet normal 0.000000e+00 0.000000e+00 0.000000e+00
    outer loop
      vertex -3.013800e+00 -2.016574e-01 7.237778e-01
      vertex -2.934324e+00 -1.858485e-01 5.500000e-01
      vertex -2.954979e+00 -3.955653e-01 7.237778e-01
    endloop
  endfacet
  facet normal 0.000000e+00 0.000000e+00 0.000000e+00
    outer loop
      vertex -2.954979e+00 -3.955653e-01 7.237778e-01
      vertex -2.934324e+00 -1.858485e-01 5.500000e-01
      vertex -2.880113e+00 -3.645549e-01 5.500000e-01
    endloop
  endfacet
  facet normal 0.000000e+00 0.000000e+00 0.000000e+00
    outer loop
      vertex -2.954979e+00 -3.955653e-01 7.237778e-01
      vertex -2.880113e+00 -3.645549e-01 5.500000e-01
      vertex -2.859458e+00 -5.742718e-01 7.237778e-01
    endloop
  endfacet
  facet normal 0.000000e+00 0.000000e+00 0.000000e+00
    outer loop
      vertex -2.859458e+00 -5.742718e-01 7.237778e-01
      vertex -2.880113e+00 -3.645549e-01 5.500000e-01
      vertex -2.792081e+00 -5.292518e-01 5.500000e-01
    endloop
  endfacet
  facet normal 0.000000e+00 0.000000e+00 0.000000e+00
    outer loop
      vertex -2.859458e+00 -5.742718e-01 7.237778e-01
      vertex -2.792081e+00 -5.292518e-01 5.500000e-01
      vertex -2.730909e+00 -7.309093e-01 7.237778e-01
    endloop
  endfacet
  facet normal 0.000000e+00 0.000000e+00 0.000000e+00
    outer loop
      vertex -2.730909e+00 -7.309093e-01 7.237778e-01
      vertex -2.792081e+00 -5.292518e-01 5.500000e-01
      vertex -2.673610e+00 -6.736097e-01 5.500000e-01
    endloop
  endfacet
  facet normal 0.000000e+00 0.000000e+00 0.000000e+00
    outer loop
      vertex -2.730909e+00 -7.309093e-01 7.237778e-01
      vertex -2.673610e+00 -6.736097e-01 5.500000e-01
      vertex -2.574272e+00 -8.594584e-01 7.237778e-01
    endloop
  endfacet
  facet normal 0.000000e+00 0.000000e+00 0.000000e+00
    outer loop
      vertex -2.574272e+00 -8.594584e-01 7.237778e-01
      vertex -2.673610e+00 -6.736097e-01 5.500000e-01
      vertex -2.529252e+00 -7.920812e-01 5.500000e-01
    endloop
  endfacet
  facet normal 0.000000e+00 0.000000e+00 0.000000e+00
    outer loop
      vertex -2.574272e+00 -8.594584e-01 7.237778e-01
      vertex -2.529252e+00 -7.920812e-01 5.500000e-01
      vertex -2.395565e+00 -9.549791e-01 7.237778e-01
    endloop
  endfacet
  facet normal 0.000000e+00 0.000000e+00 0.000000e+00
    outer loop
      vertex -2.395565e+00 -9.549791e-01 7.237778e-01
      vertex -2.529252e+00 -7.920812e-01 5.500000e-01
      vertex -2.364555e+00 -8.801135e-01 5.500000e-01
    endloop
  endfacet
  facet normal 0.000000e+00 0.000000e+00 0.000000e+00
    outer loop
      vertex -2.395565e+00 -9.549791e-01 7.237778e-01
      vertex -2.364555e+00 -8.801135e-01 5.500000e-01
      vertex -2.201658e+00 -1.013800e+00 7.237778e-01
    endloop
  endfacet
  facet normal 0.000000e+00 0.000000e+00 0.000000e+00
    outer loop
      vertex -2.201658e+00 -1.013800e+00 7.237778e-01
      vertex -2.364555e+00 -8.801135e-01 5.500000e-01
      vertex -2.185848e+00 -9.343235e-01 5.500000e-01
    endloop
  endfacet
  facet normal 0.000000e+00 0.000000e+00 0.000000e+00
    outer loop
      vertex -2.201658e+00 -1.013800e+00 7.237778e-01
      vertex -2.185848e+00 -9.343235e-01 5.500000e-01
      vertex -2.000000e+00 -1.033662e+00 7.237778e-01
    endloop
  endfacet
  facet normal 0.000000e+00 0.000000e+00 0.000000e+00
    outer loop
      vertex -2.000000e+00 -1.033662e+00 7.237778e-01
      vertex -2.185848e+00 -9.343235e-01 5.500000e-01
      vertex -2.000000e+00 -9.526280e-01 5.500000e-01
    endloop
  endfacet
  facet normal 0.000000e+00 0.000000e+00 0.000000e+00
    outer loop
      vertex -2.000000e+00 -1.033662e+00 7.237778e-01
      vertex -2.000000e+00 -9.526280e-01 5.500000e-01
      vertex -1.798343e+00 -1.013800e+00 7.237778e-01
    endloop
  endfacet
  facet normal 0.000000e+00 0.000000e+00 0.000000e+00
    outer loop
      vertex -1.798343e+00 -1.013800e+00 7.237778e-01
      vertex -2.000000e+00 -9.526280e-01 5.500000e-01
      vertex -1.814152e+00 -9.343235e-01 5.500000e-01
    endloop
  endfacet
  facet normal 0.000000e+00 0.000000e+00 0.000000e+00
    outer loop
      vertex -1.798343e+00 -1.013800e+00 7.237778e-01
      vertex -1.814152e+00 -9.343235e-01 5.500000e-01
      vertex -1.604435e+00 -9.549791e-01 7.237778e-01
    endloop
  endfacet
  facet normal 0.000000e+00 0.000000e+00 0.000000e+00
    outer loop
      vertex -1.604435e+00 -9.549791e-01 7.237778e-01
      vertex -1.814152e+00 -9.343235e-01 5.500000e-01
      vertex -1.635445e+00 -8.801135e-01 5.500000e-01
    endloop
  endfacet
  facet normal 0.000000e+00 0.000000e+00 0.000000e+00
    outer loop
      vertex -1.604435e+00 -9.549791e-01 7.237778e-01
      vertex -1.635445e+00 -8.801135e-01 5.500000e-01
      vertex -1.425728e+00 -8.594584e-01 7.237778e-01
    endloop
  endfacet
  facet normal 0.000000e+00 0.000000e+00 0.000000e+00
    outer loop
      vertex -1.425728e+00 -8.594584e-01 7.237778e-01
      vertex -1.635445e+00 -8.801135e-01 5.500000e-01
      vertex -1.470748e+00 -7.920812e-01 5.500000e-01
    endloop
  endfacet
  facet normal 0.000000e+00 0.000000e+00 0.000000e+00
    outer loop
      vertex -1.425728e+00 -8.594584e-01 7.237778e-01
      vertex -1.470748e+00 -7.920812e-01 5.500000e-01
      vertex -1.269091e+00 -7.309093e-01 7.237778e-01
    endloop
  endfacet
  facet normal 0.000000e+00 0.000000e+00 0.000000e+00
    outer loop
      vertex -1.269091e+00 -7.309093e-01 7.237778e-01
      vertex -1.470748e+00 -7.920812e-01 5.500000e-01
      vertex -1.326390e+00 -6.736097e-01 5.500000e-01
    endloop
  endfacet
  facet normal 0.000000e+00 0.000000e+00 0.000000e+00
    outer loop
      vertex -1.269091e+00 -7.309093e-01 7.237778e-01
      vertex -1.326390e+00 -6.736097e-01 5.500000e-01
      vertex -1.140542e+00 -5.742718e-01 7.237778e-01
    endloop
  endfacet
  facet normal 0.000000e+00 0.000000e+00 0.000000e+00
    outer loop
      vertex -1.140542e+00 -5.742718e-01 7.237778e-01
      vertex -1.326390e+00 -6.736097e-01 5.500000e-01
      vertex -1.207919e+00 -5.292518e-01 5.500000e-01
    endloop
  endfacet
  facet normal 0.000000e+00 0.000000e+00 0.000000e+00
    outer loop
      vertex -1.140542e+00 -5.742718e-01 7.237778e-01
      vertex -1.207919e+00 -5.292518e-01 5.500000e-01
      vertex -1.045021e+00 -3.955653e-01 7.237778e-01
    endloop
  endfacet
  facet normal 0.000000e+00 0.000000e+00 0.000000e+00
    outer loop
      vertex -1.045021e+00 -3.955653e-01 7.237778e-01
      vertex -1.207919e+00 -5.292518e-01 5.500000e-01
      vertex -1.119887e+00 -3.645549e-01 5.500000e-01
    endloop
  endfacet
  facet normal 0.000000e+00 0.000000e+00 0.000000e+00
    outer loop
      vertex -1.045021e+00 -3.955653e-01 7.237778e-01
      vertex -1.119887e+00 -3.645549e-01 5.500000e-01
      vertex -9.861996e-01 -2.016574e-01 7.237778e-01
    endloop
  endfacet
  facet normal 0.000000e+00 0.000000e+00 0.000000e+00
    outer loop
      vertex -9.861996e-01 -2.016574e-01 7.237778e-01
      vertex -1.119887e+00 -3.645549e-01 5.500000e-01
      vertex -1.065677e+00 -1.858485e-01 5.500000e-01
    endloop
  endfacet
  facet normal 0.000000e+00 0.000000e+00 0.000000e+00
    outer loop
      vertex -9.861996e-01 -2.016574e-01 7.237778e-01
      vertex -1.065677e+00 -1.858485e-01 5.500000e-01
      vertex -9.663381e-01 -2.531742e-16 7.237778e-01
    endloop
  endfacet
  facet normal 0.000000e+00 0.000000e+00 0.000000e+00
    outer loop
      vertex -9.663381e-01 -2.531742e-16 7.237778e-01
      vertex -1.065677e+00 -1.858485e-01 5.500000e-01
      vertex -1.047372e+00 -2.333266e-16 5.500000e-01
    endloop
  endfacet
  facet normal 0.000000e+00 0.000000e+00 0.000000e+00
    outer loop
      vertex -1.047372e+00 0.000000e+00 5.500000e-01
      vertex -1.157351e+00 0.000000e+00 3.929336e-01
      vertex -1.065677e+00 1.858485e-01 5.500000e-01
    endloop
  endfacet
  facet normal 0.000000e+00 0.000000e+00 0.000000e+00
    outer loop
      vertex -1.065677e+00 1.858485e-01 5.500000e-01
      vertex -1.157351e+00 0.000000e+00 3.929336e-01
      vertex -1.173542e+00 1.643927e-01 3.929336e-01
    endloop
  endfacet
  facet normal 0.000000e+00 0.000000e+00 0.000000e+00
    outer loop
      vertex -1.065677e+00 1.858485e-01 5.500000e-01
      vertex -1.173542e+00 1.643927e-01 3.929336e-01
      vertex -1.119887e+00 3.645549e-01 5.500000e-01
    endloop
  endfacet
  facet normal 0.000000e+00 0.000000e+00 0.000000e+00
    outer loop
      vertex -1.119887e+00 3.645549e-01 5.500000e-01
      vertex -1.173542e+00 1.643927e-01 3.929336e-01
      vertex -1.221494e+00 3.224678e-01 3.929336e-01
    endloop
  endfacet
  facet normal 0.000000e+00 0.000000e+00 0.000000e+00
    outer loop
      vertex -1.119887e+00 3.645549e-01 5.500000e-01
      vertex -1.221494e+00 3.224678e-01 3.929336e-01
      vertex -1.207919e+00 5.292518e-01 5.500000e-01
    endloop
  endfacet
  facet normal 0.000000e+00 0.000000e+00 0.000000e+00
    outer loop
      vertex -1.207919e+00 5.292518e-01 5.500000e-01
      vertex -1.221494e+00 3.224678e-01 3.929336e-01
      vertex -1.299363e+00 4.681506e-01 3.929336e-01
    endloop
  endfacet
  facet normal 0.000000e+00 0.000000e+00 0.000000e+00
    outer loop
      vertex -1.207919e+00 5.292518e-01 5.500000e-01
      vertex -1.299363e+00 4.681506e-01 3.929336e-01
      vertex -1.326390e+00 6.736097e-01 5.500000e-01
    endloop
  endfacet
  facet normal 0.000000e+00 0.000000e+00 0.000000e+00
    outer loop
      vertex -1.326390e+00 6.736097e-01 5.500000e-01
      vertex -1.299363e+00 4.681506e-01 3.929336e-01
      vertex -1.404157e+00 5.958427e-01 3.929336e-01
    endloop
  endfacet
  facet normal 0.000000e+00 0.000000e+00 0.000000e+00
    outer loop
      vertex -1.326390e+00 6.736097e-01 5.500000e-01
      vertex -1.404157e+00 5.958427e-01 3.929336e-01
      vertex -1.470748e+00 7.920812e-01 5.500000e-01
    endloop
  endfacet
  facet normal 0.000000e+00 0.000000e+00 0.000000e+00
    outer loop
      vertex -1.470748e+00 7.920812e-01 5.500000e-01
      vertex -1.404157e+00 5.958427e-01 3.929336e-01
      vertex -1.531849e+00 7.006369e-01 3.929336e-01
    endloop
  endfacet
  facet normal 0.000000e+00 0.000000e+00 0.000000e+00
    outer loop
      vertex -1.470748e+00 7.920812e-01 5.500000e-01
      vertex -1.531849e+00 7.006369e-01 3.929336e-01
      vertex -1.635445e+00 8.801135e-01 5.500000e-01
    endloop
  endfacet
  facet normal 0.000000e+00 0.000000e+00 0.000000e+00
    outer loop
      vertex -1.635445e+00 8.801135e-01 5.500000e-01
      vertex -1.531849e+00 7.006369e-01 3.929336e-01
      vertex -1.677532e+00 7.785060e-01 3.929336e-01
    endloop
  endfacet
  facet normal 0.000000e+00 0.000000e+00 0.000000e+00
    outer loop
      vertex -1.635445e+00 8.801135e-01 5.500000e-01
      vertex -1.677532e+00 7.785060e-01 3.929336e-01
      vertex -1.814152e+00 9.343235e-01 5.500000e-01
    endloop
  endfacet
  facet normal 0.000000e+00 0.000000e+00 0.000000e+00
    outer loop
      vertex -1.814152e+00 9.343235e-01 5.500000e-01
      vertex -1.677532e+00 7.785060e-01 3.929336e-01
      vertex -1.835607e+00 8.264576e-01 3.929336e-01
    endloop
  endfacet
  facet normal 0.000000e+00 0.000000e+00 0.000000e+00
    outer loop
      vertex -1.814152e+00 9.343235e-01 5.500000e-01
      vertex -1.835607e+00 8.264576e-01 3.929336e-01
      vertex -2.000000e+00 9.526280e-01 5.500000e-01
    endloop
  endfacet
  facet normal 0.000000e+00 0.000000e+00 0.000000e+00
    outer loop
      vertex -2.000000e+00 9.526280e-01 5.500000e-01
      vertex -1.835607e+00 8.264576e-01 3.929336e-01
      vertex -2.000000e+00 8.426489e-01 3.929336e-01
    endloop
  endfacet
  facet normal 0.000000e+00 0.000000e+00 0.000000e+00
    outer loop
      vertex -2.000000e+00 9.526280e-01 5.500000e-01
      vertex -2.000000e+00 8.426489e-01 3.929336e-01
      vertex -2.185848e+00 9.343235e-01 5.500000e-01
    endloop
  endfacet
  facet normal 0.000000e+00 0.000000e+00 0.000000e+00
    outer loop
      vertex -2.185848e+00 9.343235e-01 5.500000e-01
      vertex -2.000000e+00 8.426489e-01 3.929336e-01
      vertex -2.164393e+00 8.264576e-01 3.929336e-01
    endloop
  endfacet
  facet normal 0.000000e+00 0.000000e+00 0.000000e+00
    outer loop
      vertex -2.185848e+00 9.343235e-01 5.500000e-01
      vertex -2.164393e+00 8.264576e-01 3.929336e-01
      vertex -2.364555e+00 8.801135e-01 5.500000e-01
    endloop
  endfacet
  facet normal 0.000000e+00 0.000000e+00 0.000000e+00
    outer loop
      vertex -2.364555e+00 8.801135e-01 5.500000e-01
      vertex -2.164393e+00 8.264576e-01 3.929336e-01
      vertex -2.322468e+00 7.785060e-01 3.929336e-01
    endloop
  endfacet
  facet normal 0.000000e+00 0.000000e+00 0.000000e+00
    outer loop
      vertex -2.364555e+00 8.801135e-01 5.500000e-01
      vertex -2.322468e+00 7.785060e-01 3.929336e-01
      vertex -2.529252e+00 7.920812e-01 5.500000e-01
    endloop
  endfacet
  facet normal 0.000000e+00 0.000000e+00 0.000000e+00
    outer loop
      vertex -2.529252e+00 7.920812e-01 5.500000e-01
      vertex -2.322468e+00 7.785060e-01 3.929336e-01
      vertex -2.468151e+00 7.006369e-01 3.929336e-01
    endloop
  endfacet
  facet normal 0.000000e+00 0.000000e+00 0.000000e+00
    outer loop
      vertex -2.529252e+00 7.920812e-01 5.500000e-01
      vertex -2.468151e+00 7.006369e-01 3.929336e-01
      vertex -2.673610e+00 6.736097e-01 5.500000e-01
    endloop
  endfacet
  facet normal 0.000000e+00 0.000000e+00 0.000000e+00
    outer loop
      vertex -2.673610e+00 6.736097e-01 5.500000e-01
      vertex -2.468151e+00 7.006369e-01 3.929336e-01
      vertex -2.595843e+00 5.958427e-01 3.929336e-01
    endloop
  endfacet
  facet normal 0.000000e+00 0.000000e+00 0.000000e+00
    outer loop
      vertex -2.673610e+00 6.736097e-01 5.500000e-01
      vertex -2.595843e+00 5.958427e-01 3.929336e-01
      vertex -2.792081e+00 5.292518e-01 5.500000e-01
    endloop
  endfacet
  facet normal 0.000000e+00 0.000000e+00 0.000000e+00
    outer loop
      vertex -2.792081e+00 5.292518e-01 5.500000e-01
      vertex -2.595843e+00 5.958427e-01 3.929336e-01
      vertex -2.700637e+00 4.681506e-01 3.929336e-01
    endloop
  endfacet
  facet normal 0.000000e+00 0.000000e+00 0.000000e+00
    outer loop
      vertex -2.792081e+00 5.292518e-01 5.500000e-01
      vertex -2.700637e+00 4.681506e-01 3.929336e-01
      vertex -2.880113e+00 3.645549e-01 5.500000e-01
    endloop
  endfacet
  facet normal 0.000000e+00 0.000000e+00 0.000000e+00
    outer loop
      vertex -2.880113e+00 3.645549e-01 5.500000e-01
      vertex -2.700637e+00 4.681506e-01 3.929336e-01
      vertex -2.778506e+00 3.224678e-01 3.929336e-01
    endloop
  endfacet
  facet normal 0.000000e+00 0.000000e+00 0.000000e+00
    outer loop
      vertex -2.880113e+00 3.645549e-01 5.500000e-01
      vertex -2.778506e+00 3.224678e-01 3.929336e-01
      vertex -2.934324e+00 1.858485e-01 5.500000e-01
    endloop
  endfacet
  facet normal 0.000000e+00 0.000000e+00 0.000000e+00
    outer loop
      vertex -2.934324e+00 1.858485e-01 5.500000e-01
      vertex -2.778506e+00 3.224678e-01 3.929336e-01
      vertex -2.826458e+00 1.643927e-01 3.929336e-01
    endloop
  endfacet
  facet normal 0.000000e+00 0.000000e+00 0.000000e+00
    outer loop
      vertex -2.934324e+00 1.858485e-01 5.500000e-01
      vertex -2.826458e+00 1.643927e-01 3.929336e-01
      vertex -2.952628e+00 1.166633e-16 5.500000e-01
    endloop
  endfacet
  facet normal 0.000000e+00 0.000000e+00 0.000000e+00
    outer loop
      vertex -2.952628e+00 1.166633e-16 5.500000e-01
      vertex -2.826458e+00 1.643927e-01 3.929336e-01
      vertex -2.842649e+00 1.031947e-16 3.929336e-01
    endloop
  endfacet
  facet normal 0.000000e+00 0.000000e+00 0.000000e+00
    outer loop
      vertex -2.952628e+00 1.166633e-16 5.500000e-01
      vertex -2.842649e+00 1.031947e-16 3.929336e-01
      vertex -2.934324e+00 -1.858485e-01 5.500000e-01
    endloop
  endfacet
  facet normal 0.000000e+00 0.000000e+00 0.000000e+00
    outer loop
      vertex -2.934324e+00 -1.858485e-01 5.500000e-01
      vertex -2.842649e+00 1.031947e-16 3.929336e-01
      vertex -2.826458e+00 -1.643927e-01 3.929336e-01
    endloop
  endfacet
  facet normal 0.000000e+00 0.000000e+00 0.000000e+00
    outer loop
      vertex -2.934324e+00 -1.858485e-01 5.500000e-01
      vertex -2.826458e+00 -1.643927e-01 3.929336e-01
      vertex -2.880113e+00 -3.645549e-01 5.500000e-01
    endloop
  endfacet
  facet normal 0.000000e+00 0.000000e+00 0.000000e+00
    outer loop
      vertex -2.880113e+00 -3.645549e-01 5.500000e-01
      vertex -2.826458e+00 -1.643927e-01 3.929336e-01
      vertex -2.778506e+00 -3.224678e-01 3.929336e-01
    endloop
  endfacet
  facet normal 0.000000e+00 0.000000e+00 0.000000e+00
    outer loop
      vertex -2.880113e+00 -3.645549e-01 5.500000e-01
      vertex -2.778506e+00 -3.224678e-01 3.929336e-01
      vertex -2.792081e+00 -5.292518e-01 5.500000e-01
    endloop
  endfacet
  facet normal 0.000000e+00 0.000000e+00 0.000000e+00
    outer loop
      vertex -2.792081e+00 -5.292518e-01 5.500000e-01
      vertex -2.778506e+00 -3.224678e-01 3.929336e-01
      vertex -2.700637e+00 -4.681506e-01 3.929336e-01
    endloop
  endfacet
  facet normal 0.000000e+00 0.000000e+00 0.000000e+00
    outer loop
      vertex -2.792081e+00 -5.292518e-01 5.500000e-01
      vertex -2.700637e+00 -4.681506e-01 3.929336e-01
      vertex -2.673610e+00 -6.736097e-01 5.500000e-01
    endloop
  endfacet
  facet normal 0.000000e+00 0.000000e+00 0.000000e+00
    outer loop
      vertex -2.673610e+00 -6.736097e-01 5.500000e-01
      vertex -2.700637e+00 -4.681506e-01 3.929336e-01
      vertex -2.595843e+00 -5.958427e-01 3.929336e-01
    endloop
  endfacet
  facet normal 0.000000e+00 0.000000e+00 0.000000e+00
    outer loop
      vertex -2.673610e+00 -6.736097e-01 5.500000e-01
      vertex -2.595843e+00 -5.958427e-01 3.929336e-01
      vertex -2.529252e+00 -7.920812e-01 5.500000e-01
    endloop
  endfacet
  facet normal 0.000000e+00 0.000000e+00 0.000000e+00
    outer loop
      vertex -2.529252e+00 -7.920812e-01 5.500000e-01
      vertex -2.595843e+00 -5.958427e-01 3.929336e-01
      vertex -2.468151e+00 -7.006369e-01 3.929336e-01
    endloop
  endfacet
  facet normal 0.000000e+00 0.000000e+00 0.000000e+00
    outer loop
      vertex -2.529252e+00 -7.920812e-01 5.500000e-01
      vertex -2.468151e+00 -7.006369e-01 3.929336e-01
      vertex -2.364555e+00 -8.801135e-01 5.500000e-01
    endloop
  endfacet
  facet normal 0.000000e+00 0.000000e+00 0.000000e+00
    outer loop
      vertex -2.364555e+00 -8.801135e-01 5.500000e-01
      vertex -2.468151e+00 -7.006369e-01 3.929336e-01
      vertex -2.322468e+00 -7.785060e-01 3.929336e-01
    endloop
  endfacet
  facet normal 0.000000e+00 0.000000e+00 0.000000e+00
    outer loop
      vertex -2.364555e+00 -8.801135e-01 5.500000e-01
      vertex -2.322468e+00 -7.785060e-01 3.929336e-01
      vertex -2.185848e+00 -9.343235e-01 5.500000e-01
    endloop
  endfacet
  facet normal 0.000000e+00 0.000000e+00 0.000000e+00
    outer loop
      vertex -2.185848e+00 -9.343235e-01 5.500000e-01
      vertex -2.322468e+00 -7.785060e-01 3.929336e-01
      vertex -2.164393e+00 -8.264576e-01 3.929336e-01
    endloop
  endfacet
  facet normal 0.000000e+00 0.000000e+00 0.000000e+00
    outer loop
      vertex -2.185848e+00 -9.343235e-01 5.500000e-01
      vertex -2.164393e+00 -8.264576e-01 3.929336e-01
      vertex -2.000000e+00 -9.526280e-01 5.500000e-01
    endloop
  endfacet
  facet normal 0.000000e+00 0.000000e+00 0.000000e+00
    outer loop
      vertex -2.000000e+00 -9.526280e-01 5.500000e-01
      vertex -2.164393e+00 -8.264576e-01 3.929336e-01
      vertex -2.000000e+00 -8.426489e-01 3.929336e-01
    endloop
  endfacet
  facet normal 0.000000e+00 0.000000e+00 0.000000e+00
    outer loop
      vertex -2.000000e+00 -9.526280e-01 5.500000e-01
      vertex -2.000000e+00 -8.426489e-01 3.929336e-01
      vertex -1.814152e+00 -9.343235e-01 5.500000e-01
    endloop
  endfacet
  facet normal 0.000000e+00 0.000000e+00 0.000000e+00
    outer loop
      vertex -1.814152e+00 -9.343235e-01 5.500000e-01
      vertex -2.000000e+00 -8.426489e-01 3.929336e-01
      vertex -1.835607e+00 -8.264576e-01 3.929336e-01
    endloop
  endfacet
  facet normal 0.000000e+00 0.000000e+00 0.000000e+00
    outer loop
      vertex -1.814152e+00 -9.343235e-01 5.500000e-01
      vertex -1.835607e+00 -8.264576e-01 3.929336e-01
      vertex -1.635445e+00 -8.801135e-01 5.500000e-01
    endloop
  endfacet
  facet normal 0.000000e+00 0.000000e+00 0.000000e+00
    outer loop
      vertex -1.635445e+00 -8.801135e-01 5.500000e-01
      vertex -1.835607e+00 -8.264576e-01 3.929336e-01
      vertex -1.677532e+00 -7.785060e-01 3.929336e-01
    endloop
  endfacet
  facet normal 0.000000e+00 0.000000e+00 0.000000e+00
    outer loop
      vertex -1.635445e+00 -8.801135e-01 5.500000e-01
      vertex -1.677532e+00 -7.785060e-01 3.929336e-01
      vertex -1.470748e+00 -7.920812e-01 5.500000e-01
    endloop
  endfacet
  facet normal 0.000000e+00 0.000000e+00 0.000000e+00
    outer loop
      vertex -1.470748e+00 -7.920812e-01 5.500000e-01
      vertex -1.677532e+00 -7.785060e-01 3.929336e-01
      vertex -1.531849e+00 -7.006369e-01 3.929336e-01
    endloop
  endfacet
  facet normal 0.000000e+00 0.000000e+00 0.000000e+00
    outer loop
      vertex -1.470748e+00 -7.920812e-01 5.500000e-01
      vertex -1.531849e+00 -7.006369e-01 3.929336e-01
      vertex -1.326390e+00 -6.736097e-01 5.500000e-01
    endloop
  endfacet
  facet normal 0.000000e+00 0.000000e+00 0.000000e+00
    outer loop
      vertex -1.326390e+00 -6.736097e-01 5.500000e-01
      vertex -1.531849e+00 -7.006369e-01 3.929336e-01
      vertex -1.404157e+00 -5.958427e-01 3.929336e-01
    endloop
  endfacet
  facet normal 0.000000e+00 0.000000e+00 0.000000e+00
    outer loop
      vertex -1.326390e+00 -6.736097e-01 5.500000e-01
      vertex -1.404157e+00 -5.958427e-01 3.929336e-01
      vertex -1.207919e+00 -5.292518e-01 5.500000e-01
    endloop
  endfacet
  facet normal 0.000000e+00 0.000000e+00 0.000000e+00
    outer loop
      vertex -1.207919e+00 -5.292518e-01 5.500000e-01
      vertex -1.404157e+00 -5.958427e-01 3.929336e-01
      vertex -1.299363e+00 -4.681506e-01 3.929336e-01
    endloop
  endfacet
  facet normal 0.000000e+00 0.000000e+00 0.000000e+00
    outer loop
      vertex -1.207919e+00 -5.292518e-01 5.500000e-01
      vertex -1.299363e+00 -4.681506e-01 3.929336e-01
      vertex -1.119887e+00 -3.645549e-01 5.500000e-01
    endloop
  endfacet
  facet normal 0.000000e+00 0.000000e+00 0.000000e+00
    outer loop
      vertex -1.119887e+00 -3.645549e-01 5.500000e-01
      vertex -1.299363e+00 -4.681506e-01 3.929336e-01
      vertex -1.221494e+00 -3.224678e-01 3.929336e-01
    endloop
  endfacet
  facet normal 0.000000e+00 0.000000e+00 0.000000e+00
    outer loop
      vertex -1.119887e+00 -3.645549e-01 5.500000e-01
      vertex -1.221494e+00 -3.224678e-01 3.929336e-01
      vertex -1.065677e+00 -1.858485e-01 5.500000e-01
    endloop
  endfacet
  facet normal 0.000000e+00 0.000000e+00 0.000000e+00
    outer loop
      vertex -1.065677e+00 -1.858485e-01 5.500000e-01
      vertex -1.221494e+00 -3.224678e-01 3.929336e-01
      vertex -1.173542e+00 -1.643927e-01 3.929336e-01
    endloop
  endfacet
  facet normal 0.000000e+00 0.000000e+00 0.000000e+00
    outer loop
      vertex -1.065677e+00 -1.858485e-01 5.500000e-01
      vertex -1.173542e+00 -1.643927e-01 3.929336e-01
      vertex -1.047372e+00 -2.333266e-16 5.500000e-01
    endloop
  endfacet
  facet normal 0.000000e+00 0.000000e+00 0.000000e+00
    outer loop
      vertex -1.047372e+00 -2.333266e-16 5.500000e-01
      vertex -1.173542e+00 -1.643927e-01 3.929336e-01
      vertex -1.157351e+00 -2.063895e-16 3.929336e-01
    endloop
  endfacet
  facet normal 0.000000e+00 0.000000e+00 0.000000e+00
    outer loop
      vertex -1.157351e+00 0.000000e+00 3.929336e-01
      vertex -1.292934e+00 0.000000e+00 2.573511e-01
      vertex -1.173542e+00 1.643927e-01 3.929336e-01
    endloop
  endfacet
  facet normal 0.000000e+00 0.000000e+00 0.000000e+00
    outer loop
      vertex -1.173542e+00 1.643927e-01 3.929336e-01
      vertex -1.292934e+00 0.000000e+00 2.573511e-01
      vertex -1.306520e+00 1.379418e-01 2.573511e-01
    endloop
  endfacet
  facet normal 0.000000e+00 0.000000e+00 0.000000e+00
    outer loop
      vertex -1.173542e+00 1.643927e-01 3.929336e-01
      vertex -1.306520e+00 1.379418e-01 2.573511e-01
      vertex -1.221494e+00 3.224678e-01 3.929336e-01
    endloop
  endfacet
  facet normal 0.000000e+00 0.000000e+00 0.000000e+00
    outer loop
      vertex -1.221494e+00 3.224678e-01 3.929336e-01
      vertex -1.306520e+00 1.379418e-01 2.573511e-01
      vertex -1.346756e+00 2.705826e-01 2.573511e-01
    endloop
  endfacet
  facet normal 0.000000e+00 0.000000e+00 0.000000e+00
    outer loop
      vertex -1.221494e+00 3.224678e-01 3.929336e-01
      vertex -1.346756e+00 2.705826e-01 2.573511e-01
      vertex -1.299363e+00 4.681506e-01 3.929336e-01
    endloop
  endfacet
  facet normal 0.000000e+00 0.000000e+00 0.000000e+00
    outer loop
      vertex -1.299363e+00 4.681506e-01 3.929336e-01
      vertex -1.346756e+00 2.705826e-01 2.573511e-01
      vertex -1.412096e+00 3.928250e-01 2.573511e-01
    endloop
  endfacet
  facet normal 0.000000e+00 0.000000e+00 0.000000e+00
    outer loop
      vertex -1.299363e+00 4.681506e-01 3.929336e-01
      vertex -1.412096e+00 3.928250e-01 2.573511e-01
      vertex -1.404157e+00 5.958427e-01 3.929336e-01
    endloop
  endfacet
  facet normal 0.000000e+00 0.000000e+00 0.000000e+00
    outer loop
      vertex -1.404157e+00 5.958427e-01 3.929336e-01
      vertex -1.412096e+00 3.928250e-01 2.573511e-01
      vertex -1.500029e+00 4.999714e-01 2.573511e-01
    endloop
  endfacet
  facet normal 0.000000e+00 0.000000e+00 0.000000e+00
    outer loop
      vertex -1.404157e+00 5.958427e-01 3.929336e-01
      vertex -1.500029e+00 4.999714e-01 2.573511e-01
      vertex -1.531849e+00 7.006369e-01 3.929336e-01
    endloop
  endfacet
  facet normal 0.000000e+00 0.000000e+00 0.000000e+00
    outer loop
      vertex -1.531849e+00 7.006369e-01 3.929336e-01
      vertex -1.500029e+00 4.999714e-01 2.573511e-01
      vertex -1.607175e+00 5.879042e-01 2.573511e-01
    endloop
  endfacet
  facet normal 0.000000e+00 0.000000e+00 0.000000e+00
    outer loop
      vertex -1.531849e+00 7.006369e-01 3.929336e-01
      vertex -1.607175e+00 5.879042e-01 2.573511e-01
      vertex -1.677532e+00 7.785060e-01 3.929336e-01
    endloop
  endfacet
  facet normal 0.000000e+00 0.000000e+00 0.000000e+00
    outer loop
      vertex -1.677532e+00 7.785060e-01 3.929336e-01
      vertex -1.607175e+00 5.879042e-01 2.573511e-01
      vertex -1.729417e+00 6.532441e-01 2.573511e-01
    endloop
  endfacet
  facet normal 0.000000e+00 0.000000e+00 0.000000e+00
    outer loop
      vertex -1.677532e+00 7.785060e-01 3.929336e-01
      vertex -1.729417e+00 6.532441e-01 2.573511e-01
      vertex -1.835607e+00 8.264576e-01 3.929336e-01
    endloop
  endfacet
  facet normal 0.000000e+00 0.000000e+00 0.000000e+00
    outer loop
      vertex -1.835607e+00 8.264576e-01 3.929336e-01
      vertex -1.729417e+00 6.532441e-01 2.573511e-01
      vertex -1.862058e+00 6.934803e-01 2.573511e-01
    endloop
  endfacet
  facet normal 0.000000e+00 0.000000e+00 0.000000e+00
    outer loop
      vertex -1.835607e+00 8.264576e-01 3.929336e-01
      vertex -1.862058e+00 6.934803e-01 2.573511e-01
      vertex -2.000000e+00 8.426489e-01 3.929336e-01
    endloop
  endfacet
  facet normal 0.000000e+00 0.000000e+00 0.000000e+00
    outer loop
      vertex -2.000000e+00 8.426489e-01 3.929336e-01
      vertex -1.862058e+00 6.934803e-01 2.573511e-01
      vertex -2.000000e+00 7.070664e-01 2.573511e-01
    endloop
  endfacet
  facet normal 0.000000e+00 0.000000e+00 0.000000e+00
    outer loop
      vertex -2.000000e+00 8.426489e-01 3.929336e-01
      vertex -2.000000e+00 7.070664e-01 2.573511e-01
      vertex -2.164393e+00 8.264576e-01 3.929336e-01
    endloop
  endfacet
  facet normal 0.000000e+00 0.000000e+00 0.000000e+00
    outer loop
      vertex -2.164393e+00 8.264576e-01 3.929336e-01
      vertex -2.000000e+00 7.070664e-01 2.573511e-01
      vertex -2.137942e+00 6.934803e-01 2.573511e-01
    endloop
  endfacet
  facet normal 0.000000e+00 0.000000e+00 0.000000e+00
    outer loop
      vertex -2.164393e+00 8.264576e-01 3.929336e-01
      vertex -2.137942e+00 6.934803e-01 2.573511e-01
      vertex -2.322468e+00 7.785060e-01 3.929336e-01
    endloop
  endfacet
  facet normal 0.000000e+00 0.000000e+00 0.000000e+00
    outer loop
      vertex -2.322468e+00 7.785060e-01 3.929336e-01
      vertex -2.137942e+00 6.934803e-01 2.573511e-01
      vertex -2.270583e+00 6.532441e-01 2.573511e-01
    endloop
  endfacet
  facet normal 0.000000e+00 0.000000e+00 0.000000e+00
    outer loop
      vertex -2.322468e+00 7.785060e-01 3.929336e-01
      vertex -2.270583e+00 6.532441e-01 2.573511e-01
      vertex -2.468151e+00 7.006369e-01 3.929336e-01
    endloop
  endfacet
  facet normal 0.000000e+00 0.000000e+00 0.000000e+00
    outer loop
      vertex -2.468151e+00 7.006369e-01 3.929336e-01
      vertex -2.270583e+00 6.532441e-01 2.573511e-01
      vertex -2.392825e+00 5.879042e-01 2.573511e-01
    endloop
  endfacet
  facet normal 0.000000e+00 0.000000e+00 0.000000e+00
    outer loop
      vertex -2.468151e+00 7.006369e-01 3.929336e-01
      vertex -2.392825e+00 5.879042e-01 2.573511e-01
      vertex -2.595843e+00 5.958427e-01 3.929336e-01
    endloop
  endfacet
  facet normal 0.000000e+00 0.000000e+00 0.000000e+00
    outer loop
      vertex -2.595843e+00 5.958427e-01 3.929336e-01
      vertex -2.392825e+00 5.879042e-01 2.573511e-01
      vertex -2.499971e+00 4.999714e-01 2.573511e-01
    endloop
  endfacet
  facet normal 0.000000e+00 0.000000e+00 0.000000e+00
    outer loop
      vertex -2.595843e+00 5.958427e-01 3.929336e-01
      vertex -2.499971e+00 4.999714e-01 2.573511e-01
      vertex -2.700637e+00 4.681506e-01 3.929336e-01
    endloop
  endfacet
  facet normal 0.000000e+00 0.000000e+00 0.000000e+00
    outer loop
      vertex -2.700637e+00 4.681506e-01 3.929336e-01
      vertex -2.499971e+00 4.999714e-01 2.573511e-01
      vertex -2.587904e+00 3.928250e-01 2.573511e-01
    endloop
  endfacet
  facet normal 0.000000e+00 0.000000e+00 0.000000e+00
    outer loop
      vertex -2.700637e+00 4.681506e-01 3.929336e-01
      vertex -2.587904e+00 3.928250e-01 2.573511e-01
      vertex -2.778506e+00 3.224678e-01 3.929336e-01
    endloop
  endfacet
  facet normal 0.000000e+00 0.000000e+00 0.000000e+00
    outer loop
      vertex -2.778506e+00 3.224678e-01 3.929336e-01
      vertex -2.587904e+00 3.928250e-01 2.573511e-01
      vertex -2.653244e+00 2.705826e-01 2.573511e-01
    endloop
  endfacet
  facet normal 0.000000e+00 0.000000e+00 0.000000e+00
    outer loop
      vertex -2.778506e+00 3.224678e-01 3.929336e-01
      vertex -2.653244e+00 2.705826e-01 2.573511e-01
      vertex -2.826458e+00 1.643927e-01 3.929336e-01
    endloop
  endfacet
  facet normal 0.000000e+00 0.000000e+00 0.000000e+00
    outer loop
      vertex -2.826458e+00 1.643927e-01 3.929336e-01
      vertex -2.653244e+00 2.705826e-01 2.573511e-01
      vertex -2.693480e+00 1.379418e-01 2.573511e-01
    endloop
  endfacet
  facet normal 0.000000e+00 0.000000e+00 0.000000e+00
    outer loop
      vertex -2.826458e+00 1.643927e-01 3.929336e-01
      vertex -2.693480e+00 1.379418e-01 2.573511e-01
      vertex -2.842649e+00 1.031947e-16 3.929336e-01
    endloop
  endfacet
  facet normal 0.000000e+00 0.000000e+00 0.000000e+00
    outer loop
      vertex -2.842649e+00 1.031947e-16 3.929336e-01
      vertex -2.693480e+00 1.379418e-01 2.573511e-01
      vertex -2.707066e+00 8.659066e-17 2.573511e-01
    endloop
  endfacet
  facet normal 0.000000e+00 0.000000e+00 0.000000e+00
    outer loop
      vertex -2.842649e+00 1.031947e-16 3.929336e-01
      vertex -2.707066e+00 8.659066e-17 2.573511e-01
      vertex -2.826458e+00 -1.643927e-01 3.929336e-01
    endloop
  endfacet
  facet normal 0.000000e+00 0.000000e+00 0.000000e+00
    outer loop
      vertex -2.826458e+00 -1.643927e-01 3.929336e-01
      vertex -2.707066e+00 8.659066e-17 2.573511e-01
      vertex -2.693480e+00 -1.379418e-01 2.573511e-01
    endloop
  endfacet
  facet normal 0.000000e+00 0.000000e+00 0.000000e+00
    outer loop
      vertex -2.826458e+00 -1.643927e-01 3.929336e-01
      vertex -2.693480e+00 -1.379418e-01 2.573511e-01
      vertex -2.778506e+00 -3.224678e-01 3.929336e-01
    endloop
  endfacet
  facet normal 0.000000e+00 0.000000e+00 0.000000e+00
    outer loop
      vertex -2.778506e+00 -3.224678e-01 3.929336e-01
      vertex -2.693480e+00 -1.379418e-01 2.573511e-01
      vertex -2.653244e+00 -2.705826e-01 2.573511e-01
    endloop
  endfacet
  facet normal 0.000000e+00 0.000000e+00 0.000000e+00
    outer loop
      vertex -2.778506e+00 -3.224678e-01 3.929336e-01
      vertex -2.653244e+00 -2.705826e-01 2.573511e-01
      vertex -2.700637e+00 -4.681506e-01 3.929336e-01
    endloop
  endfacet
  facet normal 0.000000e+00 0.000000e+00 0.000000e+00
    outer loop
      vertex -2.700637e+00 -4.681506e-01 3.929336e-01
      vertex -2.653244e+00 -2.705826e-01 2.573511e-01
      vertex -2.587904e+00 -3.928250e-01 2.573511e-01
    endloop
  endfacet
  facet normal 0.000000e+00 0.000000e+00 0.000000e+00
    outer loop
      vertex -2.700637e+00 -4.681506e-01 3.929336e-01
      vertex -2.587904e+00 -3.928250e-01 2.573511e-01
      vertex -2.595843e+00 -5.958427e-01 3.929336e-01
    endloop
  endfacet
  facet normal 0.000000e+00 0.000000e+00 0.000000e+00
    outer loop
      vertex -2.595843e+00 -5.958427e-01 3.929336e-01
      vertex -2.587904e+00 -3.928250e-01 2.573511e-01
      vertex -2.499971e+00 -4.999714e-01 2.573511e-01
    endloop
  endfacet
  facet normal 0.000000e+00 0.000000e+00 0.000000e+00
    outer loop
      vertex -2.595843e+00 -5.958427e-01 3.929336e-01
      vertex -2.499971e+00 -4.999714e-01 2.573511e-01
      vertex -2.468151e+00 -7.006369e-01 3.929336e-01
    endloop
  endfacet
  facet normal 0.000000e+00 0.000000e+00 0.000000e+00
    outer loop
      vertex -2.468151e+00 -7.006369e-01 3.929336e-01
      vertex -2.499971e+00 -4.999714e-01 2.573511e-01
      vertex -2.392825e+00 -5.879042e-01 2.573511e-01
    endloop
  endfacet
  facet normal 0.000000e+00 0.000000e+00 0.000000e+00
    outer loop
      vertex -2.468151e+00 -7.006369e-01 3.929336e-01
      vertex -2.392825e+00 -5.879042e-01 2.573511e-01
      vertex -2.322468e+00 -7.785060e-01 3.929336e-01
    endloop
  endfacet
  facet normal 0.000000e+00 0.000000e+00 0.000000e+00
    outer loop
      vertex -2.322468e+00 -7.785060e-01 3.929336e-01
      vertex -2.392825e+00 -5.879042e-01 2.573511e-01
      vertex -2.270583e+00 -6.532441e-01 2.573511e-01
    endloop
  endfacet
  facet normal 0.000000e+00 0.000000e+00 0.000000e+00
    outer loop
      vertex -2.322468e+00 -7.785060e-01 3.929336e-01
      vertex -2.270583e+00 -6.532441e-01 2.573511e-01
      vertex -2.164393e+00 -8.264576e-01 3.929336e-01
    endloop
  endfacet
  facet normal 0.000000e+00 0.000000e+00 0.000000e+00
    outer loop
      vertex -2.164393e+00 -8.264576e-01 3.929336e-01
      vertex -2.270583e+00 -6.532441e-01 2.573511e-01
      vertex -2.137942e+00 -6.934803e-01 2.573511e-01
    endloop
  endfacet
  facet normal 0.000000e+00 0.000000e+00 0.000000e+00
    outer loop
      vertex -2.164393e+00 -8.264576e-01 3.929336e-01
      vertex -2.137942e+00 -6.934803e-01 2.573511e-01
      vertex -2.000000e+00 -8.426489e-01 3.929336e-01
    endloop
  endfacet
  facet normal 0.000000e+00 0.000000e+00 0.000000e+00
    outer loop
      vertex -2.000000e+00 -8.426489e-01 3.929336e-01
      vertex -2.137942e+00 -6.934803e-01 2.573511e-01
      vertex -2.000000e+00 -7.070664e-01 2.573511e-01
    endloop
  endfacet
  facet normal 0.000000e+00 0.000000e+00 0.000000e+00
    outer loop
      vertex -2.000000e+00 -8.426489e-01 3.929336e-01
      vertex -2.000000e+00 -7.070664e-01 2.573511e-01
      vertex -1.835607e+00 -8.264576e-01 3.929336e-01
    endloop
  endfacet
  facet normal 0.000000e+00 0.000000e+00 0.000000e+00
    outer loop
      vertex -1.835607e+00 -8.264576e-01 3.929336e-01
      vertex -2.000000e+00 -7.070664e-01 2.573511e-01
      vertex -1.862058e+00 -6.934803e-01 2.573511e-01
    endloop
  endfacet
  facet normal 0.000000e+00 0.000000e+00 0.000000e+00
    outer loop
      vertex -1.835607e+00 -8.264576e-01 3.929336e-01
      vertex -1.862058e+00 -6.934803e-01 2.573511e-01
      vertex -1.677532e+00 -7.785060e-01 3.929336e-01
    endloop
  endfacet
  facet normal 0.000000e+00 0.000000e+00 0.000000e+00
    outer loop
      vertex -1.677532e+00 -7.785060e-01 3.929336e-01
      vertex -1.862058e+00 -6.934803e-01 2.573511e-01
      vertex -1.729417e+00 -6.532441e-01 2.573511e-01
    endloop
  endfacet
  facet normal 0.000000e+00 0.000000e+00 0.000000e+00
    outer loop
      vertex -1.677532e+00 -7.785060e-01 3.929336e-01
      vertex -1.729417e+00 -6.532441e-01 2.573511e-01
      vertex -1.531849e+00 -7.006369e-01 3.929336e-01
    endloop
  endfacet
  facet normal 0.000000e+00 0.000000e+00 0.000000e+00
    outer loop
      vertex -1.531849e+00 -7.006369e-01 3.929336e-01
      vertex -1.729417e+00 -6.532441e-01 2.573511e-01
      vertex -1.607175e+00 -5.879042e-01 2.573511e-01
    endloop
  endfacet
  facet normal 0.000000e+00 0.000000e+00 0.000000e+00
    outer loop
      vertex -1.531849e+00 -7.006369e-01 3.929336e-01
      vertex -1.607175e+00 -5.879042e-01 2.573511e-01
      vertex -1.404157e+00 -5.958427e-01 3.929336e-01
    endloop
  endfacet
  facet normal 0.000000e+00 0.000000e+00 0.000000e+00
    outer loop
      vertex -1.404157e+00 -5.958427e-01 3.929336e-01
      vertex -1.607175e+00 -5.879042e-01 2.573511e-01
      vertex -1.500029e+00 -4.999714e-01 2.573511e-01
    endloop
  endfacet
  facet normal 0.000000e+00 0.000000e+00 0.000000e+00
    outer loop
      vertex -1.404157e+00 -5.958427e-01 3.929336e-01
      vertex -1.500029e+00 -4.999714e-01 2.573511e-01
      vertex -1.299363e+00 -4.681506e-01 3.929336e-01
    endloop
  endfacet
  facet normal 0.000000e+00 0.000000e+00 0.000000e+00
    outer loop
      vertex -1.299363e+00 -4.681506e-01 3.929336e-01
      vertex -1.500029e+00 -4.999714e-01 2.573511e-01
      vertex -1.412096e+00 -3.928250e-01 2.573511e-01
    endloop
  endfacet
  facet normal 0.000000e+00 0.000000e+00 0.000000e+00
    outer loop
      vertex -1.299363e+00 -4.681506e-01 3.929336e-01
      vertex -1.412096e+00 -3.928250e-01 2.573511e-01
      vertex -1.221494e+00 -3.224678e-01 3.929336e-01
    endloop
  endfacet
  facet normal 0.000000e+00 0.000000e+00 0.000000e+00
    outer loop
      vertex -1.221494e+00 -3.224678e-01 3.929336e-01
      vertex -1.412096e+00 -3.928250e-01 2.573511e-01
      vertex -1.346756e+00 -2.705826e-01 2.573511e-01
    endloop
  endfacet
  facet normal 0.000000e+00 0.000000e+00 0.000000e+00
    outer loop
      vertex -1.221494e+00 -3.224678e-01 3.929336e-01
      vertex -1.346756e+00 -2.705826e-01 2.573511e-01
      vertex -1.173542e+00 -1.643927e-01 3.929336e-01
    endloop
  endfacet
  facet normal 0.000000e+00 0.000000e+00 0.000000e+00
    outer loop
      vertex -1.173542e+00 -1.643927e-01 3.929336e-01
      vertex -1.346756e+00 -2.705826e-01 2.573511e-01
      vertex -1.306520e+00 -1.379418e-01 2.573511e-01
    endloop
  endfacet
  facet normal 0.000000e+00 0.000000e+00 0.000000e+00
    outer loop
      vertex -1.173542e+00 -1.643927e-01 3.929336e-01
      vertex -1.306520e+00 -1.379418e-01 2.573511e-01
      vertex -1.157351e+00 -2.063895e-16 3.929336e-01
    endloop
  endfacet
  facet normal 0.000000e+00 0.000000e+00 0.000000e+00
    outer loop
      vertex -1.157351e+00 -2.063895e-16 3.929336e-01
      vertex -1.306520e+00 -1.379418e-01 2.573511e-01
      vertex -1.292934e+00 -1.731813e-16 2.573511e-01
    endloop
  endfacet
  facet normal 0.000000e+00 0.000000e+00 0.000000e+00
    outer loop
      vertex -1.292934e+00 0.000000e+00 2.573511e-01
      vertex -1.450000e+00 0.000000e+00 1.473721e-01
      vertex -1.306520e+00 1.379418e-01 2.573511e-01
    endloop
  endfacet
  facet normal 0.000000e+00 0.000000e+00 0.000000e+00
    outer loop
      vertex -1.306520e+00 1.379418e-01 2.573511e-01
      vertex -1.450000e+00 0.000000e+00 1.473721e-01
      vertex -1.460568e+00 1.072997e-01 1.473721e-01
    endloop
  endfacet
  facet normal 0.000000e+00 0.000000e+00 0.000000e+00
    outer loop
      vertex -1.306520e+00 1.379418e-01 2.573511e-01
      vertex -1.460568e+00 1.072997e-01 1.473721e-01
      vertex -1.346756e+00 2.705826e-01 2.573511e-01
    endloop
  endfacet
  facet normal 0.000000e+00 0.000000e+00 0.000000e+00
    outer loop
      vertex -1.346756e+00 2.705826e-01 2.573511e-01
      vertex -1.460568e+00 1.072997e-01 1.473721e-01
      vertex -1.491866e+00 2.104759e-01 1.473721e-01
    endloop
  endfacet
  facet normal 0.000000e+00 0.000000e+00 0.000000e+00
    outer loop
      vertex -1.346756e+00 2.705826e-01 2.573511e-01
      vertex -1.491866e+00 2.104759e-01 1.473721e-01
      vertex -1.412096e+00 3.928250e-01 2.573511e-01
    endloop
  endfacet
  facet normal 0.000000e+00 0.000000e+00 0.000000e+00
    outer loop
      vertex -1.412096e+00 3.928250e-01 2.573511e-01
      vertex -1.491866e+00 2.104759e-01 1.473721e-01
      vertex -1.542692e+00 3.055636e-01 1.473721e-01
    endloop
  endfacet
  facet normal 0.000000e+00 0.000000e+00 0.000000e+00
    outer loop
      vertex -1.412096e+00 3.928250e-01 2.573511e-01
      vertex -1.542692e+00 3.055636e-01 1.473721e-01
      vertex -1.500029e+00 4.999714e-01 2.573511e-01
    endloop
  endfacet
  facet normal 0.000000e+00 0.000000e+00 0.000000e+00
    outer loop
      vertex -1.500029e+00 4.999714e-01 2.573511e-01
      vertex -1.542692e+00 3.055636e-01 1.473721e-01
      vertex -1.611091e+00 3.889087e-01 1.473721e-01
    endloop
  endfacet
  facet normal 0.000000e+00 0.000000e+00 0.000000e+00
    outer loop
      vertex -1.500029e+00 4.999714e-01 2.573511e-01
      vertex -1.611091e+00 3.889087e-01 1.473721e-01
      vertex -1.607175e+00 5.879042e-01 2.573511e-01
    endloop
  endfacet
  facet normal 0.000000e+00 0.000000e+00 0.000000e+00
    outer loop
      vertex -1.607175e+00 5.879042e-01 2.573511e-01
      vertex -1.611091e+00 3.889087e-01 1.473721e-01
      vertex -1.694436e+00 4.573083e-01 1.473721e-01
    endloop
  endfacet
  facet normal 0.000000e+00 0.000000e+00 0.000000e+00
    outer loop
      vertex -1.607175e+00 5.879042e-01 2.573511e-01
      vertex -1.694436e+00 4.573083e-01 1.473721e-01
      vertex -1.729417e+00 6.532441e-01 2.573511e-01
    endloop
  endfacet
  facet normal 0.000000e+00 0.000000e+00 0.000000e+00
    outer loop
      vertex -1.729417e+00 6.532441e-01 2.573511e-01
      vertex -1.694436e+00 4.573083e-01 1.473721e-01
      vertex -1.789524e+00 5.081338e-01 1.473721e-01
    endloop
  endfacet
  facet normal 0.000000e+00 0.000000e+00 0.000000e+00
    outer loop
      vertex -1.729417e+00 6.532441e-01 2.573511e-01
      vertex -1.789524e+00 5.081338e-01 1.473721e-01
      vertex -1.862058e+00 6.934803e-01 2.573511e-01
    endloop
  endfacet
  facet normal 0.000000e+00 0.000000e+00 0.000000e+00
    outer loop
      vertex -1.862058e+00 6.934803e-01 2.573511e-01
      vertex -1.789524e+00 5.081338e-01 1.473721e-01
      vertex -1.892700e+00 5.394319e-01 1.473721e-01
    endloop
  endfacet
  facet normal 0.000000e+00 0.000000e+00 0.000000e+00
    outer loop
      vertex -1.862058e+00 6.934803e-01 2.573511e-01
      vertex -1.892700e+00 5.394319e-01 1.473721e-01
      vertex -2.000000e+00 7.070664e-01 2.573511e-01
    endloop
  endfacet
  facet normal 0.000000e+00 0.000000e+00 0.000000e+00
    outer loop
      vertex -2.000000e+00 7.070664e-01 2.573511e-01
      vertex -1.892700e+00 5.394319e-01 1.473721e-01
      vertex -2.000000e+00 5.500000e-01 1.473721e-01
    endloop
  endfacet
  facet normal 0.000000e+00 0.000000e+00 0.000000e+00
    outer loop
      vertex -2.000000e+00 7.070664e-01 2.573511e-01
      vertex -2.000000e+00 5.500000e-01 1.473721e-01
      vertex -2.137942e+00 6.934803e-01 2.573511e-01
    endloop
  endfacet
  facet normal 0.000000e+00 0.000000e+00 0.000000e+00
    outer loop
      vertex -2.137942e+00 6.934803e-01 2.573511e-01
      vertex -2.000000e+00 5.500000e-01 1.473721e-01
      vertex -2.107300e+00 5.394319e-01 1.473721e-01
    endloop
  endfacet
  facet normal 0.000000e+00 0.000000e+00 0.000000e+00
    outer loop
      vertex -2.137942e+00 6.934803e-01 2.573511e-01
      vertex -2.107300e+00 5.394319e-01 1.473721e-01
      vertex -2.270583e+00 6.532441e-01 2.573511e-01
    endloop
  endfacet
  facet normal 0.000000e+00 0.000000e+00 0.000000e+00
    outer loop
      vertex -2.270583e+00 6.532441e-01 2.573511e-01
      vertex -2.107300e+00 5.394319e-01 1.473721e-01
      vertex -2.210476e+00 5.081338e-01 1.473721e-01
    endloop
  endfacet
  facet normal 0.000000e+00 0.000000e+00 0.000000e+00
    outer loop
      vertex -2.270583e+00 6.532441e-01 2.573511e-01
      vertex -2.210476e+00 5.081338e-01 1.473721e-01
      vertex -2.392825e+00 5.879042e-01 2.573511e-01
    endloop
  endfacet
  facet normal 0.000000e+00 0.000000e+00 0.000000e+00
    outer loop
      vertex -2.392825e+00 5.879042e-01 2.573511e-01
      vertex -2.210476e+00 5.081338e-01 1.473721e-01
      vertex -2.305564e+00 4.573083e-01 1.473721e-01
    endloop
  endfacet
  facet normal 0.000000e+00 0.000000e+00 0.000000e+00
    outer loop
      vertex -2.392825e+00 5.879042e-01 2.573511e-01
      vertex -2.305564e+00 4.573083e-01 1.473721e-01
      vertex -2.499971e+00 4.999714e-01 2.573511e-01
    endloop
  endfacet
  facet normal 0.000000e+00 0.000000e+00 0.000000e+00
    outer loop
      vertex -2.499971e+00 4.999714e-01 2.573511e-01
      vertex -2.305564e+00 4.573083e-01 1.473721e-01
      vertex -2.388909e+00 3.889087e-01 1.473721e-01
    endloop
  endfacet
  facet normal 0.000000e+00 0.000000e+00 0.000000e+00
    outer loop
      vertex -2.499971e+00 4.999714e-01 2.573511e-01
      vertex -2.388909e+00 3.889087e-01 1.473721e-01
      vertex -2.587904e+00 3.928250e-01 2.573511e-01
    endloop
  endfacet
  facet normal 0.000000e+00 0.000000e+00 0.000000e+00
    outer loop
      vertex -2.587904e+00 3.928250e-01 2.573511e-01
      vertex -2.388909e+00 3.889087e-01 1.473721e-01
      vertex -2.457308e+00 3.055636e-01 1.473721e-01
    endloop
  endfacet
  facet normal 0.000000e+00 0.000000e+00 0.000000e+00
    outer loop
      vertex -2.587904e+00 3.928250e-01 2.573511e-01
      vertex -2.457308e+00 3.055636e-01 1.473721e-01
      vertex -2.653244e+00 2.705826e-01 2.573511e-01
    endloop
  endfacet
  facet normal 0.000000e+00 0.000000e+00 0.000000e+00
    outer loop
      vertex -2.653244e+00 2.705826e-01 2.573511e-01
      vertex -2.457308e+00 3.055636e-01 1.473721e-01
      vertex -2.508134e+00 2.104759e-01 1.473721e-01
    endloop
  endfacet
  facet normal 0.000000e+00 0.000000e+00 0.000000e+00
    outer loop
      vertex -2.653244e+00 2.705826e-01 2.573511e-01
      vertex -2.508134e+00 2.104759e-01 1.473721e-01
      vertex -2.693480e+00 1.379418e-01 2.573511e-01
    endloop
  endfacet
  facet normal 0.000000e+00 0.000000e+00 0.000000e+00
    outer loop
      vertex -2.693480e+00 1.379418e-01 2.573511e-01
      vertex -2.508134e+00 2.104759e-01 1.473721e-01
      vertex -2.539432e+00 1.072997e-01 1.473721e-01
    endloop
  endfacet
  facet normal 0.000000e+00 0.000000e+00 0.000000e+00
    outer loop
      vertex -2.693480e+00 1.379418e-01 2.573511e-01
      vertex -2.539432e+00 1.072997e-01 1.473721e-01
      vertex -2.707066e+00 8.659066e-17 2.573511e-01
    endloop
  endfacet
  facet normal 0.000000e+00 0.000000e+00 0.000000e+00
    outer loop
      vertex -2.707066e+00 8.659066e-17 2.573511e-01
      vertex -2.539432e+00 1.072997e-01 1.473721e-01
      vertex -2.550000e+00 6.735558e-17 1.473721e-01
    endloop
  endfacet
  facet normal 0.000000e+00 0.000000e+00 0.000000e+00
    outer loop
      vertex -2.707066e+00 8.659066e-17 2.573511e-01
      vertex -2.550000e+00 6.735558e-17 1.473721e-01
      vertex -2.693480e+00 -1.379418e-01 2.573511e-01
    endloop
  endfacet
  facet normal 0.000000e+00 0.000000e+00 0.000000e+00
    outer loop
      vertex -2.693480e+00 -1.379418e-01 2.573511e-01
      vertex -2.550000e+00 6.735558e-17 1.473721e-01
      vertex -2.539432e+00 -1.072997e-01 1.473721e-01
    endloop
  endfacet
  facet normal 0.000000e+00 0.000000e+00 0.000000e+00
    outer loop
      vertex -2.693480e+00 -1.379418e-01 2.573511e-01
      vertex -2.539432e+00 -1.072997e-01 1.473721e-01
      vertex -2.653244e+00 -2.705826e-01 2.573511e-01
    endloop
  endfacet
  facet normal 0.000000e+00 0.000000e+00 0.000000e+00
    outer loop
      vertex -2.653244e+00 -2.705826e-01 2.573511e-01
      vertex -2.539432e+00 -1.072997e-01 1.473721e-01
      vertex -2.508134e+00 -2.104759e-01 1.473721e-01
    endloop
  endfacet
  facet normal 0.000000e+00 0.000000e+00 0.000000e+00
    outer loop
      vertex -2.653244e+00 -2.705826e-01 2.573511e-01
      vertex -2.508134e+00 -2.104759e-01 1.473721e-01
      vertex -2.587904e+00 -3.928250e-01 2.573511e-01
    endloop
  endfacet
  facet normal 0.000000e+00 0.000000e+00 0.000000e+00
    outer loop
      vertex -2.587904e+00 -3.928250e-01 2.573511e-01
      vertex -2.508134e+00 -2.104759e-01 1.473721e-01
      vertex -2.457308e+00 -3.055636e-01 1.473721e-01
    endloop
  endfacet
  facet normal 0.000000e+00 0.000000e+00 0.000000e+00
    outer loop
      vertex -2.587904e+00 -3.928250e-01 2.573511e-01
      vertex -2.457308e+00 -3.055636e-01 1.473721e-01
      vertex -2.499971e+00 -4.999714e-01 2.573511e-01
    endloop
  endfacet
  facet normal 0.000000e+00 0.000000e+00 0.000000e+00
    outer loop
      vertex -2.499971e+00 -4.999714e-01 2.573511e-01
      vertex -2.457308e+00 -3.055636e-01 1.473721e-01
      vertex -2.388909e+00 -3.889087e-01 1.473721e-01
    endloop
  endfacet
  facet normal 0.000000e+00 0.000000e+00 0.000000e+00
    outer loop
      vertex -2.499971e+00 -4.999714e-01 2.573511e-01
      vertex -2.388909e+00 -3.889087e-01 1.473721e-01
      vertex -2.392825e+00 -5.879042e-01 2.573511e-01
    endloop
  endfacet
  facet normal 0.000000e+00 0.000000e+00 0.000000e+00
    outer loop
      vertex -2.392825e+00 -5.879042e-01 2.573511e-01
      vertex -2.388909e+00 -3.889087e-01 1.473721e-01
      vertex -2.305564e+00 -4.573083e-01 1.473721e-01
    endloop
  endfacet
  facet normal 0.000000e+00 0.000000e+00 0.000000e+00
    outer loop
      vertex -2.392825e+00 -5.879042e-01 2.573511e-01
      vertex -2.305564e+00 -4.573083e-01 1.473721e-01
      vertex -2.270583e+00 -6.532441e-01 2.573511e-01
    endloop
  endfacet
  facet normal 0.000000e+00 0.000000e+00 0.000000e+00
    outer loop
      vertex -2.270583e+00 -6.532441e-01 2.573511e-01
      vertex -2.305564e+00 -4.573083e-01 1.473721e-01
      vertex -2.210476e+00 -5.081338e-01 1.473721e-01
    endloop
  endfacet
  facet normal 0.000000e+00 0.000000e+00 0.000000e+00
    outer loop
      vertex -2.270583e+00 -6.532441e-01 2.573511e-01
      vertex -2.210476e+00 -5.081338e-01 1.473721e-01
      vertex -2.137942e+00 -6.934803e-01 2.573511e-01
    endloop
  endfacet
  facet normal 0.000000e+00 0.000000e+00 0.000000e+00
    outer loop
      vertex -2.137942e+00 -6.934803e-01 2.573511e-01
      vertex -2.210476e+00 -5.081338e-01 1.473721e-01
      vertex -2.107300e+00 -5.394319e-01 1.473721e-01
    endloop
  endfacet
  facet normal 0.000000e+00 0.000000e+00 0.000000e+00
    outer loop
      vertex -2.137942e+00 -6.934803e-01 2.573511e-01
      vertex -2.107300e+00 -5.394319e-01 1.473721e-01
      vertex -2.000000e+00 -7.070664e-01 2.573511e-01
    endloop
  endfacet
  facet normal 0.000000e+00 0.000000e+00 0.000000e+00
    outer loop
      vertex -2.000000e+00 -7.070664e-01 2.573511e-01
      vertex -2.107300e+00 -5.394319e-01 1.473721e-01
      vertex -2.000000e+00 -5.500000e-01 1.473721e-01
    endloop
  endfacet
  facet normal 0.000000e+00 0.000000e+00 0.000000e+00
    outer loop
      vertex -2.000000e+00 -7.070664e-01 2.573511e-01
      vertex -2.000000e+00 -5.500000e-01 1.473721e-01
      vertex -1.862058e+00 -6.934803e-01 2.573511e-01
    endloop
  endfacet
  facet normal 0.000000e+00 0.000000e+00 0.000000e+00
    outer loop
      vertex -1.862058e+00 -6.934803e-01 2.573511e-01
      vertex -2.000000e+00 -5.500000e-01 1.473721e-01
      vertex -1.892700e+00 -5.394319e-01 1.473721e-01
    endloop
  endfacet
  facet normal 0.000000e+00 0.000000e+00 0.000000e+00
    outer loop
      vertex -1.862058e+00 -6.934803e-01 2.573511e-01
      vertex -1.892700e+00 -5.394319e-01 1.473721e-01
      vertex -1.729417e+00 -6.532441e-01 2.573511e-01
    endloop
  endfacet
  facet normal 0.000000e+00 0.000000e+00 0.000000e+00
    outer loop
      vertex -1.729417e+00 -6.532441e-01 2.573511e-01
      vertex -1.892700e+00 -5.394319e-01 1.473721e-01
      vertex -1.789524e+00 -5.081338e-01 1.473721e-01
    endloop
  endfacet
  facet normal 0.000000e+00 0.000000e+00 0.000000e+00
    outer loop
      vertex -1.729417e+00 -6.532441e-01 2.573511e-01
      vertex -1.789524e+00 -5.081338e-01 1.473721e-01
      vertex -1.607175e+00 -5.879042e-01 2.573511e-01
    endloop
  endfacet
  facet normal 0.000000e+00 0.000000e+00 0.000000e+00
    outer loop
      vertex -1.607175e+00 -5.879042e-01 2.573511e-01
      vertex -1.789524e+00 -5.081338e-01 1.473721e-01
      vertex -1.694436e+00 -4.573083e-01 1.473721e-01
    endloop
  endfacet
  facet normal 0.000000e+00 0.000000e+00 0.000000e+00
    outer loop
      vertex -1.607175e+00 -5.879042e-01 2.573511e-01
      vertex -1.694436e+00 -4.573083e-01 1.473721e-01
      vertex -1.500029e+00 -4.999714e-01 2.573511e-01
    endloop
  endfacet
  facet normal 0.000000e+00 0.000000e+00 0.000000e+00
    outer loop
      vertex -1.500029e+00 -4.999714e-01 2.573511e-01
      vertex -1.694436e+00 -4.573083e-01 1.473721e-01
      vertex -1.611091e+00 -3.889087e-01 1.473721e-01
    endloop
  endfacet
  facet normal 0.000000e+00 0.000000e+00 0.000000e+00
    outer loop
      vertex -1.500029e+00 -4.999714e-01 2.573511e-01
      vertex -1.611091e+00 -3.889087e-01 1.473721e-01
      vertex -1.412096e+00 -3.928250e-01 2.573511e-01
    endloop
  endfacet
  facet normal 0.000000e+00 0.000000e+00 0.000000e+00
    outer loop
      vertex -1.412096e+00 -3.928250e-01 2.573511e-01
      vertex -1.611091e+00 -3.889087e-01 1.473721e-01
      vertex -1.542692e+00 -3.055636e-01 1.473721e-01
    endloop
  endfacet
  facet normal 0.000000e+00 0.000000e+00 0.000000e+00
    outer loop
      vertex -1.412096e+00 -3.928250e-01 2.573511e-01
      vertex -1.542692e+00 -3.055636e-01 1.473721e-01
      vertex -1.346756e+00 -2.705826e-01 2.573511e-01
    endloop
  endfacet
  facet normal 0.000000e+00 0.000000e+00 0.000000e+00
    outer loop
      vertex -1.346756e+00 -2.705826e-01 2.573511e-01
      vertex -1.542692e+00 -3.055636e-01 1.473721e-01
      vertex -1.491866e+00 -2.104759e-01 1.473721e-01
    endloop
  endfacet
  facet normal 0.000000e+00 0.000000e+00 0.000000e+00
    outer loop
      vertex -1.346756e+00 -2.705826e-01 2.573511e-01
      vertex -1.491866e+00 -2.104759e-01 1.473721e-01
      vertex -1.306520e+00 -1.379418e-01 2.573511e-01
    endloop
  endfacet
  facet normal 0.000000e+00 0.000000e+00 0.000000e+00
    outer loop
      vertex -1.306520e+00 -1.379418e-01 2.573511e-01
      vertex -1.491866e+00 -2.104759e-01 1.473721e-01
      vertex -1.460568e+00 -1.072997e-01 1.473721e-01
    endloop
  endfacet
  facet normal 0.000000e+00 0.000000e+00 0.000000e+00
    outer loop
      vertex -1.306520e+00 -1.379418e-01 2.573511e-01
      vertex -1.460568e+00 -1.072997e-01 1.473721e-01
      vertex -1.292934e+00 -1.731813e-16 2.573511e-01
    endloop
  endfacet
  facet normal 0.000000e+00 0.000000e+00 0.000000e+00
    outer loop
      vertex -1.292934e+00 -1.731813e-16 2.573511e-01
      vertex -1.460568e+00 -1.072997e-01 1.473721e-01
      vertex -1.450000e+00 -1.347112e-16 1.473721e-01
    endloop
  endfacet
  facet normal 0.000000e+00 0.000000e+00 0.000000e+00
    outer loop
      vertex -1.450000e+00 0.000000e+00 1.473721e-01
      vertex -1.623778e+00 0.000000e+00 6.633811e-02
      vertex -1.460568e+00 1.072997e-01 1.473721e-01
    endloop
  endfacet
  facet normal 0.000000e+00 0.000000e+00 0.000000e+00
    outer loop
      vertex -1.460568e+00 1.072997e-01 1.473721e-01
      vertex -1.623778e+00 0.000000e+00 6.633811e-02
      vertex -1.631007e+00 7.339730e-02 6.633811e-02
    endloop
  endfacet
  facet normal 0.000000e+00 0.000000e+00 0.000000e+00
    outer loop
      vertex -1.460568e+00 1.072997e-01 1.473721e-01
      vertex -1.631007e+00 7.339730e-02 6.633811e-02
      vertex -1.491866e+00 2.104759e-01 1.473721e-01
    endloop
  endfacet
  facet normal 0.000000e+00 0.000000e+00 0.000000e+00
    outer loop
      vertex -1.491866e+00 2.104759e-01 1.473721e-01
      vertex -1.631007e+00 7.339730e-02 6.633811e-02
      vertex -1.652416e+00 1.439740e-01 6.633811e-02
    endloop
  endfacet
  facet normal 0.000000e+00 0.000000e+00 0.000000e+00
    outer loop
      vertex -1.491866e+00 2.104759e-01 1.473721e-01
      vertex -1.652416e+00 1.439740e-01 6.633811e-02
      vertex -1.542692e+00 3.055636e-01 1.473721e-01
    endloop
  endfacet
  facet normal 0.000000e+00 0.000000e+00 0.000000e+00
    outer loop
      vertex -1.542692e+00 3.055636e-01 1.473721e-01
      vertex -1.652416e+00 1.439740e-01 6.633811e-02
      vertex -1.687183e+00 2.090178e-01 6.633811e-02
    endloop
  endfacet
  facet normal 0.000000e+00 0.000000e+00 0.000000e+00
    outer loop
      vertex -1.542692e+00 3.055636e-01 1.473721e-01
      vertex -1.687183e+00 2.090178e-01 6.633811e-02
      vertex -1.611091e+00 3.889087e-01 1.473721e-01
    endloop
  endfacet
  facet normal 0.000000e+00 0.000000e+00 0.000000e+00
    outer loop
      vertex -1.611091e+00 3.889087e-01 1.473721e-01
      vertex -1.687183e+00 2.090178e-01 6.633811e-02
      vertex -1.733971e+00 2.660292e-01 6.633811e-02
    endloop
  endfacet
  facet normal 0.000000e+00 0.000000e+00 0.000000e+00
    outer loop
      vertex -1.611091e+00 3.889087e-01 1.473721e-01
      vertex -1.733971e+00 2.660292e-01 6.633811e-02
      vertex -1.694436e+00 4.573083e-01 1.473721e-01
    endloop
  endfacet
  facet normal 0.000000e+00 0.000000e+00 0.000000e+00
    outer loop
      vertex -1.694436e+00 4.573083e-01 1.473721e-01
      vertex -1.733971e+00 2.660292e-01 6.633811e-02
      vertex -1.790982e+00 3.128173e-01 6.633811e-02
    endloop
  endfacet
  facet normal 0.000000e+00 0.000000e+00 0.000000e+00
    outer loop
      vertex -1.694436e+00 4.573083e-01 1.473721e-01
      vertex -1.790982e+00 3.128173e-01 6.633811e-02
      vertex -1.789524e+00 5.081338e-01 1.473721e-01
    endloop
  endfacet
  facet normal 0.000000e+00 0.000000e+00 0.000000e+00
    outer loop
      vertex -1.789524e+00 5.081338e-01 1.473721e-01
      vertex -1.790982e+00 3.128173e-01 6.633811e-02
      vertex -1.856026e+00 3.475839e-01 6.633811e-02
    endloop
  endfacet
  facet normal 0.000000e+00 0.000000e+00 0.000000e+00
    outer loop
      vertex -1.789524e+00 5.081338e-01 1.473721e-01
      vertex -1.856026e+00 3.475839e-01 6.633811e-02
      vertex -1.892700e+00 5.394319e-01 1.473721e-01
    endloop
  endfacet
  facet normal 0.000000e+00 0.000000e+00 0.000000e+00
    outer loop
      vertex -1.892700e+00 5.394319e-01 1.473721e-01
      vertex -1.856026e+00 3.475839e-01 6.633811e-02
      vertex -1.926603e+00 3.689932e-01 6.633811e-02
    endloop
  endfacet
  facet normal 0.000000e+00 0.000000e+00 0.000000e+00
    outer loop
      vertex -1.892700e+00 5.394319e-01 1.473721e-01
      vertex -1.926603e+00 3.689932e-01 6.633811e-02
      vertex -2.000000e+00 5.500000e-01 1.473721e-01
    endloop
  endfacet
  facet normal 0.000000e+00 0.000000e+00 0.000000e+00
    outer loop
      vertex -2.000000e+00 5.500000e-01 1.473721e-01
      vertex -1.926603e+00 3.689932e-01 6.633811e-02
      vertex -2.000000e+00 3.762222e-01 6.633811e-02
    endloop
  endfacet
  facet normal 0.000000e+00 0.000000e+00 0.000000e+00
    outer loop
      vertex -2.000000e+00 5.500000e-01 1.473721e-01
      vertex -2.000000e+00 3.762222e-01 6.633811e-02
      vertex -2.107300e+00 5.394319e-01 1.473721e-01
    endloop
  endfacet
  facet normal 0.000000e+00 0.000000e+00 0.000000e+00
    outer loop
      vertex -2.107300e+00 5.394319e-01 1.473721e-01
      vertex -2.000000e+00 3.762222e-01 6.633811e-02
      vertex -2.073397e+00 3.689932e-01 6.633811e-02
    endloop
  endfacet
  facet normal 0.000000e+00 0.000000e+00 0.000000e+00
    outer loop
      vertex -2.107300e+00 5.394319e-01 1.473721e-01
      vertex -2.073397e+00 3.689932e-01 6.633811e-02
      vertex -2.210476e+00 5.081338e-01 1.473721e-01
    endloop
  endfacet
  facet normal 0.000000e+00 0.000000e+00 0.000000e+00
    outer loop
      vertex -2.210476e+00 5.081338e-01 1.473721e-01
      vertex -2.073397e+00 3.689932e-01 6.633811e-02
      vertex -2.143974e+00 3.475839e-01 6.633811e-02
    endloop
  endfacet
  facet normal 0.000000e+00 0.000000e+00 0.000000e+00
    outer loop
      vertex -2.210476e+00 5.081338e-01 1.473721e-01
      vertex -2.143974e+00 3.475839e-01 6.633811e-02
      vertex -2.305564e+00 4.573083e-01 1.473721e-01
    endloop
  endfacet
  facet normal 0.000000e+00 0.000000e+00 0.000000e+00
    outer loop
      vertex -2.305564e+00 4.573083e-01 1.473721e-01
      vertex -2.143974e+00 3.475839e-01 6.633811e-02
      vertex -2.209018e+00 3.128173e-01 6.633811e-02
    endloop
  endfacet
  facet normal 0.000000e+00 0.000000e+00 0.000000e+00
    outer loop
      vertex -2.305564e+00 4.573083e-01 1.473721e-01
      vertex -2.209018e+00 3.128173e-01 6.633811e-02
      vertex -2.388909e+00 3.889087e-01 1.473721e-01
    endloop
  endfacet
  facet normal 0.000000e+00 0.000000e+00 0.000000e+00
    outer loop
      vertex -2.388909e+00 3.889087e-01 1.473721e-01
      vertex -2.209018e+00 3.128173e-01 6.633811e-02
      vertex -2.266029e+00 2.660292e-01 6.633811e-02
    endloop
  endfacet
  facet normal 0.000000e+00 0.000000e+00 0.000000e+00
    outer loop
      vertex -2.388909e+00 3.889087e-01 1.473721e-01
      vertex -2.266029e+00 2.660292e-01 6.633811e-02
      vertex -2.457308e+00 3.055636e-01 1.473721e-01
    endloop
  endfacet
  facet normal 0.000000e+00 0.000000e+00 0.000000e+00
    outer loop
      vertex -2.457308e+00 3.055636e-01 1.473721e-01
      vertex -2.266029e+00 2.660292e-01 6.633811e-02
      vertex -2.312817e+00 2.090178e-01 6.633811e-02
    endloop
  endfacet
  facet normal 0.000000e+00 0.000000e+00 0.000000e+00
    outer loop
      vertex -2.457308e+00 3.055636e-01 1.473721e-01
      vertex -2.312817e+00 2.090178e-01 6.633811e-02
      vertex -2.508134e+00 2.104759e-01 1.473721e-01
    endloop
  endfacet
  facet normal 0.000000e+00 0.000000e+00 0.000000e+00
    outer loop
      vertex -2.508134e+00 2.104759e-01 1.473721e-01
      vertex -2.312817e+00 2.090178e-01 6.633811e-02
      vertex -2.347584e+00 1.439740e-01 6.633811e-02
    endloop
  endfacet
  facet normal 0.000000e+00 0.000000e+00 0.000000e+00
    outer loop
      vertex -2.508134e+00 2.104759e-01 1.473721e-01
      vertex -2.347584e+00 1.439740e-01 6.633811e-02
      vertex -2.539432e+00 1.072997e-01 1.473721e-01
    endloop
  endfacet
  facet normal 0.000000e+00 0.000000e+00 0.000000e+00
    outer loop
      vertex -2.539432e+00 1.072997e-01 1.473721e-01
      vertex -2.347584e+00 1.439740e-01 6.633811e-02
      vertex -2.368993e+00 7.339730e-02 6.633811e-02
    endloop
  endfacet
  facet normal 0.000000e+00 0.000000e+00 0.000000e+00
    outer loop
      vertex -2.539432e+00 1.072997e-01 1.473721e-01
      vertex -2.368993e+00 7.339730e-02 6.633811e-02
      vertex -2.550000e+00 6.735558e-17 1.473721e-01
    endloop
  endfacet
  facet normal 0.000000e+00 0.000000e+00 0.000000e+00
    outer loop
      vertex -2.550000e+00 6.735558e-17 1.473721e-01
      vertex -2.368993e+00 7.339730e-02 6.633811e-02
      vertex -2.376222e+00 4.607393e-17 6.633811e-02
    endloop
  endfacet
  facet normal 0.000000e+00 0.000000e+00 0.000000e+00
    outer loop
      vertex -2.550000e+00 6.735558e-17 1.473721e-01
      vertex -2.376222e+00 4.607393e-17 6.633811e-02
      vertex -2.539432e+00 -1.072997e-01 1.473721e-01
    endloop
  endfacet
  facet normal 0.000000e+00 0.000000e+00 0.000000e+00
    outer loop
      vertex -2.539432e+00 -1.072997e-01 1.473721e-01
      vertex -2.376222e+00 4.607393e-17 6.633811e-02
      vertex -2.368993e+00 -7.339730e-02 6.633811e-02
    endloop
  endfacet
  facet normal 0.000000e+00 0.000000e+00 0.000000e+00
    outer loop
      vertex -2.539432e+00 -1.072997e-01 1.473721e-01
      vertex -2.368993e+00 -7.339730e-02 6.633811e-02
      vertex -2.508134e+00 -2.104759e-01 1.473721e-01
    endloop
  endfacet
  facet normal 0.000000e+00 0.000000e+00 0.000000e+00
    outer loop
      vertex -2.508134e+00 -2.104759e-01 1.473721e-01
      vertex -2.368993e+00 -7.339730e-02 6.633811e-02
      vertex -2.347584e+00 -1.439740e-01 6.633811e-02
    endloop
  endfacet
  facet normal 0.000000e+00 0.000000e+00 0.000000e+00
    outer loop
      vertex -2.508134e+00 -2.104759e-01 1.473721e-01
      vertex -2.347584e+00 -1.439740e-01 6.633811e-02
      vertex -2.457308e+00 -3.055636e-01 1.473721e-01
    endloop
  endfacet
  facet normal 0.000000e+00 0.000000e+00 0.000000e+00
    outer loop
      vertex -2.457308e+00 -3.055636e-01 1.473721e-01
      vertex -2.347584e+00 -1.439740e-01 6.633811e-02
      vertex -2.312817e+00 -2.090178e-01 6.633811e-02
    endloop
  endfacet
  facet normal 0.000000e+00 0.000000e+00 0.000000e+00
    outer loop
      vertex -2.457308e+00 -3.055636e-01 1.473721e-01
      vertex -2.312817e+00 -2.090178e-01 6.633811e-02
      vertex -2.388909e+00 -3.889087e-01 1.473721e-01
    endloop
  endfacet
  facet normal 0.000000e+00 0.000000e+00 0.000000e+00
    outer loop
      vertex -2.388909e+00 -3.889087e-01 1.473721e-01
      vertex -2.312817e+00 -2.090178e-01 6.633811e-02
      vertex -2.266029e+00 -2.660292e-01 6.633811e-02
    endloop
  endfacet
  facet normal 0.000000e+00 0.000000e+00 0.000000e+00
    outer loop
      vertex -2.388909e+00 -3.889087e-01 1.473721e-01
      vertex -2.266029e+00 -2.660292e-01 6.633811e-02
      vertex -2.305564e+00 -4.573083e-01 1.473721e-01
    endloop
  endfacet
  facet normal 0.000000e+00 0.000000e+00 0.000000e+00
    outer loop
      vertex -2.305564e+00 -4.573083e-01 1.473721e-01
      vertex -2.266029e+00 -2.660292e-01 6.633811e-02
      vertex -2.209018e+00 -3.128173e-01 6.633811e-02
    endloop
  endfacet
  facet normal 0.000000e+00 0.000000e+00 0.000000e+00
    outer loop
      vertex -2.305564e+00 -4.573083e-01 1.473721e-01
      vertex -2.209018e+00 -3.128173e-01 6.633811e-02
      vertex -2.210476e+00 -5.081338e-01 1.473721e-01
    endloop
  endfacet
  facet normal 0.000000e+00 0.000000e+00 0.000000e+00
    outer loop
      vertex -2.210476e+00 -5.081338e-01 1.473721e-01
      vertex -2.209018e+00 -3.128173e-01 6.633811e-02
      vertex -2.143974e+00 -3.475839e-01 6.633811e-02
    endloop
  endfacet
  facet normal 0.000000e+00 0.000000e+00 0.000000e+00
    outer loop
      vertex -2.210476e+00 -5.081338e-01 1.473721e-01
      vertex -2.143974e+00 -3.475839e-01 6.633811e-02
      vertex -2.107300e+00 -5.394319e-01 1.473721e-01
    endloop
  endfacet
  facet normal 0.000000e+00 0.000000e+00 0.000000e+00
    outer loop
      vertex -2.107300e+00 -5.394319e-01 1.473721e-01
      vertex -2.143974e+00 -3.475839e-01 6.633811e-02
      vertex -2.073397e+00 -3.689932e-01 6.633811e-02
    endloop
  endfacet
  facet normal 0.000000e+00 0.000000e+00 0.000000e+00
    outer loop
      vertex -2.107300e+00 -5.394319e-01 1.473721e-01
      vertex -2.073397e+00 -3.689932e-01 6.633811e-02
      vertex -2.000000e+00 -5.500000e-01 1.473721e-01
    endloop
  endfacet
  facet normal 0.000000e+00 0.000000e+00 0.000000e+00
    outer loop
      vertex -2.000000e+00 -5.500000e-01 1.473721e-01
      vertex -2.073397e+00 -3.689932e-01 6.633811e-02
      vertex -2.000000e+00 -3.762222e-01 6.633811e-02
    endloop
  endfacet
  facet normal 0.000000e+00 0.000000e+00 0.000000e+00
    outer loop
      vertex -2.000000e+00 -5.500000e-01 1.473721e-01
      vertex -2.000000e+00 -3.762222e-01 6.633811e-02
      vertex -1.892700e+00 -5.394319e-01 1.473721e-01
    endloop
  endfacet
  facet normal 0.000000e+00 0.000000e+00 0.000000e+00
    outer loop
      vertex -1.892700e+00 -5.394319e-01 1.473721e-01
      vertex -2.000000e+00 -3.762222e-01 6.633811e-02
      vertex -1.926603e+00 -3.689932e-01 6.633811e-02
    endloop
  endfacet
  facet normal 0.000000e+00 0.000000e+00 0.000000e+00
    outer loop
      vertex -1.892700e+00 -5.394319e-01 1.473721e-01
      vertex -1.926603e+00 -3.689932e-01 6.633811e-02
      vertex -1.789524e+00 -5.081338e-01 1.473721e-01
    endloop
  endfacet
  facet normal 0.000000e+00 0.000000e+00 0.000000e+00
    outer loop
      vertex -1.789524e+00 -5.081338e-01 1.473721e-01
      vertex -1.926603e+00 -3.689932e-01 6.633811e-02
      vertex -1.856026e+00 -3.475839e-01 6.633811e-02
    endloop
  endfacet
  facet normal 0.000000e+00 0.000000e+00 0.000000e+00
    outer loop
      vertex -1.789524e+00 -5.081338e-01 1.473721e-01
      vertex -1.856026e+00 -3.475839e-01 6.633811e-02
      vertex -1.694436e+00 -4.573083e-01 1.473721e-01
    endloop
  endfacet
  facet normal 0.000000e+00 0.000000e+00 0.000000e+00
    outer loop
      vertex -1.694436e+00 -4.573083e-01 1.473721e-01
      vertex -1.856026e+00 -3.475839e-01 6.633811e-02
      vertex -1.790982e+00 -3.128173e-01 6.633811e-02
    endloop
  endfacet
  facet normal 0.000000e+00 0.000000e+00 0.000000e+00
    outer loop
      vertex -1.694436e+00 -4.573083e-01 1.473721e-01
      vertex -1.790982e+00 -3.128173e-01 6.633811e-02
      vertex -1.611091e+00 -3.889087e-01 1.473721e-01
    endloop
  endfacet
  facet normal 0.000000e+00 0.000000e+00 0.000000e+00
    outer loop
      vertex -1.611091e+00 -3.889087e-01 1.473721e-01
      vertex -1.790982e+00 -3.128173e-01 6.633811e-02
      vertex -1.733971e+00 -2.660292e-01 6.633811e-02
    endloop
  endfacet
  facet normal 0.000000e+00 0.000000e+00 0.000000e+00
    outer loop
      vertex -1.611091e+00 -3.889087e-01 1.473721e-01
      vertex -1.733971e+00 -2.660292e-01 6.633811e-02
      vertex -1.542692e+00 -3.055636e-01 1.473721e-01
    endloop
  endfacet
  facet normal 0.000000e+00 0.000000e+00 0.000000e+00
    outer loop
      vertex -1.542692e+00 -3.055636e-01 1.473721e-01
      vertex -1.733971e+00 -2.660292e-01 6.633811e-02
      vertex -1.687183e+00 -2.090178e-01 6.633811e-02
    endloop
  endfacet
  facet normal 0.000000e+00 0.000000e+00 0.000000e+00
    outer loop
      vertex -1.542692e+00 -3.055636e-01 1.473721e-01
      vertex -1.687183e+00 -2.090178e-01 6.633811e-02
      vertex -1.491866e+00 -2.104759e-01 1.473721e-01
    endloop
  endfacet
  facet normal 0.000000e+00 0.000000e+00 0.000000e+00
    outer loop
      vertex -1.491866e+00 -2.104759e-01 1.473721e-01
      vertex -1.687183e+00 -2.090178e-01 6.633811e-02
      vertex -1.652416e+00 -1.439740e-01 6.633811e-02
    endloop
  endfacet
  facet normal 0.000000e+00 0.000000e+00 0.000000e+00
    outer loop
      vertex -1.491866e+00 -2.104759e-01 1.473721e-01
      vertex -1.652416e+00 -1.439740e-01 6.633811e-02
      vertex -1.460568e+00 -1.072997e-01 1.473721e-01
    endloop
  endfacet
  facet normal 0.000000e+00 0.000000e+00 0.000000e+00
    outer loop
      vertex -1.460568e+00 -1.072997e-01 1.473721e-01
      vertex -1.652416e+00 -1.439740e-01 6.633811e-02
      vertex -1.631007e+00 -7.339730e-02 6.633811e-02
    endloop
  endfacet
  facet normal 0.000000e+00 0.000000e+00 0.000000e+00
    outer loop
      vertex -1.460568e+00 -1.072997e-01 1.473721e-01
      vertex -1.631007e+00 -7.339730e-02 6.633811e-02
      vertex -1.450000e+00 -1.347112e-16 1.473721e-01
    endloop
  endfacet
  facet normal 0.000000e+00 0.000000e+00 0.000000e+00
    outer loop
      vertex -1.450000e+00 -1.347112e-16 1.473721e-01
      vertex -1.631007e+00 -7.339730e-02 6.633811e-02
      vertex -1.623778e+00 -9.214785e-17 6.633811e-02
    endloop
  endfacet
  facet normal 0.000000e+00 0.000000e+00 0.000000e+00
    outer loop
      vertex -1.623778e+00 0.000000e+00 6.633811e-02
      vertex -1.808987e+00 0.000000e+00 1.671147e-02
      vertex -1.631007e+00 7.339730e-02 6.633811e-02
    endloop
  endfacet
  facet normal 0.000000e+00 0.000000e+00 0.000000e+00
    outer loop
      vertex -1.631007e+00 7.339730e-02 6.633811e-02
      vertex -1.808987e+00 0.000000e+00 1.671147e-02
      vertex -1.812657e+00 3.726479e-02 1.671147e-02
    endloop
  endfacet
  facet normal 0.000000e+00 0.000000e+00 0.000000e+00
    outer loop
      vertex -1.631007e+00 7.339730e-02 6.633811e-02
      vertex -1.812657e+00 3.726479e-02 1.671147e-02
      vertex -1.652416e+00 1.439740e-01 6.633811e-02
    endloop
  endfacet
  facet normal 0.000000e+00 0.000000e+00 0.000000e+00
    outer loop
      vertex -1.652416e+00 1.439740e-01 6.633811e-02
      vertex -1.812657e+00 3.726479e-02 1.671147e-02
      vertex -1.823527e+00 7.309751e-02 1.671147e-02
    endloop
  endfacet
  facet normal 0.000000e+00 0.000000e+00 0.000000e+00
    outer loop
      vertex -1.652416e+00 1.439740e-01 6.633811e-02
      vertex -1.823527e+00 7.309751e-02 1.671147e-02
      vertex -1.687183e+00 2.090178e-01 6.633811e-02
    endloop
  endfacet
  facet normal 0.000000e+00 0.000000e+00 0.000000e+00
    outer loop
      vertex -1.687183e+00 2.090178e-01 6.633811e-02
      vertex -1.823527e+00 7.309751e-02 1.671147e-02
      vertex -1.841179e+00 1.061211e-01 1.671147e-02
    endloop
  endfacet
  facet normal 0.000000e+00 0.000000e+00 0.000000e+00
    outer loop
      vertex -1.687183e+00 2.090178e-01 6.633811e-02
      vertex -1.841179e+00 1.061211e-01 1.671147e-02
      vertex -1.733971e+00 2.660292e-01 6.633811e-02
    endloop
  endfacet
  facet normal 0.000000e+00 0.000000e+00 0.000000e+00
    outer loop
      vertex -1.733971e+00 2.660292e-01 6.633811e-02
      vertex -1.841179e+00 1.061211e-01 1.671147e-02
      vertex -1.864933e+00 1.350666e-01 1.671147e-02
    endloop
  endfacet
  facet normal 0.000000e+00 0.000000e+00 0.000000e+00
    outer loop
      vertex -1.733971e+00 2.660292e-01 6.633811e-02
      vertex -1.864933e+00 1.350666e-01 1.671147e-02
      vertex -1.790982e+00 3.128173e-01 6.633811e-02
    endloop
  endfacet
  facet normal 0.000000e+00 0.000000e+00 0.000000e+00
    outer loop
      vertex -1.790982e+00 3.128173e-01 6.633811e-02
      vertex -1.864933e+00 1.350666e-01 1.671147e-02
      vertex -1.893879e+00 1.588215e-01 1.671147e-02
    endloop
  endfacet
  facet normal 0.000000e+00 0.000000e+00 0.000000e+00
    outer loop
      vertex -1.790982e+00 3.128173e-01 6.633811e-02
      vertex -1.893879e+00 1.588215e-01 1.671147e-02
      vertex -1.856026e+00 3.475839e-01 6.633811e-02
    endloop
  endfacet
  facet normal 0.000000e+00 0.000000e+00 0.000000e+00
    outer loop
      vertex -1.856026e+00 3.475839e-01 6.633811e-02
      vertex -1.893879e+00 1.588215e-01 1.671147e-02
      vertex -1.926903e+00 1.764730e-01 1.671147e-02
    endloop
  endfacet
  facet normal 0.000000e+00 0.000000e+00 0.000000e+00
    outer loop
      vertex -1.856026e+00 3.475839e-01 6.633811e-02
      vertex -1.926903e+00 1.764730e-01 1.671147e-02
      vertex -1.926603e+00 3.689932e-01 6.633811e-02
    endloop
  endfacet
  facet normal 0.000000e+00 0.000000e+00 0.000000e+00
    outer loop
      vertex -1.926603e+00 3.689932e-01 6.633811e-02
      vertex -1.926903e+00 1.764730e-01 1.671147e-02
      vertex -1.962735e+00 1.873427e-01 1.671147e-02
    endloop
  endfacet
  facet normal 0.000000e+00 0.000000e+00 0.000000e+00
    outer loop
      vertex -1.926603e+00 3.689932e-01 6.633811e-02
      vertex -1.962735e+00 1.873427e-01 1.671147e-02
      vertex -2.000000e+00 3.762222e-01 6.633811e-02
    endloop
  endfacet
  facet normal 0.000000e+00 0.000000e+00 0.000000e+00
    outer loop
      vertex -2.000000e+00 3.762222e-01 6.633811e-02
      vertex -1.962735e+00 1.873427e-01 1.671147e-02
      vertex -2.000000e+00 1.910130e-01 1.671147e-02
    endloop
  endfacet
  facet normal 0.000000e+00 0.000000e+00 0.000000e+00
    outer loop
      vertex -2.000000e+00 3.762222e-01 6.633811e-02
      vertex -2.000000e+00 1.910130e-01 1.671147e-02
      vertex -2.073397e+00 3.689932e-01 6.633811e-02
    endloop
  endfacet
  facet normal 0.000000e+00 0.000000e+00 0.000000e+00
    outer loop
      vertex -2.073397e+00 3.689932e-01 6.633811e-02
      vertex -2.000000e+00 1.910130e-01 1.671147e-02
      vertex -2.037265e+00 1.873427e-01 1.671147e-02
    endloop
  endfacet
  facet normal 0.000000e+00 0.000000e+00 0.000000e+00
    outer loop
      vertex -2.073397e+00 3.689932e-01 6.633811e-02
      vertex -2.037265e+00 1.873427e-01 1.671147e-02
      vertex -2.143974e+00 3.475839e-01 6.633811e-02
    endloop
  endfacet
  facet normal 0.000000e+00 0.000000e+00 0.000000e+00
    outer loop
      vertex -2.143974e+00 3.475839e-01 6.633811e-02
      vertex -2.037265e+00 1.873427e-01 1.671147e-02
      vertex -2.073097e+00 1.764730e-01 1.671147e-02
    endloop
  endfacet
  facet normal 0.000000e+00 0.000000e+00 0.000000e+00
    outer loop
      vertex -2.143974e+00 3.475839e-01 6.633811e-02
      vertex -2.073097e+00 1.764730e-01 1.671147e-02
      vertex -2.209018e+00 3.128173e-01 6.633811e-02
    endloop
  endfacet
  facet normal 0.000000e+00 0.000000e+00 0.000000e+00
    outer loop
      vertex -2.209018e+00 3.128173e-01 6.633811e-02
      vertex -2.073097e+00 1.764730e-01 1.671147e-02
      vertex -2.106121e+00 1.588215e-01 1.671147e-02
    endloop
  endfacet
  facet normal 0.000000e+00 0.000000e+00 0.000000e+00
    outer loop
      vertex -2.209018e+00 3.128173e-01 6.633811e-02
      vertex -2.106121e+00 1.588215e-01 1.671147e-02
      vertex -2.266029e+00 2.660292e-01 6.633811e-02
    endloop
  endfacet
  facet normal 0.000000e+00 0.000000e+00 0.000000e+00
    outer loop
      vertex -2.266029e+00 2.660292e-01 6.633811e-02
      vertex -2.106121e+00 1.588215e-01 1.671147e-02
      vertex -2.135067e+00 1.350666e-01 1.671147e-02
    endloop
  endfacet
  facet normal 0.000000e+00 0.000000e+00 0.000000e+00
    outer loop
      vertex -2.266029e+00 2.660292e-01 6.633811e-02
      vertex -2.135067e+00 1.350666e-01 1.671147e-02
      vertex -2.312817e+00 2.090178e-01 6.633811e-02
    endloop
  endfacet
  facet normal 0.000000e+00 0.000000e+00 0.000000e+00
    outer loop
      vertex -2.312817e+00 2.090178e-01 6.633811e-02
      vertex -2.135067e+00 1.350666e-01 1.671147e-02
      vertex -2.158822e+00 1.061211e-01 1.671147e-02
    endloop
  endfacet
  facet normal 0.000000e+00 0.000000e+00 0.000000e+00
    outer loop
      vertex -2.312817e+00 2.090178e-01 6.633811e-02
      vertex -2.158822e+00 1.061211e-01 1.671147e-02
      vertex -2.347584e+00 1.439740e-01 6.633811e-02
    endloop
  endfacet
  facet normal 0.000000e+00 0.000000e+00 0.000000e+00
    outer loop
      vertex -2.347584e+00 1.439740e-01 6.633811e-02
      vertex -2.158822e+00 1.061211e-01 1.671147e-02
      vertex -2.176473e+00 7.309751e-02 1.671147e-02
    endloop
  endfacet
  facet normal 0.000000e+00 0.000000e+00 0.000000e+00
    outer loop
      vertex -2.347584e+00 1.439740e-01 6.633811e-02
      vertex -2.176473e+00 7.309751e-02 1.671147e-02
      vertex -2.368993e+00 7.339730e-02 6.633811e-02
    endloop
  endfacet
  facet normal 0.000000e+00 0.000000e+00 0.000000e+00
    outer loop
      vertex -2.368993e+00 7.339730e-02 6.633811e-02
      vertex -2.176473e+00 7.309751e-02 1.671147e-02
      vertex -2.187343e+00 3.726479e-02 1.671147e-02
    endloop
  endfacet
  facet normal 0.000000e+00 0.000000e+00 0.000000e+00
    outer loop
      vertex -2.368993e+00 7.339730e-02 6.633811e-02
      vertex -2.187343e+00 3.726479e-02 1.671147e-02
      vertex -2.376222e+00 4.607393e-17 6.633811e-02
    endloop
  endfacet
  facet normal 0.000000e+00 0.000000e+00 0.000000e+00
    outer loop
      vertex -2.376222e+00 4.607393e-17 6.633811e-02
      vertex -2.187343e+00 3.726479e-02 1.671147e-02
      vertex -2.191013e+00 2.339235e-17 1.671147e-02
    endloop
  endfacet
  facet normal 0.000000e+00 0.000000e+00 0.000000e+00
    outer loop
      vertex -2.376222e+00 4.607393e-17 6.633811e-02
      vertex -2.191013e+00 2.339235e-17 1.671147e-02
      vertex -2.368993e+00 -7.339730e-02 6.633811e-02
    endloop
  endfacet
  facet normal 0.000000e+00 0.000000e+00 0.000000e+00
    outer loop
      vertex -2.368993e+00 -7.339730e-02 6.633811e-02
      vertex -2.191013e+00 2.339235e-17 1.671147e-02
      vertex -2.187343e+00 -3.726479e-02 1.671147e-02
    endloop
  endfacet
  facet normal 0.000000e+00 0.000000e+00 0.000000e+00
    outer loop
      vertex -2.368993e+00 -7.339730e-02 6.633811e-02
      vertex -2.187343e+00 -3.726479e-02 1.671147e-02
      vertex -2.347584e+00 -1.439740e-01 6.633811e-02
    endloop
  endfacet
  facet normal 0.000000e+00 0.000000e+00 0.000000e+00
    outer loop
      vertex -2.347584e+00 -1.439740e-01 6.633811e-02
      vertex -2.187343e+00 -3.726479e-02 1.671147e-02
      vertex -2.176473e+00 -7.309751e-02 1.671147e-02
    endloop
  endfacet
  facet normal 0.000000e+00 0.000000e+00 0.000000e+00
    outer loop
      vertex -2.347584e+00 -1.439740e-01 6.633811e-02
      vertex -2.176473e+00 -7.309751e-02 1.671147e-02
      vertex -2.312817e+00 -2.090178e-01 6.633811e-02
    endloop
  endfacet
  facet normal 0.000000e+00 0.000000e+00 0.000000e+00
    outer loop
      vertex -2.312817e+00 -2.090178e-01 6.633811e-02
      vertex -2.176473e+00 -7.309751e-02 1.671147e-02
      vertex -2.158822e+00 -1.061211e-01 1.671147e-02
    endloop
  endfacet
  facet normal 0.000000e+00 0.000000e+00 0.000000e+00
    outer loop
      vertex -2.312817e+00 -2.090178e-01 6.633811e-02
      vertex -2.158822e+00 -1.061211e-01 1.671147e-02
      vertex -2.266029e+00 -2.660292e-01 6.633811e-02
    endloop
  endfacet
  facet normal 0.000000e+00 0.000000e+00 0.000000e+00
    outer loop
      vertex -2.266029e+00 -2.660292e-01 6.633811e-02
      vertex -2.158822e+00 -1.061211e-01 1.671147e-02
      vertex -2.135067e+00 -1.350666e-01 1.671147e-02
    endloop
  endfacet
  facet normal 0.000000e+00 0.000000e+00 0.000000e+00
    outer loop
      vertex -2.266029e+00 -2.660292e-01 6.633811e-02
      vertex -2.135067e+00 -1.350666e-01 1.671147e-02
      vertex -2.209018e+00 -3.128173e-01 6.633811e-02
    endloop
  endfacet
  facet normal 0.000000e+00 0.000000e+00 0.000000e+00
    outer loop
      vertex -2.209018e+00 -3.128173e-01 6.633811e-02
      vertex -2.135067e+00 -1.350666e-01 1.671147e-02
      vertex -2.106121e+00 -1.588215e-01 1.671147e-02
    endloop
  endfacet
  facet normal 0.000000e+00 0.000000e+00 0.000000e+00
    outer loop
      vertex -2.209018e+00 -3.128173e-01 6.633811e-02
      vertex -2.106121e+00 -1.588215e-01 1.671147e-02
      vertex -2.143974e+00 -3.475839e-01 6.633811e-02
    endloop
  endfacet
  facet normal 0.000000e+00 0.000000e+00 0.000000e+00
    outer loop
      vertex -2.143974e+00 -3.475839e-01 6.633811e-02
      vertex -2.106121e+00 -1.588215e-01 1.671147e-02
      vertex -2.073097e+00 -1.764730e-01 1.671147e-02
    endloop
  endfacet
  facet normal 0.000000e+00 0.000000e+00 0.000000e+00
    outer loop
      vertex -2.143974e+00 -3.475839e-01 6.633811e-02
      vertex -2.073097e+00 -1.764730e-01 1.671147e-02
      vertex -2.073397e+00 -3.689932e-01 6.633811e-02
    endloop
  endfacet
  facet normal 0.000000e+00 0.000000e+00 0.000000e+00
    outer loop
      vertex -2.073397e+00 -3.689932e-01 6.633811e-02
      vertex -2.073097e+00 -1.764730e-01 1.671147e-02
      vertex -2.037265e+00 -1.873427e-01 1.671147e-02
    endloop
  endfacet
  facet normal 0.000000e+00 0.000000e+00 0.000000e+00
    outer loop
      vertex -2.073397e+00 -3.689932e-01 6.633811e-02
      vertex -2.037265e+00 -1.873427e-01 1.671147e-02
      vertex -2.000000e+00 -3.762222e-01 6.633811e-02
    endloop
  endfacet
  facet normal 0.000000e+00 0.000000e+00 0.000000e+00
    outer loop
      vertex -2.000000e+00 -3.762222e-01 6.633811e-02
      vertex -2.037265e+00 -1.873427e-01 1.671147e-02
      vertex -2.000000e+00 -1.910130e-01 1.671147e-02
    endloop
  endfacet
  facet normal 0.000000e+00 0.000000e+00 0.000000e+00
    outer loop
      vertex -2.000000e+00 -3.762222e-01 6.633811e-02
      vertex -2.000000e+00 -1.910130e-01 1.671147e-02
      vertex -1.926603e+00 -3.689932e-01 6.633811e-02
    endloop
  endfacet
  facet normal 0.000000e+00 0.000000e+00 0.000000e+00
    outer loop
      vertex -1.926603e+00 -3.689932e-01 6.633811e-02
      vertex -2.000000e+00 -1.910130e-01 1.671147e-02
      vertex -1.962735e+00 -1.873427e-01 1.671147e-02
    endloop
  endfacet
  facet normal 0.000000e+00 0.000000e+00 0.000000e+00
    outer loop
      vertex -1.926603e+00 -3.689932e-01 6.633811e-02
      vertex -1.962735e+00 -1.873427e-01 1.671147e-02
      vertex -1.856026e+00 -3.475839e-01 6.633811e-02
    endloop
  endfacet
  facet normal 0.000000e+00 0.000000e+00 0.000000e+00
    outer loop
      vertex -1.856026e+00 -3.475839e-01 6.633811e-02
      vertex -1.962735e+00 -1.873427e-01 1.671147e-02
      vertex -1.926903e+00 -1.764730e-01 1.671147e-02
    endloop
  endfacet
  facet normal 0.000000e+00 0.000000e+00 0.000000e+00
    outer loop
      vertex -1.856026e+00 -3.475839e-01 6.633811e-02
      vertex -1.926903e+00 -1.764730e-01 1.671147e-02
      vertex -1.790982e+00 -3.128173e-01 6.633811e-02
    endloop
  endfacet
  facet normal 0.000000e+00 0.000000e+00 0.000000e+00
    outer loop
      vertex -1.790982e+00 -3.128173e-01 6.633811e-02
      vertex -1.926903e+00 -1.764730e-01 1.671147e-02
      vertex -1.893879e+00 -1.588215e-01 1.671147e-02
    endloop
  endfacet
  facet normal 0.000000e+00 0.000000e+00 0.000000e+00
    outer loop
      vertex -1.790982e+00 -3.128173e-01 6.633811e-02
      vertex -1.893879e+00 -1.588215e-01 1.671147e-02
      vertex -1.733971e+00 -2.660292e-01 6.633811e-02
    endloop
  endfacet
  facet normal 0.000000e+00 0.000000e+00 0.000000e+00
    outer loop
      vertex -1.733971e+00 -2.660292e-01 6.633811e-02
      vertex -1.893879e+00 -1.588215e-01 1.671147e-02
      vertex -1.864933e+00 -1.350666e-01 1.671147e-02
    endloop
  endfacet
  facet normal 0.000000e+00 0.000000e+00 0.000000e+00
    outer loop
      vertex -1.733971e+00 -2.660292e-01 6.633811e-02
      vertex -1.864933e+00 -1.350666e-01 1.671147e-02
      vertex -1.687183e+00 -2.090178e-01 6.633811e-02
    endloop
  endfacet
  facet normal 0.000000e+00 0.000000e+00 0.000000e+00
    outer loop
      vertex -1.687183e+00 -2.090178e-01 6.633811e-02
      vertex -1.864933e+00 -1.350666e-01 1.671147e-02
      vertex -1.841179e+00 -1.061211e-01 1.671147e-02
    endloop
  endfacet
  facet normal 0.000000e+00 0.000000e+00 0.000000e+00
    outer loop
      vertex -1.687183e+00 -2.090178e-01 6.633811e-02
      vertex -1.841179e+00 -1.061211e-01 1.671147e-02
      vertex -1.652416e+00 -1.439740e-01 6.633811e-02
    endloop
  endfacet
  facet normal 0.000000e+00 0.000000e+00 0.000000e+00
    outer loop
      vertex -1.652416e+00 -1.439740e-01 6.633811e-02
      vertex -1.841179e+00 -1.061211e-01 1.671147e-02
      vertex -1.823527e+00 -7.309751e-02 1.671147e-02
    endloop
  endfacet
  facet normal 0.000000e+00 0.000000e+00 0.000000e+00
    outer loop
      vertex -1.652416e+00 -1.439740e-01 6.633811e-02
      vertex -1.823527e+00 -7.309751e-02 1.671147e-02
      vertex -1.631007e+00 -7.339730e-02 6.633811e-02
    endloop
  endfacet
  facet normal 0.000000e+00 0.000000e+00 0.000000e+00
    outer loop
      vertex -1.631007e+00 -7.339730e-02 6.633811e-02
      vertex -1.823527e+00 -7.309751e-02 1.671147e-02
      vertex -1.812657e+00 -3.726479e-02 1.671147e-02
    endloop
  endfacet
  facet normal 0.000000e+00 0.000000e+00 0.000000e+00
    outer loop
      vertex -1.631007e+00 -7.339730e-02 6.633811e-02
      vertex -1.812657e+00 -3.726479e-02 1.671147e-02
      vertex -1.623778e+00 -9.214785e-17 6.633811e-02
    endloop
  endfacet
  facet normal 0.000000e+00 0.000000e+00 0.000000e+00
    outer loop
      vertex -1.623778e+00 -9.214785e-17 6.633811e-02
      vertex -1.812657e+00 -3.726479e-02 1.671147e-02
      vertex -1.808987e+00 -4.678469e-17 1.671147e-02
    endloop
  endfacet
  facet normal 0.000000e+00 0.000000e+00 0.000000e+00
    outer loop
      vertex -1.808987e+00 0.000000e+00 1.671147e-02
      vertex -2.000000e+00 0.000000e+00 0.000000e+00
      vertex -1.812657e+00 3.726479e-02 1.671147e-02
    endloop
  endfacet
  facet normal 0.000000e+00 0.000000e+00 0.000000e+00
    outer loop
      vertex -1.812657e+00 3.726479e-02 1.671147e-02
      vertex -2.000000e+00 0.000000e+00 0.000000e+00
      vertex -2.000000e+00 2.628084e-17 0.000000e+00
    endloop
  endfacet
  facet normal 0.000000e+00 0.000000e+00 0.000000e+00
    outer loop
      vertex -1.812657e+00 3.726479e-02 1.671147e-02
      vertex -2.000000e+00 2.628084e-17 0.000000e+00
      vertex -1.823527e+00 7.309751e-02 1.671147e-02
    endloop
  endfacet
  facet normal 0.000000e+00 0.000000e+00 0.000000e+00
    outer loop
      vertex -1.823527e+00 7.309751e-02 1.671147e-02
      vertex -2.000000e+00 2.628084e-17 0.000000e+00
      vertex -2.000000e+00 5.155173e-17 0.000000e+00
    endloop
  endfacet
  facet normal 0.000000e+00 0.000000e+00 0.000000e+00
    outer loop
      vertex -1.823527e+00 7.309751e-02 1.671147e-02
      vertex -2.000000e+00 5.155173e-17 0.000000e+00
      vertex -1.841179e+00 1.061211e-01 1.671147e-02
    endloop
  endfacet
  facet normal 0.000000e+00 0.000000e+00 0.000000e+00
    outer loop
      vertex -1.841179e+00 1.061211e-01 1.671147e-02
      vertex -2.000000e+00 5.155173e-17 0.000000e+00
      vertex -2.000000e+00 7.484150e-17 0.000000e+00
    endloop
  endfacet
  facet normal 0.000000e+00 0.000000e+00 0.000000e+00
    outer loop
      vertex -1.841179e+00 1.061211e-01 1.671147e-02
      vertex -2.000000e+00 7.484150e-17 0.000000e+00
      vertex -1.864933e+00 1.350666e-01 1.671147e-02
    endloop
  endfacet
  facet normal 0.000000e+00 0.000000e+00 0.000000e+00
    outer loop
      vertex -1.864933e+00 1.350666e-01 1.671147e-02
      vertex -2.000000e+00 7.484150e-17 0.000000e+00
      vertex -2.000000e+00 9.525517e-17 0.000000e+00
    endloop
  endfacet
  facet normal 0.000000e+00 0.000000e+00 0.000000e+00
    outer loop
      vertex -1.864933e+00 1.350666e-01 1.671147e-02
      vertex -2.000000e+00 9.525517e-17 0.000000e+00
      vertex -1.893879e+00 1.588215e-01 1.671147e-02
    endloop
  endfacet
  facet normal 0.000000e+00 0.000000e+00 0.000000e+00
    outer loop
      vertex -1.893879e+00 1.588215e-01 1.671147e-02
      vertex -2.000000e+00 9.525517e-17 0.000000e+00
      vertex -2.000000e+00 1.120082e-16 0.000000e+00
    endloop
  endfacet
  facet normal 0.000000e+00 0.000000e+00 0.000000e+00
    outer loop
      vertex -1.893879e+00 1.588215e-01 1.671147e-02
      vertex -2.000000e+00 1.120082e-16 0.000000e+00
      vertex -1.926903e+00 1.764730e-01 1.671147e-02
    endloop
  endfacet
  facet normal 0.000000e+00 0.000000e+00 0.000000e+00
    outer loop
      vertex -1.926903e+00 1.764730e-01 1.671147e-02
      vertex -2.000000e+00 1.120082e-16 0.000000e+00
      vertex -2.000000e+00 1.244569e-16 0.000000e+00
    endloop
  endfacet
  facet normal 0.000000e+00 0.000000e+00 0.000000e+00
    outer loop
      vertex -1.926903e+00 1.764730e-01 1.671147e-02
      vertex -2.000000e+00 1.244569e-16 0.000000e+00
      vertex -1.962735e+00 1.873427e-01 1.671147e-02
    endloop
  endfacet
  facet normal 0.000000e+00 0.000000e+00 0.000000e+00
    outer loop
      vertex -1.962735e+00 1.873427e-01 1.671147e-02
      vertex -2.000000e+00 1.244569e-16 0.000000e+00
      vertex -2.000000e+00 1.321227e-16 0.000000e+00
    endloop
  endfacet
  facet normal 0.000000e+00 0.000000e+00 0.000000e+00
    outer loop
      vertex -1.962735e+00 1.873427e-01 1.671147e-02
      vertex -2.000000e+00 1.321227e-16 0.000000e+00
      vertex -2.000000e+00 1.910130e-01 1.671147e-02
    endloop
  endfacet
  facet normal 0.000000e+00 0.000000e+00 0.000000e+00
    outer loop
      vertex -2.000000e+00 1.910130e-01 1.671147e-02
      vertex -2.000000e+00 1.321227e-16 0.000000e+00
      vertex -2.000000e+00 1.347112e-16 0.000000e+00
    endloop
  endfacet
  facet normal 0.000000e+00 0.000000e+00 0.000000e+00
    outer loop
      vertex -2.000000e+00 1.910130e-01 1.671147e-02
      vertex -2.000000e+00 1.347112e-16 0.000000e+00
      vertex -2.037265e+00 1.873427e-01 1.671147e-02
    endloop
  endfacet
  facet normal 0.000000e+00 0.000000e+00 0.000000e+00
    outer loop
      vertex -2.037265e+00 1.873427e-01 1.671147e-02
      vertex -2.000000e+00 1.347112e-16 0.000000e+00
      vertex -2.000000e+00 1.321227e-16 0.000000e+00
    endloop
  endfacet
  facet normal 0.000000e+00 0.000000e+00 0.000000e+00
    outer loop
      vertex -2.037265e+00 1.873427e-01 1.671147e-02
      vertex -2.000000e+00 1.321227e-16 0.000000e+00
      vertex -2.073097e+00 1.764730e-01 1.671147e-02
    endloop
  endfacet
  facet normal 0.000000e+00 0.000000e+00 0.000000e+00
    outer loop
      vertex -2.073097e+00 1.764730e-01 1.671147e-02
      vertex -2.000000e+00 1.321227e-16 0.000000e+00
      vertex -2.000000e+00 1.244569e-16 0.000000e+00
    endloop
  endfacet
  facet normal 0.000000e+00 0.000000e+00 0.000000e+00
    outer loop
      vertex -2.073097e+00 1.764730e-01 1.671147e-02
      vertex -2.000000e+00 1.244569e-16 0.000000e+00
      vertex -2.106121e+00 1.588215e-01 1.671147e-02
    endloop
  endfacet
  facet normal 0.000000e+00 0.000000e+00 0.000000e+00
    outer loop
      vertex -2.106121e+00 1.588215e-01 1.671147e-02
      vertex -2.000000e+00 1.244569e-16 0.000000e+00
      vertex -2.000000e+00 1.120082e-16 0.000000e+00
    endloop
  endfacet
  facet normal 0.000000e+00 0.000000e+00 0.000000e+00
    outer loop
      vertex -2.106121e+00 1.588215e-01 1.671147e-02
      vertex -2.000000e+00 1.120082e-16 0.000000e+00
      vertex -2.135067e+00 1.350666e-01 1.671147e-02
    endloop
  endfacet
  facet normal 0.000000e+00 0.000000e+00 0.000000e+00
    outer loop
      vertex -2.135067e+00 1.350666e-01 1.671147e-02
      vertex -2.000000e+00 1.120082e-16 0.000000e+00
      vertex -2.000000e+00 9.525517e-17 0.000000e+00
    endloop
  endfacet
  facet normal 0.000000e+00 0.000000e+00 0.000000e+00
    outer loop
      vertex -2.135067e+00 1.350666e-01 1.671147e-02
      vertex -2.000000e+00 9.525517e-17 0.000000e+00
      vertex -2.158822e+00 1.061211e-01 1.671147e-02
    endloop
  endfacet
  facet normal 0.000000e+00 0.000000e+00 0.000000e+00
    outer loop
      vertex -2.158822e+00 1.061211e-01 1.671147e-02
      vertex -2.000000e+00 9.525517e-17 0.000000e+00
      vertex -2.000000e+00 7.484150e-17 0.000000e+00
    endloop
  endfacet
  facet normal 0.000000e+00 0.000000e+00 0.000000e+00
    outer loop
      vertex -2.158822e+00 1.061211e-01 1.671147e-02
      vertex -2.000000e+00 7.484150e-17 0.000000e+00
      vertex -2.176473e+00 7.309751e-02 1.671147e-02
    endloop
  endfacet
  facet normal 0.000000e+00 0.000000e+00 0.000000e+00
    outer loop
      vertex -2.176473e+00 7.309751e-02 1.671147e-02
      vertex -2.000000e+00 7.484150e-17 0.000000e+00
      vertex -2.000000e+00 5.155173e-17 0.000000e+00
    endloop
  endfacet
  facet normal 0.000000e+00 0.000000e+00 0.000000e+00
    outer loop
      vertex -2.176473e+00 7.309751e-02 1.671147e-02
      vertex -2.000000e+00 5.155173e-17 0.000000e+00
      vertex -2.187343e+00 3.726479e-02 1.671147e-02
    endloop
  endfacet
  facet normal 0.000000e+00 0.000000e+00 0.000000e+00
    outer loop
      vertex -2.187343e+00 3.726479e-02 1.671147e-02
      vertex -2.000000e+00 5.155173e-17 0.000000e+00
      vertex -2.000000e+00 2.628084e-17 0.000000e+00
    endloop
  endfacet
  facet normal 0.000000e+00 0.000000e+00 0.000000e+00
    outer loop
      vertex -2.187343e+00 3.726479e-02 1.671147e-02
      vertex -2.000000e+00 2.628084e-17 0.000000e+00
      vertex -2.191013e+00 2.339235e-17 1.671147e-02
    endloop
  endfacet
  facet normal 0.000000e+00 0.000000e+00 0.000000e+00
    outer loop
      vertex -2.191013e+00 2.339235e-17 1.671147e-02
      vertex -2.000000e+00 2.628084e-17 0.000000e+00
      vertex -2.000000e+00 1.649736e-32 0.000000e+00
    endloop
  endfacet
  facet normal 0.000000e+00 0.000000e+00 0.000000e+00
    outer loop
      vertex -2.191013e+00 2.339235e-17 1.671147e-02
      vertex -2.000000e+00 1.649736e-32 0.000000e+00
      vertex -2.187343e+00 -3.726479e-02 1.671147e-02
    endloop
  endfacet
  facet normal 0.000000e+00 0.000000e+00 0.000000e+00
    outer loop
      vertex -2.187343e+00 -3.726479e-02 1.671147e-02
      vertex -2.000000e+00 1.649736e-32 0.000000e+00
      vertex -2.000000e+00 -2.628084e-17 0.000000e+00
    endloop
  endfacet
  facet normal 0.000000e+00 0.000000e+00 0.000000e+00
    outer loop
      vertex -2.187343e+00 -3.726479e-02 1.671147e-02
      vertex -2.000000e+00 -2.628084e-17 0.000000e+00
      vertex -2.176473e+00 -7.309751e-02 1.671147e-02
    endloop
  endfacet
  facet normal 0.000000e+00 0.000000e+00 0.000000e+00
    outer loop
      vertex -2.176473e+00 -7.309751e-02 1.671147e-02
      vertex -2.000000e+00 -2.628084e-17 0.000000e+00
      vertex -2.000000e+00 -5.155173e-17 0.000000e+00
    endloop
  endfacet
  facet normal 0.000000e+00 0.000000e+00 0.000000e+00
    outer loop
      vertex -2.176473e+00 -7.309751e-02 1.671147e-02
      vertex -2.000000e+00 -5.155173e-17 0.000000e+00
      vertex -2.158822e+00 -1.061211e-01 1.671147e-02
    endloop
  endfacet
  facet normal 0.000000e+00 0.000000e+00 0.000000e+00
    outer loop
      vertex -2.158822e+00 -1.061211e-01 1.671147e-02
      vertex -2.000000e+00 -5.155173e-17 0.000000e+00
      vertex -2.000000e+00 -7.484150e-17 0.000000e+00
    endloop
  endfacet
  facet normal 0.000000e+00 0.000000e+00 0.000000e+00
    outer loop
      vertex -2.158822e+00 -1.061211e-01 1.671147e-02
      vertex -2.000000e+00 -7.484150e-17 0.000000e+00
      vertex -2.135067e+00 -1.350666e-01 1.671147e-02
    endloop
  endfacet
  facet normal 0.000000e+00 0.000000e+00 0.000000e+00
    outer loop
      vertex -2.135067e+00 -1.350666e-01 1.671147e-02
      vertex -2.000000e+00 -7.484150e-17 0.000000e+00
      vertex -2.000000e+00 -9.525517e-17 0.000000e+00
    endloop
  endfacet
  facet normal 0.000000e+00 0.000000e+00 0.000000e+00
    outer loop
      vertex -2.135067e+00 -1.350666e-01 1.671147e-02
      vertex -2.000000e+00 -9.525517e-17 0.000000e+00
      vertex -2.106121e+00 -1.588215e-01 1.671147e-02
    endloop
  endfacet
  facet normal 0.000000e+00 0.000000e+00 0.000000e+00
    outer loop
      vertex -2.106121e+00 -1.588215e-01 1.671147e-02
      vertex -2.000000e+00 -9.525517e-17 0.000000e+00
      vertex -2.000000e+00 -1.120082e-16 0.000000e+00
    endloop
  endfacet
  facet normal 0.000000e+00 0.000000e+00 0.000000e+00
    outer loop
      vertex -2.106121e+00 -1.588215e-01 1.671147e-02
      vertex -2.000000e+00 -1.120082e-16 0.000000e+00
      vertex -2.073097e+00 -1.764730e-01 1.671147e-02
    endloop
  endfacet
  facet normal 0.000000e+00 0.000000e+00 0.000000e+00
    outer loop
      vertex -2.073097e+00 -1.764730e-01 1.671147e-02
      vertex -2.000000e+00 -1.120082e-16 0.000000e+00
      vertex -2.000000e+00 -1.244569e-16 0.000000e+00
    endloop
  endfacet
  facet normal 0.000000e+00 0.000000e+00 0.000000e+00
    outer loop
      vertex -2.073097e+00 -1.764730e-01 1.671147e-02
      vertex -2.000000e+00 -1.244569e-16 0.000000e+00
      vertex -2.037265e+00 -1.873427e-01 1.671147e-02
    endloop
  endfacet
  facet normal 0.000000e+00 0.000000e+00 0.000000e+00
    outer loop
      vertex -2.037265e+00 -1.873427e-01 1.671147e-02
      vertex -2.000000e+00 -1.244569e-16 0.000000e+00
      vertex -2.000000e+00 -1.321227e-16 0.000000e+00
    endloop
  endfacet
  facet normal 0.000000e+00 0.000000e+00 0.000000e+00
    outer loop
      vertex -2.037265e+00 -1.873427e-01 1.671147e-02
      vertex -2.000000e+00 -1.321227e-16 0.000000e+00
      vertex -2.000000e+00 -1.910130e-01 1.671147e-02
    endloop
  endfacet
  facet normal 0.000000e+00 0.000000e+00 0.000000e+00
    outer loop
      vertex -2.000000e+00 -1.910130e-01 1.671147e-02
      vertex -2.000000e+00 -1.321227e-16 0.000000e+00
      vertex -2.000000e+00 -1.347112e-16 0.000000e+00
    endloop
  endfacet
  facet normal 0.000000e+00 0.000000e+00 0.000000e+00
    outer loop
      vertex -2.000000e+00 -1.910130e-01 1.671147e-02
      vertex -2.000000e+00 -1.347112e-16 0.000000e+00
      vertex -1.962735e+00 -1.873427e-01 1.671147e-02
    endloop
  endfacet
  facet normal 0.000000e+00 0.000000e+00 0.000000e+00
    outer loop
      vertex -1.962735e+00 -1.873427e-01 1.671147e-02
      vertex -2.000000e+00 -1.347112e-16 0.000000e+00
      vertex -2.000000e+00 -1.321227e-16 0.000000e+00
    endloop
  endfacet
  facet normal 0.000000e+00 0.000000e+00 0.000000e+00
    outer loop
      vertex -1.962735e+00 -1.873427e-01 1.671147e-02
      vertex -2.000000e+00 -1.321227e-16 0.000000e+00
      vertex -1.926903e+00 -1.764730e-01 1.671147e-02
    endloop
  endfacet
  facet normal 0.000000e+00 0.000000e+00 0.000000e+00
    outer loop
      vertex -1.926903e+00 -1.764730e-01 1.671147e-02
      vertex -2.000000e+00 -1.321227e-16 0.000000e+00
      vertex -2.000000e+00 -1.244569e-16 0.000000e+00
    endloop
  endfacet
  facet normal 0.000000e+00 0.000000e+00 0.000000e+00
    outer loop
      vertex -1.926903e+00 -1.764730e-01 1.671147e-02
      vertex -2.000000e+00 -1.244569e-16 0.000000e+00
      vertex -1.893879e+00 -1.588215e-01 1.671147e-02
    endloop
  endfacet
  facet normal 0.000000e+00 0.000000e+00 0.000000e+00
    outer loop
      vertex -1.893879e+00 -1.588215e-01 1.671147e-02
      vertex -2.000000e+00 -1.244569e-16 0.000000e+00
      vertex -2.000000e+00 -1.120082e-16 0.000000e+00
    endloop
  endfacet
  facet normal 0.000000e+00 0.000000e+00 0.000000e+00
    outer loop
      vertex -1.893879e+00 -1.588215e-01 1.671147e-02
      vertex -2.000000e+00 -1.120082e-16 0.000000e+00
      vertex -1.864933e+00 -1.350666e-01 1.671147e-02
    endloop
  endfacet
  facet normal 0.000000e+00 0.000000e+00 0.000000e+00
    outer loop
      vertex -1.864933e+00 -1.350666e-01 1.671147e-02
      vertex -2.000000e+00 -1.120082e-16 0.000000e+00
      vertex -2.000000e+00 -9.525517e-17 0.000000e+00
    endloop
  endfacet
  facet normal 0.000000e+00 0.000000e+00 0.000000e+00
    outer loop
      vertex -1.864933e+00 -1.350666e-01 1.671147e-02
      vertex -2.000000e+00 -9.525517e-17 0.000000e+00
      vertex -1.841179e+00 -1.061211e-01 1.671147e-02
    endloop
  endfacet
  facet normal 0.000000e+00 0.000000e+00 0.000000e+00
    outer loop
      vertex -1.841179e+00 -1.061211e-01 1.671147e-02
      vertex -2.000000e+00 -9.525517e-17 0.000000e+00
      vertex -2.000000e+00 -7.484150e-17 0.000000e+00
    endloop
  endfacet
  facet normal 0.000000e+00 0.000000e+00 0.000000e+00
    outer loop
      vertex -1.841179e+00 -1.061211e-01 1.671147e-02
      vertex -2.000000e+00 -7.484150e-17 0.000000e+00
      vertex -1.823527e+00 -7.309751e-02 1.671147e-02
    endloop
  endfacet
  facet normal 0.000000e+00 0.000000e+00 0.000000e+00
    outer loop
      vertex -1.823527e+00 -7.309751e-02 1.671147e-02
      vertex -2.000000e+00 -7.484150e-17 0.000000e+00
      vertex -2.000000e+00 -5.155173e-17 0.000000e+00
    endloop
  endfacet
  facet normal 0.000000e+00 0.000000e+00 0.000000e+00
    outer loop
      vertex -1.823527e+00 -7.309751e-02 1.671147e-02
      vertex -2.000000e+00 -5.155173e-17 0.000000e+00
      vertex -1.812657e+00 -3.726479e-02 1.671147e-02
    endloop
  endfacet
  facet normal 0.000000e+00 0.000000e+00 0.000000e+00
    outer loop
      vertex -1.812657e+00 -3.726479e-02 1.671147e-02
      vertex -2.000000e+00 -5.155173e-17 0.000000e+00
      vertex -2.000000e+00 -2.628084e-17 0.000000e+00
    endloop
  endfacet
  facet normal 0.000000e+00 0.000000e+00 0.000000e+00
    outer loop
      vertex -1.812657e+00 -3.726479e-02 1.671147e-02
      vertex -2.000000e+00 -2.628084e-17 0.000000e+00
      vertex -1.808987e+00 -4.678469e-17 1.671147e-02
    endloop
  endfacet
  facet normal 0.000000e+00 0.000000e+00 0.000000e+00
    outer loop
      vertex -1.808987e+00 -4.678469e-17 1.671147e-02
      vertex -2.000000e+00 -2.628084e-17 0.000000e+00
      vertex -2.000000e+00 -3.299472e-32 0.000000e+00
    endloop
  endfacet
endsolid solidlens
