solid solidlens
  facet normal 0.000000e+00 0.000000e+00 0.000000e+00
    outer loop
      vertex -2.150000e+00 0.000000e+00 2.000000e+00
      vertex -1.976352e+00 0.000000e+00 1.984808e+00
      vertex -2.150000e+00 0.000000e+00 2.000000e+00
    endloop
  endfacet
  facet normal 0.000000e+00 0.000000e+00 0.000000e+00
    outer loop
      vertex -2.150000e+00 0.000000e+00 2.000000e+00
      vertex -1.976352e+00 0.000000e+00 1.984808e+00
      vertex -1.979688e+00 3.387708e-02 1.984808e+00
    endloop
  endfacet
  facet normal 0.000000e+00 0.000000e+00 0.000000e+00
    outer loop
      vertex -2.150000e+00 0.000000e+00 2.000000e+00
      vertex -1.979688e+00 3.387708e-02 1.984808e+00
      vertex -2.150000e+00 0.000000e+00 2.000000e+00
    endloop
  endfacet
  facet normal 0.000000e+00 0.000000e+00 0.000000e+00
    outer loop
      vertex -2.150000e+00 0.000000e+00 2.000000e+00
      vertex -1.979688e+00 3.387708e-02 1.984808e+00
      vertex -1.989570e+00 6.645228e-02 1.984808e+00
    endloop
  endfacet
  facet normal 0.000000e+00 0.000000e+00 0.000000e+00
    outer loop
      vertex -2.150000e+00 0.000000e+00 2.000000e+00
      vertex -1.989570e+00 6.645228e-02 1.984808e+00
      vertex -2.150000e+00 0.000000e+00 2.000000e+00
    endloop
  endfacet
  facet normal 0.000000e+00 0.000000e+00 0.000000e+00
    outer loop
      vertex -2.150000e+00 0.000000e+00 2.000000e+00
      vertex -1.989570e+00 6.645228e-02 1.984808e+00
      vertex -2.005617e+00 9.647376e-02 1.984808e+00
    endloop
  endfacet
  facet normal 0.000000e+00 0.000000e+00 0.000000e+00
    outer loop
      vertex -2.150000e+00 0.000000e+00 2.000000e+00
      vertex -2.005617e+00 9.647376e-02 1.984808e+00
      vertex -2.150000e+00 0.000000e+00 2.000000e+00
    endloop
  endfacet
  facet normal 0.000000e+00 0.000000e+00 0.000000e+00
    outer loop
      vertex -2.150000e+00 0.000000e+00 2.000000e+00
      vertex -2.005617e+00 9.647376e-02 1.984808e+00
      vertex -2.027212e+00 1.227878e-01 1.984808e+00
    endloop
  endfacet
  facet normal 0.000000e+00 0.000000e+00 0.000000e+00
    outer loop
      vertex -2.150000e+00 0.000000e+00 2.000000e+00
      vertex -2.027212e+00 1.227878e-01 1.984808e+00
      vertex -2.150000e+00 0.000000e+00 2.000000e+00
    endloop
  endfacet
  facet normal 0.000000e+00 0.000000e+00 0.000000e+00
    outer loop
      vertex -2.150000e+00 0.000000e+00 2.000000e+00
      vertex -2.027212e+00 1.227878e-01 1.984808e+00
      vertex -2.053526e+00 1.443832e-01 1.984808e+00
    endloop
  endfacet
  facet normal 0.000000e+00 0.000000e+00 0.000000e+00
    outer loop
      vertex -2.150000e+00 0.000000e+00 2.000000e+00
      vertex -2.053526e+00 1.443832e-01 1.984808e+00
      vertex -2.150000e+00 0.000000e+00 2.000000e+00
    endloop
  endfacet
  facet normal 0.000000e+00 0.000000e+00 0.000000e+00
    outer loop
      vertex -2.150000e+00 0.000000e+00 2.000000e+00
      vertex -2.053526e+00 1.443832e-01 1.984808e+00
      vertex -2.083548e+00 1.604300e-01 1.984808e+00
    endloop
  endfacet
  facet normal 0.000000e+00 0.000000e+00 0.000000e+00
    outer loop
      vertex -2.150000e+00 0.000000e+00 2.000000e+00
      vertex -2.083548e+00 1.604300e-01 1.984808e+00
      vertex -2.150000e+00 0.000000e+00 2.000000e+00
    endloop
  endfacet
  facet normal 0.000000e+00 0.000000e+00 0.000000e+00
    outer loop
      vertex -2.150000e+00 0.000000e+00 2.000000e+00
      vertex -2.083548e+00 1.604300e-01 1.984808e+00
      vertex -2.116123e+00 1.703116e-01 1.984808e+00
    endloop
  endfacet
  facet normal 0.000000e+00 0.000000e+00 0.000000e+00
    outer loop
      vertex -2.150000e+00 0.000000e+00 2.000000e+00
      vertex -2.116123e+00 1.703116e-01 1.984808e+00
      vertex -2.150000e+00 0.000000e+00 2.000000e+00
    endloop
  endfacet
  facet normal 0.000000e+00 0.000000e+00 0.000000e+00
    outer loop
      vertex -2.150000e+00 0.000000e+00 2.000000e+00
      vertex -2.116123e+00 1.703116e-01 1.984808e+00
      vertex -2.150000e+00 1.736482e-01 1.984808e+00
    endloop
  endfacet
  facet normal 0.000000e+00 0.000000e+00 0.000000e+00
    outer loop
      vertex -2.150000e+00 0.000000e+00 2.000000e+00
      vertex -2.150000e+00 1.736482e-01 1.984808e+00
      vertex -2.150000e+00 0.000000e+00 2.000000e+00
    endloop
  endfacet
  facet normal 0.000000e+00 0.000000e+00 0.000000e+00
    outer loop
      vertex -2.150000e+00 0.000000e+00 2.000000e+00
      vertex -2.150000e+00 1.736482e-01 1.984808e+00
      vertex -2.183877e+00 1.703116e-01 1.984808e+00
    endloop
  endfacet
  facet normal 0.000000e+00 0.000000e+00 0.000000e+00
    outer loop
      vertex -2.150000e+00 0.000000e+00 2.000000e+00
      vertex -2.183877e+00 1.703116e-01 1.984808e+00
      vertex -2.150000e+00 0.000000e+00 2.000000e+00
    endloop
  endfacet
  facet normal 0.000000e+00 0.000000e+00 0.000000e+00
    outer loop
      vertex -2.150000e+00 0.000000e+00 2.000000e+00
      vertex -2.183877e+00 1.703116e-01 1.984808e+00
      vertex -2.216452e+00 1.604300e-01 1.984808e+00
    endloop
  endfacet
  facet normal 0.000000e+00 0.000000e+00 0.000000e+00
    outer loop
      vertex -2.150000e+00 0.000000e+00 2.000000e+00
      vertex -2.216452e+00 1.604300e-01 1.984808e+00
      vertex -2.150000e+00 0.000000e+00 2.000000e+00
    endloop
  endfacet
  facet normal 0.000000e+00 0.000000e+00 0.000000e+00
    outer loop
      vertex -2.150000e+00 0.000000e+00 2.000000e+00
      vertex -2.216452e+00 1.604300e-01 1.984808e+00
      vertex -2.246474e+00 1.443832e-01 1.984808e+00
    endloop
  endfacet
  facet normal 0.000000e+00 0.000000e+00 0.000000e+00
    outer loop
      vertex -2.150000e+00 0.000000e+00 2.000000e+00
      vertex -2.246474e+00 1.443832e-01 1.984808e+00
      vertex -2.150000e+00 0.000000e+00 2.000000e+00
    endloop
  endfacet
  facet normal 0.000000e+00 0.000000e+00 0.000000e+00
    outer loop
      vertex -2.150000e+00 0.000000e+00 2.000000e+00
      vertex -2.246474e+00 1.443832e-01 1.984808e+00
      vertex -2.272788e+00 1.227878e-01 1.984808e+00
    endloop
  endfacet
  facet normal 0.000000e+00 0.000000e+00 0.000000e+00
    outer loop
      vertex -2.150000e+00 0.000000e+00 2.000000e+00
      vertex -2.272788e+00 1.227878e-01 1.984808e+00
      vertex -2.150000e+00 0.000000e+00 2.000000e+00
    endloop
  endfacet
  facet normal 0.000000e+00 0.000000e+00 0.000000e+00
    outer loop
      vertex -2.150000e+00 0.000000e+00 2.000000e+00
      vertex -2.272788e+00 1.227878e-01 1.984808e+00
      vertex -2.294383e+00 9.647376e-02 1.984808e+00
    endloop
  endfacet
  facet normal 0.000000e+00 0.000000e+00 0.000000e+00
    outer loop
      vertex -2.150000e+00 0.000000e+00 2.000000e+00
      vertex -2.294383e+00 9.647376e-02 1.984808e+00
      vertex -2.150000e+00 0.000000e+00 2.000000e+00
    endloop
  endfacet
  facet normal 0.000000e+00 0.000000e+00 0.000000e+00
    outer loop
      vertex -2.150000e+00 0.000000e+00 2.000000e+00
      vertex -2.294383e+00 9.647376e-02 1.984808e+00
      vertex -2.310430e+00 6.645228e-02 1.984808e+00
    endloop
  endfacet
  facet normal 0.000000e+00 0.000000e+00 0.000000e+00
    outer loop
      vertex -2.150000e+00 0.000000e+00 2.000000e+00
      vertex -2.310430e+00 6.645228e-02 1.984808e+00
      vertex -2.150000e+00 0.000000e+00 2.000000e+00
    endloop
  endfacet
  facet normal 0.000000e+00 0.000000e+00 0.000000e+00
    outer loop
      vertex -2.150000e+00 0.000000e+00 2.000000e+00
      vertex -2.310430e+00 6.645228e-02 1.984808e+00
      vertex -2.320312e+00 3.387708e-02 1.984808e+00
    endloop
  endfacet
  facet normal 0.000000e+00 0.000000e+00 0.000000e+00
    outer loop
      vertex -2.150000e+00 0.000000e+00 2.000000e+00
      vertex -2.320312e+00 3.387708e-02 1.984808e+00
      vertex -2.150000e+00 0.000000e+00 2.000000e+00
    endloop
  endfacet
  facet normal 0.000000e+00 0.000000e+00 0.000000e+00
    outer loop
      vertex -2.150000e+00 0.000000e+00 2.000000e+00
      vertex -2.320312e+00 3.387708e-02 1.984808e+00
      vertex -2.323648e+00 2.126577e-17 1.984808e+00
    endloop
  endfacet
  facet normal 0.000000e+00 0.000000e+00 0.000000e+00
    outer loop
      vertex -2.150000e+00 0.000000e+00 2.000000e+00
      vertex -2.323648e+00 2.126577e-17 1.984808e+00
      vertex -2.150000e+00 0.000000e+00 2.000000e+00
    endloop
  endfacet
  facet normal 0.000000e+00 0.000000e+00 0.000000e+00
    outer loop
      vertex -2.150000e+00 0.000000e+00 2.000000e+00
      vertex -2.323648e+00 2.126577e-17 1.984808e+00
      vertex -2.320312e+00 -3.387708e-02 1.984808e+00
    endloop
  endfacet
  facet normal 0.000000e+00 0.000000e+00 0.000000e+00
    outer loop
      vertex -2.150000e+00 0.000000e+00 2.000000e+00
      vertex -2.320312e+00 -3.387708e-02 1.984808e+00
      vertex -2.150000e+00 0.000000e+00 2.000000e+00
    endloop
  endfacet
  facet normal 0.000000e+00 0.000000e+00 0.000000e+00
    outer loop
      vertex -2.150000e+00 0.000000e+00 2.000000e+00
      vertex -2.320312e+00 -3.387708e-02 1.984808e+00
      vertex -2.310430e+00 -6.645228e-02 1.984808e+00
    endloop
  endfacet
  facet normal 0.000000e+00 0.000000e+00 0.000000e+00
    outer loop
      vertex -2.150000e+00 0.000000e+00 2.000000e+00
      vertex -2.310430e+00 -6.645228e-02 1.984808e+00
      vertex -2.150000e+00 0.000000e+00 2.000000e+00
    endloop
  endfacet
  facet normal 0.000000e+00 0.000000e+00 0.000000e+00
    outer loop
      vertex -2.150000e+00 0.000000e+00 2.000000e+00
      vertex -2.310430e+00 -6.645228e-02 1.984808e+00
      vertex -2.294383e+00 -9.647376e-02 1.984808e+00
    endloop
  endfacet
  facet normal 0.000000e+00 0.000000e+00 0.000000e+00
    outer loop
      vertex -2.150000e+00 0.000000e+00 2.000000e+00
      vertex -2.294383e+00 -9.647376e-02 1.984808e+00
      vertex -2.150000e+00 0.000000e+00 2.000000e+00
    endloop
  endfacet
  facet normal 0.000000e+00 0.000000e+00 0.000000e+00
    outer loop
      vertex -2.150000e+00 0.000000e+00 2.000000e+00
      vertex -2.294383e+00 -9.647376e-02 1.984808e+00
      vertex -2.272788e+00 -1.227878e-01 1.984808e+00
    endloop
  endfacet
  facet normal 0.000000e+00 0.000000e+00 0.000000e+00
    outer loop
      vertex -2.150000e+00 0.000000e+00 2.000000e+00
      vertex -2.272788e+00 -1.227878e-01 1.984808e+00
      vertex -2.150000e+00 0.000000e+00 2.000000e+00
    endloop
  endfacet
  facet normal 0.000000e+00 0.000000e+00 0.000000e+00
    outer loop
      vertex -2.150000e+00 0.000000e+00 2.000000e+00
      vertex -2.272788e+00 -1.227878e-01 1.984808e+00
      vertex -2.246474e+00 -1.443832e-01 1.984808e+00
    endloop
  endfacet
  facet normal 0.000000e+00 0.000000e+00 0.000000e+00
    outer loop
      vertex -2.150000e+00 0.000000e+00 2.000000e+00
      vertex -2.246474e+00 -1.443832e-01 1.984808e+00
      vertex -2.150000e+00 0.000000e+00 2.000000e+00
    endloop
  endfacet
  facet normal 0.000000e+00 0.000000e+00 0.000000e+00
    outer loop
      vertex -2.150000e+00 0.000000e+00 2.000000e+00
      vertex -2.246474e+00 -1.443832e-01 1.984808e+00
      vertex -2.216452e+00 -1.604300e-01 1.984808e+00
    endloop
  endfacet
  facet normal 0.000000e+00 0.000000e+00 0.000000e+00
    outer loop
      vertex -2.150000e+00 0.000000e+00 2.000000e+00
      vertex -2.216452e+00 -1.604300e-01 1.984808e+00
      vertex -2.150000e+00 0.000000e+00 2.000000e+00
    endloop
  endfacet
  facet normal 0.000000e+00 0.000000e+00 0.000000e+00
    outer loop
      vertex -2.150000e+00 0.000000e+00 2.000000e+00
      vertex -2.216452e+00 -1.604300e-01 1.984808e+00
      vertex -2.183877e+00 -1.703116e-01 1.984808e+00
    endloop
  endfacet
  facet normal 0.000000e+00 0.000000e+00 0.000000e+00
    outer loop
      vertex -2.150000e+00 0.000000e+00 2.000000e+00
      vertex -2.183877e+00 -1.703116e-01 1.984808e+00
      vertex -2.150000e+00 0.000000e+00 2.000000e+00
    endloop
  endfacet
  facet normal 0.000000e+00 0.000000e+00 0.000000e+00
    outer loop
      vertex -2.150000e+00 0.000000e+00 2.000000e+00
      vertex -2.183877e+00 -1.703116e-01 1.984808e+00
      vertex -2.150000e+00 -1.736482e-01 1.984808e+00
    endloop
  endfacet
  facet normal 0.000000e+00 0.000000e+00 0.000000e+00
    outer loop
      vertex -2.150000e+00 0.000000e+00 2.000000e+00
      vertex -2.150000e+00 -1.736482e-01 1.984808e+00
      vertex -2.150000e+00 0.000000e+00 2.000000e+00
    endloop
  endfacet
  facet normal 0.000000e+00 0.000000e+00 0.000000e+00
    outer loop
      vertex -2.150000e+00 0.000000e+00 2.000000e+00
      vertex -2.150000e+00 -1.736482e-01 1.984808e+00
      vertex -2.116123e+00 -1.703116e-01 1.984808e+00
    endloop
  endfacet
  facet normal 0.000000e+00 0.000000e+00 0.000000e+00
    outer loop
      vertex -2.150000e+00 0.000000e+00 2.000000e+00
      vertex -2.116123e+00 -1.703116e-01 1.984808e+00
      vertex -2.150000e+00 0.000000e+00 2.000000e+00
    endloop
  endfacet
  facet normal 0.000000e+00 0.000000e+00 0.000000e+00
    outer loop
      vertex -2.150000e+00 0.000000e+00 2.000000e+00
      vertex -2.116123e+00 -1.703116e-01 1.984808e+00
      vertex -2.083548e+00 -1.604300e-01 1.984808e+00
    endloop
  endfacet
  facet normal 0.000000e+00 0.000000e+00 0.000000e+00
    outer loop
      vertex -2.150000e+00 0.000000e+00 2.000000e+00
      vertex -2.083548e+00 -1.604300e-01 1.984808e+00
      vertex -2.150000e+00 0.000000e+00 2.000000e+00
    endloop
  endfacet
  facet normal 0.000000e+00 0.000000e+00 0.000000e+00
    outer loop
      vertex -2.150000e+00 0.000000e+00 2.000000e+00
      vertex -2.083548e+00 -1.604300e-01 1.984808e+00
      vertex -2.053526e+00 -1.443832e-01 1.984808e+00
    endloop
  endfacet
  facet normal 0.000000e+00 0.000000e+00 0.000000e+00
    outer loop
      vertex -2.150000e+00 0.000000e+00 2.000000e+00
      vertex -2.053526e+00 -1.443832e-01 1.984808e+00
      vertex -2.150000e+00 0.000000e+00 2.000000e+00
    endloop
  endfacet
  facet normal 0.000000e+00 0.000000e+00 0.000000e+00
    outer loop
      vertex -2.150000e+00 0.000000e+00 2.000000e+00
      vertex -2.053526e+00 -1.443832e-01 1.984808e+00
      vertex -2.027212e+00 -1.227878e-01 1.984808e+00
    endloop
  endfacet
  facet normal 0.000000e+00 0.000000e+00 0.000000e+00
    outer loop
      vertex -2.150000e+00 0.000000e+00 2.000000e+00
      vertex -2.027212e+00 -1.227878e-01 1.984808e+00
      vertex -2.150000e+00 0.000000e+00 2.000000e+00
    endloop
  endfacet
  facet normal 0.000000e+00 0.000000e+00 0.000000e+00
    outer loop
      vertex -2.150000e+00 0.000000e+00 2.000000e+00
      vertex -2.027212e+00 -1.227878e-01 1.984808e+00
      vertex -2.005617e+00 -9.647376e-02 1.984808e+00
    endloop
  endfacet
  facet normal 0.000000e+00 0.000000e+00 0.000000e+00
    outer loop
      vertex -2.150000e+00 0.000000e+00 2.000000e+00
      vertex -2.005617e+00 -9.647376e-02 1.984808e+00
      vertex -2.150000e+00 0.000000e+00 2.000000e+00
    endloop
  endfacet
  facet normal 0.000000e+00 0.000000e+00 0.000000e+00
    outer loop
      vertex -2.150000e+00 0.000000e+00 2.000000e+00
      vertex -2.005617e+00 -9.647376e-02 1.984808e+00
      vertex -1.989570e+00 -6.645228e-02 1.984808e+00
    endloop
  endfacet
  facet normal 0.000000e+00 0.000000e+00 0.000000e+00
    outer loop
      vertex -2.150000e+00 0.000000e+00 2.000000e+00
      vertex -1.989570e+00 -6.645228e-02 1.984808e+00
      vertex -2.150000e+00 0.000000e+00 2.000000e+00
    endloop
  endfacet
  facet normal 0.000000e+00 0.000000e+00 0.000000e+00
    outer loop
      vertex -2.150000e+00 0.000000e+00 2.000000e+00
      vertex -1.989570e+00 -6.645228e-02 1.984808e+00
      vertex -1.979688e+00 -3.387708e-02 1.984808e+00
    endloop
  endfacet
  facet normal 0.000000e+00 0.000000e+00 0.000000e+00
    outer loop
      vertex -2.150000e+00 0.000000e+00 2.000000e+00
      vertex -1.979688e+00 -3.387708e-02 1.984808e+00
      vertex -2.150000e+00 0.000000e+00 2.000000e+00
    endloop
  endfacet
  facet normal 0.000000e+00 0.000000e+00 0.000000e+00
    outer loop
      vertex -2.150000e+00 0.000000e+00 2.000000e+00
      vertex -1.979688e+00 -3.387708e-02 1.984808e+00
      vertex -1.976352e+00 -4.253154e-17 1.984808e+00
    endloop
  endfacet
  facet normal 0.000000e+00 0.000000e+00 0.000000e+00
    outer loop
      vertex -1.976352e+00 0.000000e+00 1.984808e+00
      vertex -1.807980e+00 0.000000e+00 1.939693e+00
      vertex -1.979688e+00 3.387708e-02 1.984808e+00
    endloop
  endfacet
  facet normal 0.000000e+00 0.000000e+00 0.000000e+00
    outer loop
      vertex -1.979688e+00 3.387708e-02 1.984808e+00
      vertex -1.807980e+00 0.000000e+00 1.939693e+00
      vertex -1.814552e+00 6.672482e-02 1.939693e+00
    endloop
  endfacet
  facet normal 0.000000e+00 0.000000e+00 0.000000e+00
    outer loop
      vertex -1.979688e+00 3.387708e-02 1.984808e+00
      vertex -1.814552e+00 6.672482e-02 1.939693e+00
      vertex -1.989570e+00 6.645228e-02 1.984808e+00
    endloop
  endfacet
  facet normal 0.000000e+00 0.000000e+00 0.000000e+00
    outer loop
      vertex -1.989570e+00 6.645228e-02 1.984808e+00
      vertex -1.814552e+00 6.672482e-02 1.939693e+00
      vertex -1.834015e+00 1.308854e-01 1.939693e+00
    endloop
  endfacet
  facet normal 0.000000e+00 0.000000e+00 0.000000e+00
    outer loop
      vertex -1.989570e+00 6.645228e-02 1.984808e+00
      vertex -1.834015e+00 1.308854e-01 1.939693e+00
      vertex -2.005617e+00 9.647376e-02 1.984808e+00
    endloop
  endfacet
  facet normal 0.000000e+00 0.000000e+00 0.000000e+00
    outer loop
      vertex -2.005617e+00 9.647376e-02 1.984808e+00
      vertex -1.834015e+00 1.308854e-01 1.939693e+00
      vertex -1.865621e+00 1.900162e-01 1.939693e+00
    endloop
  endfacet
  facet normal 0.000000e+00 0.000000e+00 0.000000e+00
    outer loop
      vertex -2.005617e+00 9.647376e-02 1.984808e+00
      vertex -1.865621e+00 1.900162e-01 1.939693e+00
      vertex -2.027212e+00 1.227878e-01 1.984808e+00
    endloop
  endfacet
  facet normal 0.000000e+00 0.000000e+00 0.000000e+00
    outer loop
      vertex -2.027212e+00 1.227878e-01 1.984808e+00
      vertex -1.865621e+00 1.900162e-01 1.939693e+00
      vertex -1.908155e+00 2.418448e-01 1.939693e+00
    endloop
  endfacet
  facet normal 0.000000e+00 0.000000e+00 0.000000e+00
    outer loop
      vertex -2.027212e+00 1.227878e-01 1.984808e+00
      vertex -1.908155e+00 2.418448e-01 1.939693e+00
      vertex -2.053526e+00 1.443832e-01 1.984808e+00
    endloop
  endfacet
  facet normal 0.000000e+00 0.000000e+00 0.000000e+00
    outer loop
      vertex -2.053526e+00 1.443832e-01 1.984808e+00
      vertex -1.908155e+00 2.418448e-01 1.939693e+00
      vertex -1.959984e+00 2.843794e-01 1.939693e+00
    endloop
  endfacet
  facet normal 0.000000e+00 0.000000e+00 0.000000e+00
    outer loop
      vertex -2.053526e+00 1.443832e-01 1.984808e+00
      vertex -1.959984e+00 2.843794e-01 1.939693e+00
      vertex -2.083548e+00 1.604300e-01 1.984808e+00
    endloop
  endfacet
  facet normal 0.000000e+00 0.000000e+00 0.000000e+00
    outer loop
      vertex -2.083548e+00 1.604300e-01 1.984808e+00
      vertex -1.959984e+00 2.843794e-01 1.939693e+00
      vertex -2.019114e+00 3.159854e-01 1.939693e+00
    endloop
  endfacet
  facet normal 0.000000e+00 0.000000e+00 0.000000e+00
    outer loop
      vertex -2.083548e+00 1.604300e-01 1.984808e+00
      vertex -2.019114e+00 3.159854e-01 1.939693e+00
      vertex -2.116123e+00 1.703116e-01 1.984808e+00
    endloop
  endfacet
  facet normal 0.000000e+00 0.000000e+00 0.000000e+00
    outer loop
      vertex -2.116123e+00 1.703116e-01 1.984808e+00
      vertex -2.019114e+00 3.159854e-01 1.939693e+00
      vertex -2.083275e+00 3.354483e-01 1.939693e+00
    endloop
  endfacet
  facet normal 0.000000e+00 0.000000e+00 0.000000e+00
    outer loop
      vertex -2.116123e+00 1.703116e-01 1.984808e+00
      vertex -2.083275e+00 3.354483e-01 1.939693e+00
      vertex -2.150000e+00 1.736482e-01 1.984808e+00
    endloop
  endfacet
  facet normal 0.000000e+00 0.000000e+00 0.000000e+00
    outer loop
      vertex -2.150000e+00 1.736482e-01 1.984808e+00
      vertex -2.083275e+00 3.354483e-01 1.939693e+00
      vertex -2.150000e+00 3.420202e-01 1.939693e+00
    endloop
  endfacet
  facet normal 0.000000e+00 0.000000e+00 0.000000e+00
    outer loop
      vertex -2.150000e+00 1.736482e-01 1.984808e+00
      vertex -2.150000e+00 3.420202e-01 1.939693e+00
      vertex -2.183877e+00 1.703116e-01 1.984808e+00
    endloop
  endfacet
  facet normal 0.000000e+00 0.000000e+00 0.000000e+00
    outer loop
      vertex -2.183877e+00 1.703116e-01 1.984808e+00
      vertex -2.150000e+00 3.420202e-01 1.939693e+00
      vertex -2.216725e+00 3.354483e-01 1.939693e+00
    endloop
  endfacet
  facet normal 0.000000e+00 0.000000e+00 0.000000e+00
    outer loop
      vertex -2.183877e+00 1.703116e-01 1.984808e+00
      vertex -2.216725e+00 3.354483e-01 1.939693e+00
      vertex -2.216452e+00 1.604300e-01 1.984808e+00
    endloop
  endfacet
  facet normal 0.000000e+00 0.000000e+00 0.000000e+00
    outer loop
      vertex -2.216452e+00 1.604300e-01 1.984808e+00
      vertex -2.216725e+00 3.354483e-01 1.939693e+00
      vertex -2.280885e+00 3.159854e-01 1.939693e+00
    endloop
  endfacet
  facet normal 0.000000e+00 0.000000e+00 0.000000e+00
    outer loop
      vertex -2.216452e+00 1.604300e-01 1.984808e+00
      vertex -2.280885e+00 3.159854e-01 1.939693e+00
      vertex -2.246474e+00 1.443832e-01 1.984808e+00
    endloop
  endfacet
  facet normal 0.000000e+00 0.000000e+00 0.000000e+00
    outer loop
      vertex -2.246474e+00 1.443832e-01 1.984808e+00
      vertex -2.280885e+00 3.159854e-01 1.939693e+00
      vertex -2.340016e+00 2.843794e-01 1.939693e+00
    endloop
  endfacet
  facet normal 0.000000e+00 0.000000e+00 0.000000e+00
    outer loop
      vertex -2.246474e+00 1.443832e-01 1.984808e+00
      vertex -2.340016e+00 2.843794e-01 1.939693e+00
      vertex -2.272788e+00 1.227878e-01 1.984808e+00
    endloop
  endfacet
  facet normal 0.000000e+00 0.000000e+00 0.000000e+00
    outer loop
      vertex -2.272788e+00 1.227878e-01 1.984808e+00
      vertex -2.340016e+00 2.843794e-01 1.939693e+00
      vertex -2.391845e+00 2.418448e-01 1.939693e+00
    endloop
  endfacet
  facet normal 0.000000e+00 0.000000e+00 0.000000e+00
    outer loop
      vertex -2.272788e+00 1.227878e-01 1.984808e+00
      vertex -2.391845e+00 2.418448e-01 1.939693e+00
      vertex -2.294383e+00 9.647376e-02 1.984808e+00
    endloop
  endfacet
  facet normal 0.000000e+00 0.000000e+00 0.000000e+00
    outer loop
      vertex -2.294383e+00 9.647376e-02 1.984808e+00
      vertex -2.391845e+00 2.418448e-01 1.939693e+00
      vertex -2.434379e+00 1.900162e-01 1.939693e+00
    endloop
  endfacet
  facet normal 0.000000e+00 0.000000e+00 0.000000e+00
    outer loop
      vertex -2.294383e+00 9.647376e-02 1.984808e+00
      vertex -2.434379e+00 1.900162e-01 1.939693e+00
      vertex -2.310430e+00 6.645228e-02 1.984808e+00
    endloop
  endfacet
  facet normal 0.000000e+00 0.000000e+00 0.000000e+00
    outer loop
      vertex -2.310430e+00 6.645228e-02 1.984808e+00
      vertex -2.434379e+00 1.900162e-01 1.939693e+00
      vertex -2.465985e+00 1.308854e-01 1.939693e+00
    endloop
  endfacet
  facet normal 0.000000e+00 0.000000e+00 0.000000e+00
    outer loop
      vertex -2.310430e+00 6.645228e-02 1.984808e+00
      vertex -2.465985e+00 1.308854e-01 1.939693e+00
      vertex -2.320312e+00 3.387708e-02 1.984808e+00
    endloop
  endfacet
  facet normal 0.000000e+00 0.000000e+00 0.000000e+00
    outer loop
      vertex -2.320312e+00 3.387708e-02 1.984808e+00
      vertex -2.465985e+00 1.308854e-01 1.939693e+00
      vertex -2.485448e+00 6.672482e-02 1.939693e+00
    endloop
  endfacet
  facet normal 0.000000e+00 0.000000e+00 0.000000e+00
    outer loop
      vertex -2.320312e+00 3.387708e-02 1.984808e+00
      vertex -2.485448e+00 6.672482e-02 1.939693e+00
      vertex -2.323648e+00 2.126577e-17 1.984808e+00
    endloop
  endfacet
  facet normal 0.000000e+00 0.000000e+00 0.000000e+00
    outer loop
      vertex -2.323648e+00 2.126577e-17 1.984808e+00
      vertex -2.485448e+00 6.672482e-02 1.939693e+00
      vertex -2.492020e+00 4.188539e-17 1.939693e+00
    endloop
  endfacet
  facet normal 0.000000e+00 0.000000e+00 0.000000e+00
    outer loop
      vertex -2.323648e+00 2.126577e-17 1.984808e+00
      vertex -2.492020e+00 4.188539e-17 1.939693e+00
      vertex -2.320312e+00 -3.387708e-02 1.984808e+00
    endloop
  endfacet
  facet normal 0.000000e+00 0.000000e+00 0.000000e+00
    outer loop
      vertex -2.320312e+00 -3.387708e-02 1.984808e+00
      vertex -2.492020e+00 4.188539e-17 1.939693e+00
      vertex -2.485448e+00 -6.672482e-02 1.939693e+00
    endloop
  endfacet
  facet normal 0.000000e+00 0.000000e+00 0.000000e+00
    outer loop
      vertex -2.320312e+00 -3.387708e-02 1.984808e+00
      vertex -2.485448e+00 -6.672482e-02 1.939693e+00
      vertex -2.310430e+00 -6.645228e-02 1.984808e+00
    endloop
  endfacet
  facet normal 0.000000e+00 0.000000e+00 0.000000e+00
    outer loop
      vertex -2.310430e+00 -6.645228e-02 1.984808e+00
      vertex -2.485448e+00 -6.672482e-02 1.939693e+00
      vertex -2.465985e+00 -1.308854e-01 1.939693e+00
    endloop
  endfacet
  facet normal 0.000000e+00 0.000000e+00 0.000000e+00
    outer loop
      vertex -2.310430e+00 -6.645228e-02 1.984808e+00
      vertex -2.465985e+00 -1.308854e-01 1.939693e+00
      vertex -2.294383e+00 -9.647376e-02 1.984808e+00
    endloop
  endfacet
  facet normal 0.000000e+00 0.000000e+00 0.000000e+00
    outer loop
      vertex -2.294383e+00 -9.647376e-02 1.984808e+00
      vertex -2.465985e+00 -1.308854e-01 1.939693e+00
      vertex -2.434379e+00 -1.900162e-01 1.939693e+00
    endloop
  endfacet
  facet normal 0.000000e+00 0.000000e+00 0.000000e+00
    outer loop
      vertex -2.294383e+00 -9.647376e-02 1.984808e+00
      vertex -2.434379e+00 -1.900162e-01 1.939693e+00
      vertex -2.272788e+00 -1.227878e-01 1.984808e+00
    endloop
  endfacet
  facet normal 0.000000e+00 0.000000e+00 0.000000e+00
    outer loop
      vertex -2.272788e+00 -1.227878e-01 1.984808e+00
      vertex -2.434379e+00 -1.900162e-01 1.939693e+00
      vertex -2.391845e+00 -2.418448e-01 1.939693e+00
    endloop
  endfacet
  facet normal 0.000000e+00 0.000000e+00 0.000000e+00
    outer loop
      vertex -2.272788e+00 -1.227878e-01 1.984808e+00
      vertex -2.391845e+00 -2.418448e-01 1.939693e+00
      vertex -2.246474e+00 -1.443832e-01 1.984808e+00
    endloop
  endfacet
  facet normal 0.000000e+00 0.000000e+00 0.000000e+00
    outer loop
      vertex -2.246474e+00 -1.443832e-01 1.984808e+00
      vertex -2.391845e+00 -2.418448e-01 1.939693e+00
      vertex -2.340016e+00 -2.843794e-01 1.939693e+00
    endloop
  endfacet
  facet normal 0.000000e+00 0.000000e+00 0.000000e+00
    outer loop
      vertex -2.246474e+00 -1.443832e-01 1.984808e+00
      vertex -2.340016e+00 -2.843794e-01 1.939693e+00
      vertex -2.216452e+00 -1.604300e-01 1.984808e+00
    endloop
  endfacet
  facet normal 0.000000e+00 0.000000e+00 0.000000e+00
    outer loop
      vertex -2.216452e+00 -1.604300e-01 1.984808e+00
      vertex -2.340016e+00 -2.843794e-01 1.939693e+00
      vertex -2.280885e+00 -3.159854e-01 1.939693e+00
    endloop
  endfacet
  facet normal 0.000000e+00 0.000000e+00 0.000000e+00
    outer loop
      vertex -2.216452e+00 -1.604300e-01 1.984808e+00
      vertex -2.280885e+00 -3.159854e-01 1.939693e+00
      vertex -2.183877e+00 -1.703116e-01 1.984808e+00
    endloop
  endfacet
  facet normal 0.000000e+00 0.000000e+00 0.000000e+00
    outer loop
      vertex -2.183877e+00 -1.703116e-01 1.984808e+00
      vertex -2.280885e+00 -3.159854e-01 1.939693e+00
      vertex -2.216725e+00 -3.354483e-01 1.939693e+00
    endloop
  endfacet
  facet normal 0.000000e+00 0.000000e+00 0.000000e+00
    outer loop
      vertex -2.183877e+00 -1.703116e-01 1.984808e+00
      vertex -2.216725e+00 -3.354483e-01 1.939693e+00
      vertex -2.150000e+00 -1.736482e-01 1.984808e+00
    endloop
  endfacet
  facet normal 0.000000e+00 0.000000e+00 0.000000e+00
    outer loop
      vertex -2.150000e+00 -1.736482e-01 1.984808e+00
      vertex -2.216725e+00 -3.354483e-01 1.939693e+00
      vertex -2.150000e+00 -3.420202e-01 1.939693e+00
    endloop
  endfacet
  facet normal 0.000000e+00 0.000000e+00 0.000000e+00
    outer loop
      vertex -2.150000e+00 -1.736482e-01 1.984808e+00
      vertex -2.150000e+00 -3.420202e-01 1.939693e+00
      vertex -2.116123e+00 -1.703116e-01 1.984808e+00
    endloop
  endfacet
  facet normal 0.000000e+00 0.000000e+00 0.000000e+00
    outer loop
      vertex -2.116123e+00 -1.703116e-01 1.984808e+00
      vertex -2.150000e+00 -3.420202e-01 1.939693e+00
      vertex -2.083275e+00 -3.354483e-01 1.939693e+00
    endloop
  endfacet
  facet normal 0.000000e+00 0.000000e+00 0.000000e+00
    outer loop
      vertex -2.116123e+00 -1.703116e-01 1.984808e+00
      vertex -2.083275e+00 -3.354483e-01 1.939693e+00
      vertex -2.083548e+00 -1.604300e-01 1.984808e+00
    endloop
  endfacet
  facet normal 0.000000e+00 0.000000e+00 0.000000e+00
    outer loop
      vertex -2.083548e+00 -1.604300e-01 1.984808e+00
      vertex -2.083275e+00 -3.354483e-01 1.939693e+00
      vertex -2.019114e+00 -3.159854e-01 1.939693e+00
    endloop
  endfacet
  facet normal 0.000000e+00 0.000000e+00 0.000000e+00
    outer loop
      vertex -2.083548e+00 -1.604300e-01 1.984808e+00
      vertex -2.019114e+00 -3.159854e-01 1.939693e+00
      vertex -2.053526e+00 -1.443832e-01 1.984808e+00
    endloop
  endfacet
  facet normal 0.000000e+00 0.000000e+00 0.000000e+00
    outer loop
      vertex -2.053526e+00 -1.443832e-01 1.984808e+00
      vertex -2.019114e+00 -3.159854e-01 1.939693e+00
      vertex -1.959984e+00 -2.843794e-01 1.939693e+00
    endloop
  endfacet
  facet normal 0.000000e+00 0.000000e+00 0.000000e+00
    outer loop
      vertex -2.053526e+00 -1.443832e-01 1.984808e+00
      vertex -1.959984e+00 -2.843794e-01 1.939693e+00
      vertex -2.027212e+00 -1.227878e-01 1.984808e+00
    endloop
  endfacet
  facet normal 0.000000e+00 0.000000e+00 0.000000e+00
    outer loop
      vertex -2.027212e+00 -1.227878e-01 1.984808e+00
      vertex -1.959984e+00 -2.843794e-01 1.939693e+00
      vertex -1.908155e+00 -2.418448e-01 1.939693e+00
    endloop
  endfacet
  facet normal 0.000000e+00 0.000000e+00 0.000000e+00
    outer loop
      vertex -2.027212e+00 -1.227878e-01 1.984808e+00
      vertex -1.908155e+00 -2.418448e-01 1.939693e+00
      vertex -2.005617e+00 -9.647376e-02 1.984808e+00
    endloop
  endfacet
  facet normal 0.000000e+00 0.000000e+00 0.000000e+00
    outer loop
      vertex -2.005617e+00 -9.647376e-02 1.984808e+00
      vertex -1.908155e+00 -2.418448e-01 1.939693e+00
      vertex -1.865621e+00 -1.900162e-01 1.939693e+00
    endloop
  endfacet
  facet normal 0.000000e+00 0.000000e+00 0.000000e+00
    outer loop
      vertex -2.005617e+00 -9.647376e-02 1.984808e+00
      vertex -1.865621e+00 -1.900162e-01 1.939693e+00
      vertex -1.989570e+00 -6.645228e-02 1.984808e+00
    endloop
  endfacet
  facet normal 0.000000e+00 0.000000e+00 0.000000e+00
    outer loop
      vertex -1.989570e+00 -6.645228e-02 1.984808e+00
      vertex -1.865621e+00 -1.900162e-01 1.939693e+00
      vertex -1.834015e+00 -1.308854e-01 1.939693e+00
    endloop
  endfacet
  facet normal 0.000000e+00 0.000000e+00 0.000000e+00
    outer loop
      vertex -1.989570e+00 -6.645228e-02 1.984808e+00
      vertex -1.834015e+00 -1.308854e-01 1.939693e+00
      vertex -1.979688e+00 -3.387708e-02 1.984808e+00
    endloop
  endfacet
  facet normal 0.000000e+00 0.000000e+00 0.000000e+00
    outer loop
      vertex -1.979688e+00 -3.387708e-02 1.984808e+00
      vertex -1.834015e+00 -1.308854e-01 1.939693e+00
      vertex -1.814552e+00 -6.672482e-02 1.939693e+00
    endloop
  endfacet
  facet normal 0.000000e+00 0.000000e+00 0.000000e+00
    outer loop
      vertex -1.979688e+00 -3.387708e-02 1.984808e+00
      vertex -1.814552e+00 -6.672482e-02 1.939693e+00
      vertex -1.976352e+00 -4.253154e-17 1.984808e+00
    endloop
  endfacet
  facet normal 0.000000e+00 0.000000e+00 0.000000e+00
    outer loop
      vertex -1.976352e+00 -4.253154e-17 1.984808e+00
      vertex -1.814552e+00 -6.672482e-02 1.939693e+00
      vertex -1.807980e+00 -8.377078e-17 1.939693e+00
    endloop
  endfacet
  facet normal 0.000000e+00 0.000000e+00 0.000000e+00
    outer loop
      vertex -1.807980e+00 0.000000e+00 1.939693e+00
      vertex -1.650000e+00 0.000000e+00 1.866025e+00
      vertex -1.814552e+00 6.672482e-02 1.939693e+00
    endloop
  endfacet
  facet normal 0.000000e+00 0.000000e+00 0.000000e+00
    outer loop
      vertex -1.814552e+00 6.672482e-02 1.939693e+00
      vertex -1.650000e+00 0.000000e+00 1.866025e+00
      vertex -1.659607e+00 9.754516e-02 1.866025e+00
    endloop
  endfacet
  facet normal 0.000000e+00 0.000000e+00 0.000000e+00
    outer loop
      vertex -1.814552e+00 6.672482e-02 1.939693e+00
      vertex -1.659607e+00 9.754516e-02 1.866025e+00
      vertex -1.834015e+00 1.308854e-01 1.939693e+00
    endloop
  endfacet
  facet normal 0.000000e+00 0.000000e+00 0.000000e+00
    outer loop
      vertex -1.834015e+00 1.308854e-01 1.939693e+00
      vertex -1.659607e+00 9.754516e-02 1.866025e+00
      vertex -1.688060e+00 1.913417e-01 1.866025e+00
    endloop
  endfacet
  facet normal 0.000000e+00 0.000000e+00 0.000000e+00
    outer loop
      vertex -1.834015e+00 1.308854e-01 1.939693e+00
      vertex -1.688060e+00 1.913417e-01 1.866025e+00
      vertex -1.865621e+00 1.900162e-01 1.939693e+00
    endloop
  endfacet
  facet normal 0.000000e+00 0.000000e+00 0.000000e+00
    outer loop
      vertex -1.865621e+00 1.900162e-01 1.939693e+00
      vertex -1.688060e+00 1.913417e-01 1.866025e+00
      vertex -1.734265e+00 2.777851e-01 1.866025e+00
    endloop
  endfacet
  facet normal 0.000000e+00 0.000000e+00 0.000000e+00
    outer loop
      vertex -1.865621e+00 1.900162e-01 1.939693e+00
      vertex -1.734265e+00 2.777851e-01 1.866025e+00
      vertex -1.908155e+00 2.418448e-01 1.939693e+00
    endloop
  endfacet
  facet normal 0.000000e+00 0.000000e+00 0.000000e+00
    outer loop
      vertex -1.908155e+00 2.418448e-01 1.939693e+00
      vertex -1.734265e+00 2.777851e-01 1.866025e+00
      vertex -1.796447e+00 3.535534e-01 1.866025e+00
    endloop
  endfacet
  facet normal 0.000000e+00 0.000000e+00 0.000000e+00
    outer loop
      vertex -1.908155e+00 2.418448e-01 1.939693e+00
      vertex -1.796447e+00 3.535534e-01 1.866025e+00
      vertex -1.959984e+00 2.843794e-01 1.939693e+00
    endloop
  endfacet
  facet normal 0.000000e+00 0.000000e+00 0.000000e+00
    outer loop
      vertex -1.959984e+00 2.843794e-01 1.939693e+00
      vertex -1.796447e+00 3.535534e-01 1.866025e+00
      vertex -1.872215e+00 4.157348e-01 1.866025e+00
    endloop
  endfacet
  facet normal 0.000000e+00 0.000000e+00 0.000000e+00
    outer loop
      vertex -1.959984e+00 2.843794e-01 1.939693e+00
      vertex -1.872215e+00 4.157348e-01 1.866025e+00
      vertex -2.019114e+00 3.159854e-01 1.939693e+00
    endloop
  endfacet
  facet normal 0.000000e+00 0.000000e+00 0.000000e+00
    outer loop
      vertex -2.019114e+00 3.159854e-01 1.939693e+00
      vertex -1.872215e+00 4.157348e-01 1.866025e+00
      vertex -1.958658e+00 4.619398e-01 1.866025e+00
    endloop
  endfacet
  facet normal 0.000000e+00 0.000000e+00 0.000000e+00
    outer loop
      vertex -2.019114e+00 3.159854e-01 1.939693e+00
      vertex -1.958658e+00 4.619398e-01 1.866025e+00
      vertex -2.083275e+00 3.354483e-01 1.939693e+00
    endloop
  endfacet
  facet normal 0.000000e+00 0.000000e+00 0.000000e+00
    outer loop
      vertex -2.083275e+00 3.354483e-01 1.939693e+00
      vertex -1.958658e+00 4.619398e-01 1.866025e+00
      vertex -2.052455e+00 4.903926e-01 1.866025e+00
    endloop
  endfacet
  facet normal 0.000000e+00 0.000000e+00 0.000000e+00
    outer loop
      vertex -2.083275e+00 3.354483e-01 1.939693e+00
      vertex -2.052455e+00 4.903926e-01 1.866025e+00
      vertex -2.150000e+00 3.420202e-01 1.939693e+00
    endloop
  endfacet
  facet normal 0.000000e+00 0.000000e+00 0.000000e+00
    outer loop
      vertex -2.150000e+00 3.420202e-01 1.939693e+00
      vertex -2.052455e+00 4.903926e-01 1.866025e+00
      vertex -2.150000e+00 5.000000e-01 1.866025e+00
    endloop
  endfacet
  facet normal 0.000000e+00 0.000000e+00 0.000000e+00
    outer loop
      vertex -2.150000e+00 3.420202e-01 1.939693e+00
      vertex -2.150000e+00 5.000000e-01 1.866025e+00
      vertex -2.216725e+00 3.354483e-01 1.939693e+00
    endloop
  endfacet
  facet normal 0.000000e+00 0.000000e+00 0.000000e+00
    outer loop
      vertex -2.216725e+00 3.354483e-01 1.939693e+00
      vertex -2.150000e+00 5.000000e-01 1.866025e+00
      vertex -2.247545e+00 4.903926e-01 1.866025e+00
    endloop
  endfacet
  facet normal 0.000000e+00 0.000000e+00 0.000000e+00
    outer loop
      vertex -2.216725e+00 3.354483e-01 1.939693e+00
      vertex -2.247545e+00 4.903926e-01 1.866025e+00
      vertex -2.280885e+00 3.159854e-01 1.939693e+00
    endloop
  endfacet
  facet normal 0.000000e+00 0.000000e+00 0.000000e+00
    outer loop
      vertex -2.280885e+00 3.159854e-01 1.939693e+00
      vertex -2.247545e+00 4.903926e-01 1.866025e+00
      vertex -2.341342e+00 4.619398e-01 1.866025e+00
    endloop
  endfacet
  facet normal 0.000000e+00 0.000000e+00 0.000000e+00
    outer loop
      vertex -2.280885e+00 3.159854e-01 1.939693e+00
      vertex -2.341342e+00 4.619398e-01 1.866025e+00
      vertex -2.340016e+00 2.843794e-01 1.939693e+00
    endloop
  endfacet
  facet normal 0.000000e+00 0.000000e+00 0.000000e+00
    outer loop
      vertex -2.340016e+00 2.843794e-01 1.939693e+00
      vertex -2.341342e+00 4.619398e-01 1.866025e+00
      vertex -2.427785e+00 4.157348e-01 1.866025e+00
    endloop
  endfacet
  facet normal 0.000000e+00 0.000000e+00 0.000000e+00
    outer loop
      vertex -2.340016e+00 2.843794e-01 1.939693e+00
      vertex -2.427785e+00 4.157348e-01 1.866025e+00
      vertex -2.391845e+00 2.418448e-01 1.939693e+00
    endloop
  endfacet
  facet normal 0.000000e+00 0.000000e+00 0.000000e+00
    outer loop
      vertex -2.391845e+00 2.418448e-01 1.939693e+00
      vertex -2.427785e+00 4.157348e-01 1.866025e+00
      vertex -2.503553e+00 3.535534e-01 1.866025e+00
    endloop
  endfacet
  facet normal 0.000000e+00 0.000000e+00 0.000000e+00
    outer loop
      vertex -2.391845e+00 2.418448e-01 1.939693e+00
      vertex -2.503553e+00 3.535534e-01 1.866025e+00
      vertex -2.434379e+00 1.900162e-01 1.939693e+00
    endloop
  endfacet
  facet normal 0.000000e+00 0.000000e+00 0.000000e+00
    outer loop
      vertex -2.434379e+00 1.900162e-01 1.939693e+00
      vertex -2.503553e+00 3.535534e-01 1.866025e+00
      vertex -2.565735e+00 2.777851e-01 1.866025e+00
    endloop
  endfacet
  facet normal 0.000000e+00 0.000000e+00 0.000000e+00
    outer loop
      vertex -2.434379e+00 1.900162e-01 1.939693e+00
      vertex -2.565735e+00 2.777851e-01 1.866025e+00
      vertex -2.465985e+00 1.308854e-01 1.939693e+00
    endloop
  endfacet
  facet normal 0.000000e+00 0.000000e+00 0.000000e+00
    outer loop
      vertex -2.465985e+00 1.308854e-01 1.939693e+00
      vertex -2.565735e+00 2.777851e-01 1.866025e+00
      vertex -2.611940e+00 1.913417e-01 1.866025e+00
    endloop
  endfacet
  facet normal 0.000000e+00 0.000000e+00 0.000000e+00
    outer loop
      vertex -2.465985e+00 1.308854e-01 1.939693e+00
      vertex -2.611940e+00 1.913417e-01 1.866025e+00
      vertex -2.485448e+00 6.672482e-02 1.939693e+00
    endloop
  endfacet
  facet normal 0.000000e+00 0.000000e+00 0.000000e+00
    outer loop
      vertex -2.485448e+00 6.672482e-02 1.939693e+00
      vertex -2.611940e+00 1.913417e-01 1.866025e+00
      vertex -2.640393e+00 9.754516e-02 1.866025e+00
    endloop
  endfacet
  facet normal 0.000000e+00 0.000000e+00 0.000000e+00
    outer loop
      vertex -2.485448e+00 6.672482e-02 1.939693e+00
      vertex -2.640393e+00 9.754516e-02 1.866025e+00
      vertex -2.492020e+00 4.188539e-17 1.939693e+00
    endloop
  endfacet
  facet normal 0.000000e+00 0.000000e+00 0.000000e+00
    outer loop
      vertex -2.492020e+00 4.188539e-17 1.939693e+00
      vertex -2.640393e+00 9.754516e-02 1.866025e+00
      vertex -2.650000e+00 6.123234e-17 1.866025e+00
    endloop
  endfacet
  facet normal 0.000000e+00 0.000000e+00 0.000000e+00
    outer loop
      vertex -2.492020e+00 4.188539e-17 1.939693e+00
      vertex -2.650000e+00 6.123234e-17 1.866025e+00
      vertex -2.485448e+00 -6.672482e-02 1.939693e+00
    endloop
  endfacet
  facet normal 0.000000e+00 0.000000e+00 0.000000e+00
    outer loop
      vertex -2.485448e+00 -6.672482e-02 1.939693e+00
      vertex -2.650000e+00 6.123234e-17 1.866025e+00
      vertex -2.640393e+00 -9.754516e-02 1.866025e+00
    endloop
  endfacet
  facet normal 0.000000e+00 0.000000e+00 0.000000e+00
    outer loop
      vertex -2.485448e+00 -6.672482e-02 1.939693e+00
      vertex -2.640393e+00 -9.754516e-02 1.866025e+00
      vertex -2.465985e+00 -1.308854e-01 1.939693e+00
    endloop
  endfacet
  facet normal 0.000000e+00 0.000000e+00 0.000000e+00
    outer loop
      vertex -2.465985e+00 -1.308854e-01 1.939693e+00
      vertex -2.640393e+00 -9.754516e-02 1.866025e+00
      vertex -2.611940e+00 -1.913417e-01 1.866025e+00
    endloop
  endfacet
  facet normal 0.000000e+00 0.000000e+00 0.000000e+00
    outer loop
      vertex -2.465985e+00 -1.308854e-01 1.939693e+00
      vertex -2.611940e+00 -1.913417e-01 1.866025e+00
      vertex -2.434379e+00 -1.900162e-01 1.939693e+00
    endloop
  endfacet
  facet normal 0.000000e+00 0.000000e+00 0.000000e+00
    outer loop
      vertex -2.434379e+00 -1.900162e-01 1.939693e+00
      vertex -2.611940e+00 -1.913417e-01 1.866025e+00
      vertex -2.565735e+00 -2.777851e-01 1.866025e+00
    endloop
  endfacet
  facet normal 0.000000e+00 0.000000e+00 0.000000e+00
    outer loop
      vertex -2.434379e+00 -1.900162e-01 1.939693e+00
      vertex -2.565735e+00 -2.777851e-01 1.866025e+00
      vertex -2.391845e+00 -2.418448e-01 1.939693e+00
    endloop
  endfacet
  facet normal 0.000000e+00 0.000000e+00 0.000000e+00
    outer loop
      vertex -2.391845e+00 -2.418448e-01 1.939693e+00
      vertex -2.565735e+00 -2.777851e-01 1.866025e+00
      vertex -2.503553e+00 -3.535534e-01 1.866025e+00
    endloop
  endfacet
  facet normal 0.000000e+00 0.000000e+00 0.000000e+00
    outer loop
      vertex -2.391845e+00 -2.418448e-01 1.939693e+00
      vertex -2.503553e+00 -3.535534e-01 1.866025e+00
      vertex -2.340016e+00 -2.843794e-01 1.939693e+00
    endloop
  endfacet
  facet normal 0.000000e+00 0.000000e+00 0.000000e+00
    outer loop
      vertex -2.340016e+00 -2.843794e-01 1.939693e+00
      vertex -2.503553e+00 -3.535534e-01 1.866025e+00
      vertex -2.427785e+00 -4.157348e-01 1.866025e+00
    endloop
  endfacet
  facet normal 0.000000e+00 0.000000e+00 0.000000e+00
    outer loop
      vertex -2.340016e+00 -2.843794e-01 1.939693e+00
      vertex -2.427785e+00 -4.157348e-01 1.866025e+00
      vertex -2.280885e+00 -3.159854e-01 1.939693e+00
    endloop
  endfacet
  facet normal 0.000000e+00 0.000000e+00 0.000000e+00
    outer loop
      vertex -2.280885e+00 -3.159854e-01 1.939693e+00
      vertex -2.427785e+00 -4.157348e-01 1.866025e+00
      vertex -2.341342e+00 -4.619398e-01 1.866025e+00
    endloop
  endfacet
  facet normal 0.000000e+00 0.000000e+00 0.000000e+00
    outer loop
      vertex -2.280885e+00 -3.159854e-01 1.939693e+00
      vertex -2.341342e+00 -4.619398e-01 1.866025e+00
      vertex -2.216725e+00 -3.354483e-01 1.939693e+00
    endloop
  endfacet
  facet normal 0.000000e+00 0.000000e+00 0.000000e+00
    outer loop
      vertex -2.216725e+00 -3.354483e-01 1.939693e+00
      vertex -2.341342e+00 -4.619398e-01 1.866025e+00
      vertex -2.247545e+00 -4.903926e-01 1.866025e+00
    endloop
  endfacet
  facet normal 0.000000e+00 0.000000e+00 0.000000e+00
    outer loop
      vertex -2.216725e+00 -3.354483e-01 1.939693e+00
      vertex -2.247545e+00 -4.903926e-01 1.866025e+00
      vertex -2.150000e+00 -3.420202e-01 1.939693e+00
    endloop
  endfacet
  facet normal 0.000000e+00 0.000000e+00 0.000000e+00
    outer loop
      vertex -2.150000e+00 -3.420202e-01 1.939693e+00
      vertex -2.247545e+00 -4.903926e-01 1.866025e+00
      vertex -2.150000e+00 -5.000000e-01 1.866025e+00
    endloop
  endfacet
  facet normal 0.000000e+00 0.000000e+00 0.000000e+00
    outer loop
      vertex -2.150000e+00 -3.420202e-01 1.939693e+00
      vertex -2.150000e+00 -5.000000e-01 1.866025e+00
      vertex -2.083275e+00 -3.354483e-01 1.939693e+00
    endloop
  endfacet
  facet normal 0.000000e+00 0.000000e+00 0.000000e+00
    outer loop
      vertex -2.083275e+00 -3.354483e-01 1.939693e+00
      vertex -2.150000e+00 -5.000000e-01 1.866025e+00
      vertex -2.052455e+00 -4.903926e-01 1.866025e+00
    endloop
  endfacet
  facet normal 0.000000e+00 0.000000e+00 0.000000e+00
    outer loop
      vertex -2.083275e+00 -3.354483e-01 1.939693e+00
      vertex -2.052455e+00 -4.903926e-01 1.866025e+00
      vertex -2.019114e+00 -3.159854e-01 1.939693e+00
    endloop
  endfacet
  facet normal 0.000000e+00 0.000000e+00 0.000000e+00
    outer loop
      vertex -2.019114e+00 -3.159854e-01 1.939693e+00
      vertex -2.052455e+00 -4.903926e-01 1.866025e+00
      vertex -1.958658e+00 -4.619398e-01 1.866025e+00
    endloop
  endfacet
  facet normal 0.000000e+00 0.000000e+00 0.000000e+00
    outer loop
      vertex -2.019114e+00 -3.159854e-01 1.939693e+00
      vertex -1.958658e+00 -4.619398e-01 1.866025e+00
      vertex -1.959984e+00 -2.843794e-01 1.939693e+00
    endloop
  endfacet
  facet normal 0.000000e+00 0.000000e+00 0.000000e+00
    outer loop
      vertex -1.959984e+00 -2.843794e-01 1.939693e+00
      vertex -1.958658e+00 -4.619398e-01 1.866025e+00
      vertex -1.872215e+00 -4.157348e-01 1.866025e+00
    endloop
  endfacet
  facet normal 0.000000e+00 0.000000e+00 0.000000e+00
    outer loop
      vertex -1.959984e+00 -2.843794e-01 1.939693e+00
      vertex -1.872215e+00 -4.157348e-01 1.866025e+00
      vertex -1.908155e+00 -2.418448e-01 1.939693e+00
    endloop
  endfacet
  facet normal 0.000000e+00 0.000000e+00 0.000000e+00
    outer loop
      vertex -1.908155e+00 -2.418448e-01 1.939693e+00
      vertex -1.872215e+00 -4.157348e-01 1.866025e+00
      vertex -1.796447e+00 -3.535534e-01 1.866025e+00
    endloop
  endfacet
  facet normal 0.000000e+00 0.000000e+00 0.000000e+00
    outer loop
      vertex -1.908155e+00 -2.418448e-01 1.939693e+00
      vertex -1.796447e+00 -3.535534e-01 1.866025e+00
      vertex -1.865621e+00 -1.900162e-01 1.939693e+00
    endloop
  endfacet
  facet normal 0.000000e+00 0.000000e+00 0.000000e+00
    outer loop
      vertex -1.865621e+00 -1.900162e-01 1.939693e+00
      vertex -1.796447e+00 -3.535534e-01 1.866025e+00
      vertex -1.734265e+00 -2.777851e-01 1.866025e+00
    endloop
  endfacet
  facet normal 0.000000e+00 0.000000e+00 0.000000e+00
    outer loop
      vertex -1.865621e+00 -1.900162e-01 1.939693e+00
      vertex -1.734265e+00 -2.777851e-01 1.866025e+00
      vertex -1.834015e+00 -1.308854e-01 1.939693e+00
    endloop
  endfacet
  facet normal 0.000000e+00 0.000000e+00 0.000000e+00
    outer loop
      vertex -1.834015e+00 -1.308854e-01 1.939693e+00
      vertex -1.734265e+00 -2.777851e-01 1.866025e+00
      vertex -1.688060e+00 -1.913417e-01 1.866025e+00
    endloop
  endfacet
  facet normal 0.000000e+00 0.000000e+00 0.000000e+00
    outer loop
      vertex -1.834015e+00 -1.308854e-01 1.939693e+00
      vertex -1.688060e+00 -1.913417e-01 1.866025e+00
      vertex -1.814552e+00 -6.672482e-02 1.939693e+00
    endloop
  endfacet
  facet normal 0.000000e+00 0.000000e+00 0.000000e+00
    outer loop
      vertex -1.814552e+00 -6.672482e-02 1.939693e+00
      vertex -1.688060e+00 -1.913417e-01 1.866025e+00
      vertex -1.659607e+00 -9.754516e-02 1.866025e+00
    endloop
  endfacet
  facet normal 0.000000e+00 0.000000e+00 0.000000e+00
    outer loop
      vertex -1.814552e+00 -6.672482e-02 1.939693e+00
      vertex -1.659607e+00 -9.754516e-02 1.866025e+00
      vertex -1.807980e+00 -8.377078e-17 1.939693e+00
    endloop
  endfacet
  facet normal 0.000000e+00 0.000000e+00 0.000000e+00
    outer loop
      vertex -1.807980e+00 -8.377078e-17 1.939693e+00
      vertex -1.659607e+00 -9.754516e-02 1.866025e+00
      vertex -1.650000e+00 -1.224647e-16 1.866025e+00
    endloop
  endfacet
  facet normal 0.000000e+00 0.000000e+00 0.000000e+00
    outer loop
      vertex -1.650000e+00 0.000000e+00 1.866025e+00
      vertex -1.507212e+00 0.000000e+00 1.766044e+00
      vertex -1.659607e+00 9.754516e-02 1.866025e+00
    endloop
  endfacet
  facet normal 0.000000e+00 0.000000e+00 0.000000e+00
    outer loop
      vertex -1.659607e+00 9.754516e-02 1.866025e+00
      vertex -1.507212e+00 0.000000e+00 1.766044e+00
      vertex -1.519563e+00 1.254016e-01 1.766044e+00
    endloop
  endfacet
  facet normal 0.000000e+00 0.000000e+00 0.000000e+00
    outer loop
      vertex -1.659607e+00 9.754516e-02 1.866025e+00
      vertex -1.519563e+00 1.254016e-01 1.766044e+00
      vertex -1.688060e+00 1.913417e-01 1.866025e+00
    endloop
  endfacet
  facet normal 0.000000e+00 0.000000e+00 0.000000e+00
    outer loop
      vertex -1.688060e+00 1.913417e-01 1.866025e+00
      vertex -1.519563e+00 1.254016e-01 1.766044e+00
      vertex -1.556142e+00 2.459842e-01 1.766044e+00
    endloop
  endfacet
  facet normal 0.000000e+00 0.000000e+00 0.000000e+00
    outer loop
      vertex -1.688060e+00 1.913417e-01 1.866025e+00
      vertex -1.556142e+00 2.459842e-01 1.766044e+00
      vertex -1.734265e+00 2.777851e-01 1.866025e+00
    endloop
  endfacet
  facet normal 0.000000e+00 0.000000e+00 0.000000e+00
    outer loop
      vertex -1.734265e+00 2.777851e-01 1.866025e+00
      vertex -1.556142e+00 2.459842e-01 1.766044e+00
      vertex -1.615542e+00 3.571137e-01 1.766044e+00
    endloop
  endfacet
  facet normal 0.000000e+00 0.000000e+00 0.000000e+00
    outer loop
      vertex -1.734265e+00 2.777851e-01 1.866025e+00
      vertex -1.615542e+00 3.571137e-01 1.766044e+00
      vertex -1.796447e+00 3.535534e-01 1.866025e+00
    endloop
  endfacet
  facet normal 0.000000e+00 0.000000e+00 0.000000e+00
    outer loop
      vertex -1.796447e+00 3.535534e-01 1.866025e+00
      vertex -1.615542e+00 3.571137e-01 1.766044e+00
      vertex -1.695480e+00 4.545195e-01 1.766044e+00
    endloop
  endfacet
  facet normal 0.000000e+00 0.000000e+00 0.000000e+00
    outer loop
      vertex -1.796447e+00 3.535534e-01 1.866025e+00
      vertex -1.695480e+00 4.545195e-01 1.766044e+00
      vertex -1.872215e+00 4.157348e-01 1.866025e+00
    endloop
  endfacet
  facet normal 0.000000e+00 0.000000e+00 0.000000e+00
    outer loop
      vertex -1.872215e+00 4.157348e-01 1.866025e+00
      vertex -1.695480e+00 4.545195e-01 1.766044e+00
      vertex -1.792886e+00 5.344583e-01 1.766044e+00
    endloop
  endfacet
  facet normal 0.000000e+00 0.000000e+00 0.000000e+00
    outer loop
      vertex -1.872215e+00 4.157348e-01 1.866025e+00
      vertex -1.792886e+00 5.344583e-01 1.766044e+00
      vertex -1.958658e+00 4.619398e-01 1.866025e+00
    endloop
  endfacet
  facet normal 0.000000e+00 0.000000e+00 0.000000e+00
    outer loop
      vertex -1.958658e+00 4.619398e-01 1.866025e+00
      vertex -1.792886e+00 5.344583e-01 1.766044e+00
      vertex -1.904016e+00 5.938583e-01 1.766044e+00
    endloop
  endfacet
  facet normal 0.000000e+00 0.000000e+00 0.000000e+00
    outer loop
      vertex -1.958658e+00 4.619398e-01 1.866025e+00
      vertex -1.904016e+00 5.938583e-01 1.766044e+00
      vertex -2.052455e+00 4.903926e-01 1.866025e+00
    endloop
  endfacet
  facet normal 0.000000e+00 0.000000e+00 0.000000e+00
    outer loop
      vertex -2.052455e+00 4.903926e-01 1.866025e+00
      vertex -1.904016e+00 5.938583e-01 1.766044e+00
      vertex -2.024598e+00 6.304366e-01 1.766044e+00
    endloop
  endfacet
  facet normal 0.000000e+00 0.000000e+00 0.000000e+00
    outer loop
      vertex -2.052455e+00 4.903926e-01 1.866025e+00
      vertex -2.024598e+00 6.304366e-01 1.766044e+00
      vertex -2.150000e+00 5.000000e-01 1.866025e+00
    endloop
  endfacet
  facet normal 0.000000e+00 0.000000e+00 0.000000e+00
    outer loop
      vertex -2.150000e+00 5.000000e-01 1.866025e+00
      vertex -2.024598e+00 6.304366e-01 1.766044e+00
      vertex -2.150000e+00 6.427876e-01 1.766044e+00
    endloop
  endfacet
  facet normal 0.000000e+00 0.000000e+00 0.000000e+00
    outer loop
      vertex -2.150000e+00 5.000000e-01 1.866025e+00
      vertex -2.150000e+00 6.427876e-01 1.766044e+00
      vertex -2.247545e+00 4.903926e-01 1.866025e+00
    endloop
  endfacet
  facet normal 0.000000e+00 0.000000e+00 0.000000e+00
    outer loop
      vertex -2.247545e+00 4.903926e-01 1.866025e+00
      vertex -2.150000e+00 6.427876e-01 1.766044e+00
      vertex -2.275402e+00 6.304366e-01 1.766044e+00
    endloop
  endfacet
  facet normal 0.000000e+00 0.000000e+00 0.000000e+00
    outer loop
      vertex -2.247545e+00 4.903926e-01 1.866025e+00
      vertex -2.275402e+00 6.304366e-01 1.766044e+00
      vertex -2.341342e+00 4.619398e-01 1.866025e+00
    endloop
  endfacet
  facet normal 0.000000e+00 0.000000e+00 0.000000e+00
    outer loop
      vertex -2.341342e+00 4.619398e-01 1.866025e+00
      vertex -2.275402e+00 6.304366e-01 1.766044e+00
      vertex -2.395984e+00 5.938583e-01 1.766044e+00
    endloop
  endfacet
  facet normal 0.000000e+00 0.000000e+00 0.000000e+00
    outer loop
      vertex -2.341342e+00 4.619398e-01 1.866025e+00
      vertex -2.395984e+00 5.938583e-01 1.766044e+00
      vertex -2.427785e+00 4.157348e-01 1.866025e+00
    endloop
  endfacet
  facet normal 0.000000e+00 0.000000e+00 0.000000e+00
    outer loop
      vertex -2.427785e+00 4.157348e-01 1.866025e+00
      vertex -2.395984e+00 5.938583e-01 1.766044e+00
      vertex -2.507114e+00 5.344583e-01 1.766044e+00
    endloop
  endfacet
  facet normal 0.000000e+00 0.000000e+00 0.000000e+00
    outer loop
      vertex -2.427785e+00 4.157348e-01 1.866025e+00
      vertex -2.507114e+00 5.344583e-01 1.766044e+00
      vertex -2.503553e+00 3.535534e-01 1.866025e+00
    endloop
  endfacet
  facet normal 0.000000e+00 0.000000e+00 0.000000e+00
    outer loop
      vertex -2.503553e+00 3.535534e-01 1.866025e+00
      vertex -2.507114e+00 5.344583e-01 1.766044e+00
      vertex -2.604519e+00 4.545195e-01 1.766044e+00
    endloop
  endfacet
  facet normal 0.000000e+00 0.000000e+00 0.000000e+00
    outer loop
      vertex -2.503553e+00 3.535534e-01 1.866025e+00
      vertex -2.604519e+00 4.545195e-01 1.766044e+00
      vertex -2.565735e+00 2.777851e-01 1.866025e+00
    endloop
  endfacet
  facet normal 0.000000e+00 0.000000e+00 0.000000e+00
    outer loop
      vertex -2.565735e+00 2.777851e-01 1.866025e+00
      vertex -2.604519e+00 4.545195e-01 1.766044e+00
      vertex -2.684458e+00 3.571137e-01 1.766044e+00
    endloop
  endfacet
  facet normal 0.000000e+00 0.000000e+00 0.000000e+00
    outer loop
      vertex -2.565735e+00 2.777851e-01 1.866025e+00
      vertex -2.684458e+00 3.571137e-01 1.766044e+00
      vertex -2.611940e+00 1.913417e-01 1.866025e+00
    endloop
  endfacet
  facet normal 0.000000e+00 0.000000e+00 0.000000e+00
    outer loop
      vertex -2.611940e+00 1.913417e-01 1.866025e+00
      vertex -2.684458e+00 3.571137e-01 1.766044e+00
      vertex -2.743858e+00 2.459842e-01 1.766044e+00
    endloop
  endfacet
  facet normal 0.000000e+00 0.000000e+00 0.000000e+00
    outer loop
      vertex -2.611940e+00 1.913417e-01 1.866025e+00
      vertex -2.743858e+00 2.459842e-01 1.766044e+00
      vertex -2.640393e+00 9.754516e-02 1.866025e+00
    endloop
  endfacet
  facet normal 0.000000e+00 0.000000e+00 0.000000e+00
    outer loop
      vertex -2.640393e+00 9.754516e-02 1.866025e+00
      vertex -2.743858e+00 2.459842e-01 1.766044e+00
      vertex -2.780437e+00 1.254016e-01 1.766044e+00
    endloop
  endfacet
  facet normal 0.000000e+00 0.000000e+00 0.000000e+00
    outer loop
      vertex -2.640393e+00 9.754516e-02 1.866025e+00
      vertex -2.780437e+00 1.254016e-01 1.766044e+00
      vertex -2.650000e+00 6.123234e-17 1.866025e+00
    endloop
  endfacet
  facet normal 0.000000e+00 0.000000e+00 0.000000e+00
    outer loop
      vertex -2.650000e+00 6.123234e-17 1.866025e+00
      vertex -2.780437e+00 1.254016e-01 1.766044e+00
      vertex -2.792788e+00 7.871878e-17 1.766044e+00
    endloop
  endfacet
  facet normal 0.000000e+00 0.000000e+00 0.000000e+00
    outer loop
      vertex -2.650000e+00 6.123234e-17 1.866025e+00
      vertex -2.792788e+00 7.871878e-17 1.766044e+00
      vertex -2.640393e+00 -9.754516e-02 1.866025e+00
    endloop
  endfacet
  facet normal 0.000000e+00 0.000000e+00 0.000000e+00
    outer loop
      vertex -2.640393e+00 -9.754516e-02 1.866025e+00
      vertex -2.792788e+00 7.871878e-17 1.766044e+00
      vertex -2.780437e+00 -1.254016e-01 1.766044e+00
    endloop
  endfacet
  facet normal 0.000000e+00 0.000000e+00 0.000000e+00
    outer loop
      vertex -2.640393e+00 -9.754516e-02 1.866025e+00
      vertex -2.780437e+00 -1.254016e-01 1.766044e+00
      vertex -2.611940e+00 -1.913417e-01 1.866025e+00
    endloop
  endfacet
  facet normal 0.000000e+00 0.000000e+00 0.000000e+00
    outer loop
      vertex -2.611940e+00 -1.913417e-01 1.866025e+00
      vertex -2.780437e+00 -1.254016e-01 1.766044e+00
      vertex -2.743858e+00 -2.459842e-01 1.766044e+00
    endloop
  endfacet
  facet normal 0.000000e+00 0.000000e+00 0.000000e+00
    outer loop
      vertex -2.611940e+00 -1.913417e-01 1.866025e+00
      vertex -2.743858e+00 -2.459842e-01 1.766044e+00
      vertex -2.565735e+00 -2.777851e-01 1.866025e+00
    endloop
  endfacet
  facet normal 0.000000e+00 0.000000e+00 0.000000e+00
    outer loop
      vertex -2.565735e+00 -2.777851e-01 1.866025e+00
      vertex -2.743858e+00 -2.459842e-01 1.766044e+00
      vertex -2.684458e+00 -3.571137e-01 1.766044e+00
    endloop
  endfacet
  facet normal 0.000000e+00 0.000000e+00 0.000000e+00
    outer loop
      vertex -2.565735e+00 -2.777851e-01 1.866025e+00
      vertex -2.684458e+00 -3.571137e-01 1.766044e+00
      vertex -2.503553e+00 -3.535534e-01 1.866025e+00
    endloop
  endfacet
  facet normal 0.000000e+00 0.000000e+00 0.000000e+00
    outer loop
      vertex -2.503553e+00 -3.535534e-01 1.866025e+00
      vertex -2.684458e+00 -3.571137e-01 1.766044e+00
      vertex -2.604519e+00 -4.545195e-01 1.766044e+00
    endloop
  endfacet
  facet normal 0.000000e+00 0.000000e+00 0.000000e+00
    outer loop
      vertex -2.503553e+00 -3.535534e-01 1.866025e+00
      vertex -2.604519e+00 -4.545195e-01 1.766044e+00
      vertex -2.427785e+00 -4.157348e-01 1.866025e+00
    endloop
  endfacet
  facet normal 0.000000e+00 0.000000e+00 0.000000e+00
    outer loop
      vertex -2.427785e+00 -4.157348e-01 1.866025e+00
      vertex -2.604519e+00 -4.545195e-01 1.766044e+00
      vertex -2.507114e+00 -5.344583e-01 1.766044e+00
    endloop
  endfacet
  facet normal 0.000000e+00 0.000000e+00 0.000000e+00
    outer loop
      vertex -2.427785e+00 -4.157348e-01 1.866025e+00
      vertex -2.507114e+00 -5.344583e-01 1.766044e+00
      vertex -2.341342e+00 -4.619398e-01 1.866025e+00
    endloop
  endfacet
  facet normal 0.000000e+00 0.000000e+00 0.000000e+00
    outer loop
      vertex -2.341342e+00 -4.619398e-01 1.866025e+00
      vertex -2.507114e+00 -5.344583e-01 1.766044e+00
      vertex -2.395984e+00 -5.938583e-01 1.766044e+00
    endloop
  endfacet
  facet normal 0.000000e+00 0.000000e+00 0.000000e+00
    outer loop
      vertex -2.341342e+00 -4.619398e-01 1.866025e+00
      vertex -2.395984e+00 -5.938583e-01 1.766044e+00
      vertex -2.247545e+00 -4.903926e-01 1.866025e+00
    endloop
  endfacet
  facet normal 0.000000e+00 0.000000e+00 0.000000e+00
    outer loop
      vertex -2.247545e+00 -4.903926e-01 1.866025e+00
      vertex -2.395984e+00 -5.938583e-01 1.766044e+00
      vertex -2.275402e+00 -6.304366e-01 1.766044e+00
    endloop
  endfacet
  facet normal 0.000000e+00 0.000000e+00 0.000000e+00
    outer loop
      vertex -2.247545e+00 -4.903926e-01 1.866025e+00
      vertex -2.275402e+00 -6.304366e-01 1.766044e+00
      vertex -2.150000e+00 -5.000000e-01 1.866025e+00
    endloop
  endfacet
  facet normal 0.000000e+00 0.000000e+00 0.000000e+00
    outer loop
      vertex -2.150000e+00 -5.000000e-01 1.866025e+00
      vertex -2.275402e+00 -6.304366e-01 1.766044e+00
      vertex -2.150000e+00 -6.427876e-01 1.766044e+00
    endloop
  endfacet
  facet normal 0.000000e+00 0.000000e+00 0.000000e+00
    outer loop
      vertex -2.150000e+00 -5.000000e-01 1.866025e+00
      vertex -2.150000e+00 -6.427876e-01 1.766044e+00
      vertex -2.052455e+00 -4.903926e-01 1.866025e+00
    endloop
  endfacet
  facet normal 0.000000e+00 0.000000e+00 0.000000e+00
    outer loop
      vertex -2.052455e+00 -4.903926e-01 1.866025e+00
      vertex -2.150000e+00 -6.427876e-01 1.766044e+00
      vertex -2.024598e+00 -6.304366e-01 1.766044e+00
    endloop
  endfacet
  facet normal 0.000000e+00 0.000000e+00 0.000000e+00
    outer loop
      vertex -2.052455e+00 -4.903926e-01 1.866025e+00
      vertex -2.024598e+00 -6.304366e-01 1.766044e+00
      vertex -1.958658e+00 -4.619398e-01 1.866025e+00
    endloop
  endfacet
  facet normal 0.000000e+00 0.000000e+00 0.000000e+00
    outer loop
      vertex -1.958658e+00 -4.619398e-01 1.866025e+00
      vertex -2.024598e+00 -6.304366e-01 1.766044e+00
      vertex -1.904016e+00 -5.938583e-01 1.766044e+00
    endloop
  endfacet
  facet normal 0.000000e+00 0.000000e+00 0.000000e+00
    outer loop
      vertex -1.958658e+00 -4.619398e-01 1.866025e+00
      vertex -1.904016e+00 -5.938583e-01 1.766044e+00
      vertex -1.872215e+00 -4.157348e-01 1.866025e+00
    endloop
  endfacet
  facet normal 0.000000e+00 0.000000e+00 0.000000e+00
    outer loop
      vertex -1.872215e+00 -4.157348e-01 1.866025e+00
      vertex -1.904016e+00 -5.938583e-01 1.766044e+00
      vertex -1.792886e+00 -5.344583e-01 1.766044e+00
    endloop
  endfacet
  facet normal 0.000000e+00 0.000000e+00 0.000000e+00
    outer loop
      vertex -1.872215e+00 -4.157348e-01 1.866025e+00
      vertex -1.792886e+00 -5.344583e-01 1.766044e+00
      vertex -1.796447e+00 -3.535534e-01 1.866025e+00
    endloop
  endfacet
  facet normal 0.000000e+00 0.000000e+00 0.000000e+00
    outer loop
      vertex -1.796447e+00 -3.535534e-01 1.866025e+00
      vertex -1.792886e+00 -5.344583e-01 1.766044e+00
      vertex -1.695480e+00 -4.545195e-01 1.766044e+00
    endloop
  endfacet
  facet normal 0.000000e+00 0.000000e+00 0.000000e+00
    outer loop
      vertex -1.796447e+00 -3.535534e-01 1.866025e+00
      vertex -1.695480e+00 -4.545195e-01 1.766044e+00
      vertex -1.734265e+00 -2.777851e-01 1.866025e+00
    endloop
  endfacet
  facet normal 0.000000e+00 0.000000e+00 0.000000e+00
    outer loop
      vertex -1.734265e+00 -2.777851e-01 1.866025e+00
      vertex -1.695480e+00 -4.545195e-01 1.766044e+00
      vertex -1.615542e+00 -3.571137e-01 1.766044e+00
    endloop
  endfacet
  facet normal 0.000000e+00 0.000000e+00 0.000000e+00
    outer loop
      vertex -1.734265e+00 -2.777851e-01 1.866025e+00
      vertex -1.615542e+00 -3.571137e-01 1.766044e+00
      vertex -1.688060e+00 -1.913417e-01 1.866025e+00
    endloop
  endfacet
  facet normal 0.000000e+00 0.000000e+00 0.000000e+00
    outer loop
      vertex -1.688060e+00 -1.913417e-01 1.866025e+00
      vertex -1.615542e+00 -3.571137e-01 1.766044e+00
      vertex -1.556142e+00 -2.459842e-01 1.766044e+00
    endloop
  endfacet
  facet normal 0.000000e+00 0.000000e+00 0.000000e+00
    outer loop
      vertex -1.688060e+00 -1.913417e-01 1.866025e+00
      vertex -1.556142e+00 -2.459842e-01 1.766044e+00
      vertex -1.659607e+00 -9.754516e-02 1.866025e+00
    endloop
  endfacet
  facet normal 0.000000e+00 0.000000e+00 0.000000e+00
    outer loop
      vertex -1.659607e+00 -9.754516e-02 1.866025e+00
      vertex -1.556142e+00 -2.459842e-01 1.766044e+00
      vertex -1.519563e+00 -1.254016e-01 1.766044e+00
    endloop
  endfacet
  facet normal 0.000000e+00 0.000000e+00 0.000000e+00
    outer loop
      vertex -1.659607e+00 -9.754516e-02 1.866025e+00
      vertex -1.519563e+00 -1.254016e-01 1.766044e+00
      vertex -1.650000e+00 -1.224647e-16 1.866025e+00
    endloop
  endfacet
  facet normal 0.000000e+00 0.000000e+00 0.000000e+00
    outer loop
      vertex -1.650000e+00 -1.224647e-16 1.866025e+00
      vertex -1.519563e+00 -1.254016e-01 1.766044e+00
      vertex -1.507212e+00 -1.574376e-16 1.766044e+00
    endloop
  endfacet
  facet normal 0.000000e+00 0.000000e+00 0.000000e+00
    outer loop
      vertex -1.507212e+00 0.000000e+00 1.766044e+00
      vertex -1.383956e+00 0.000000e+00 1.642788e+00
      vertex -1.519563e+00 1.254016e-01 1.766044e+00
    endloop
  endfacet
  facet normal 0.000000e+00 0.000000e+00 0.000000e+00
    outer loop
      vertex -1.519563e+00 1.254016e-01 1.766044e+00
      vertex -1.383956e+00 0.000000e+00 1.642788e+00
      vertex -1.398675e+00 1.494479e-01 1.642788e+00
    endloop
  endfacet
  facet normal 0.000000e+00 0.000000e+00 0.000000e+00
    outer loop
      vertex -1.519563e+00 1.254016e-01 1.766044e+00
      vertex -1.398675e+00 1.494479e-01 1.642788e+00
      vertex -1.556142e+00 2.459842e-01 1.766044e+00
    endloop
  endfacet
  facet normal 0.000000e+00 0.000000e+00 0.000000e+00
    outer loop
      vertex -1.556142e+00 2.459842e-01 1.766044e+00
      vertex -1.398675e+00 1.494479e-01 1.642788e+00
      vertex -1.442267e+00 2.931525e-01 1.642788e+00
    endloop
  endfacet
  facet normal 0.000000e+00 0.000000e+00 0.000000e+00
    outer loop
      vertex -1.556142e+00 2.459842e-01 1.766044e+00
      vertex -1.442267e+00 2.931525e-01 1.642788e+00
      vertex -1.615542e+00 3.571137e-01 1.766044e+00
    endloop
  endfacet
  facet normal 0.000000e+00 0.000000e+00 0.000000e+00
    outer loop
      vertex -1.615542e+00 3.571137e-01 1.766044e+00
      vertex -1.442267e+00 2.931525e-01 1.642788e+00
      vertex -1.513057e+00 4.255915e-01 1.642788e+00
    endloop
  endfacet
  facet normal 0.000000e+00 0.000000e+00 0.000000e+00
    outer loop
      vertex -1.615542e+00 3.571137e-01 1.766044e+00
      vertex -1.513057e+00 4.255915e-01 1.642788e+00
      vertex -1.695480e+00 4.545195e-01 1.766044e+00
    endloop
  endfacet
  facet normal 0.000000e+00 0.000000e+00 0.000000e+00
    outer loop
      vertex -1.695480e+00 4.545195e-01 1.766044e+00
      vertex -1.513057e+00 4.255915e-01 1.642788e+00
      vertex -1.608325e+00 5.416752e-01 1.642788e+00
    endloop
  endfacet
  facet normal 0.000000e+00 0.000000e+00 0.000000e+00
    outer loop
      vertex -1.695480e+00 4.545195e-01 1.766044e+00
      vertex -1.608325e+00 5.416752e-01 1.642788e+00
      vertex -1.792886e+00 5.344583e-01 1.766044e+00
    endloop
  endfacet
  facet normal 0.000000e+00 0.000000e+00 0.000000e+00
    outer loop
      vertex -1.792886e+00 5.344583e-01 1.766044e+00
      vertex -1.608325e+00 5.416752e-01 1.642788e+00
      vertex -1.724409e+00 6.369427e-01 1.642788e+00
    endloop
  endfacet
  facet normal 0.000000e+00 0.000000e+00 0.000000e+00
    outer loop
      vertex -1.792886e+00 5.344583e-01 1.766044e+00
      vertex -1.724409e+00 6.369427e-01 1.642788e+00
      vertex -1.904016e+00 5.938583e-01 1.766044e+00
    endloop
  endfacet
  facet normal 0.000000e+00 0.000000e+00 0.000000e+00
    outer loop
      vertex -1.904016e+00 5.938583e-01 1.766044e+00
      vertex -1.724409e+00 6.369427e-01 1.642788e+00
      vertex -1.856848e+00 7.077328e-01 1.642788e+00
    endloop
  endfacet
  facet normal 0.000000e+00 0.000000e+00 0.000000e+00
    outer loop
      vertex -1.904016e+00 5.938583e-01 1.766044e+00
      vertex -1.856848e+00 7.077328e-01 1.642788e+00
      vertex -2.024598e+00 6.304366e-01 1.766044e+00
    endloop
  endfacet
  facet normal 0.000000e+00 0.000000e+00 0.000000e+00
    outer loop
      vertex -2.024598e+00 6.304366e-01 1.766044e+00
      vertex -1.856848e+00 7.077328e-01 1.642788e+00
      vertex -2.000552e+00 7.513251e-01 1.642788e+00
    endloop
  endfacet
  facet normal 0.000000e+00 0.000000e+00 0.000000e+00
    outer loop
      vertex -2.024598e+00 6.304366e-01 1.766044e+00
      vertex -2.000552e+00 7.513251e-01 1.642788e+00
      vertex -2.150000e+00 6.427876e-01 1.766044e+00
    endloop
  endfacet
  facet normal 0.000000e+00 0.000000e+00 0.000000e+00
    outer loop
      vertex -2.150000e+00 6.427876e-01 1.766044e+00
      vertex -2.000552e+00 7.513251e-01 1.642788e+00
      vertex -2.150000e+00 7.660444e-01 1.642788e+00
    endloop
  endfacet
  facet normal 0.000000e+00 0.000000e+00 0.000000e+00
    outer loop
      vertex -2.150000e+00 6.427876e-01 1.766044e+00
      vertex -2.150000e+00 7.660444e-01 1.642788e+00
      vertex -2.275402e+00 6.304366e-01 1.766044e+00
    endloop
  endfacet
  facet normal 0.000000e+00 0.000000e+00 0.000000e+00
    outer loop
      vertex -2.275402e+00 6.304366e-01 1.766044e+00
      vertex -2.150000e+00 7.660444e-01 1.642788e+00
      vertex -2.299448e+00 7.513251e-01 1.642788e+00
    endloop
  endfacet
  facet normal 0.000000e+00 0.000000e+00 0.000000e+00
    outer loop
      vertex -2.275402e+00 6.304366e-01 1.766044e+00
      vertex -2.299448e+00 7.513251e-01 1.642788e+00
      vertex -2.395984e+00 5.938583e-01 1.766044e+00
    endloop
  endfacet
  facet normal 0.000000e+00 0.000000e+00 0.000000e+00
    outer loop
      vertex -2.395984e+00 5.938583e-01 1.766044e+00
      vertex -2.299448e+00 7.513251e-01 1.642788e+00
      vertex -2.443152e+00 7.077328e-01 1.642788e+00
    endloop
  endfacet
  facet normal 0.000000e+00 0.000000e+00 0.000000e+00
    outer loop
      vertex -2.395984e+00 5.938583e-01 1.766044e+00
      vertex -2.443152e+00 7.077328e-01 1.642788e+00
      vertex -2.507114e+00 5.344583e-01 1.766044e+00
    endloop
  endfacet
  facet normal 0.000000e+00 0.000000e+00 0.000000e+00
    outer loop
      vertex -2.507114e+00 5.344583e-01 1.766044e+00
      vertex -2.443152e+00 7.077328e-01 1.642788e+00
      vertex -2.575592e+00 6.369427e-01 1.642788e+00
    endloop
  endfacet
  facet normal 0.000000e+00 0.000000e+00 0.000000e+00
    outer loop
      vertex -2.507114e+00 5.344583e-01 1.766044e+00
      vertex -2.575592e+00 6.369427e-01 1.642788e+00
      vertex -2.604519e+00 4.545195e-01 1.766044e+00
    endloop
  endfacet
  facet normal 0.000000e+00 0.000000e+00 0.000000e+00
    outer loop
      vertex -2.604519e+00 4.545195e-01 1.766044e+00
      vertex -2.575592e+00 6.369427e-01 1.642788e+00
      vertex -2.691675e+00 5.416752e-01 1.642788e+00
    endloop
  endfacet
  facet normal 0.000000e+00 0.000000e+00 0.000000e+00
    outer loop
      vertex -2.604519e+00 4.545195e-01 1.766044e+00
      vertex -2.691675e+00 5.416752e-01 1.642788e+00
      vertex -2.684458e+00 3.571137e-01 1.766044e+00
    endloop
  endfacet
  facet normal 0.000000e+00 0.000000e+00 0.000000e+00
    outer loop
      vertex -2.684458e+00 3.571137e-01 1.766044e+00
      vertex -2.691675e+00 5.416752e-01 1.642788e+00
      vertex -2.786943e+00 4.255915e-01 1.642788e+00
    endloop
  endfacet
  facet normal 0.000000e+00 0.000000e+00 0.000000e+00
    outer loop
      vertex -2.684458e+00 3.571137e-01 1.766044e+00
      vertex -2.786943e+00 4.255915e-01 1.642788e+00
      vertex -2.743858e+00 2.459842e-01 1.766044e+00
    endloop
  endfacet
  facet normal 0.000000e+00 0.000000e+00 0.000000e+00
    outer loop
      vertex -2.743858e+00 2.459842e-01 1.766044e+00
      vertex -2.786943e+00 4.255915e-01 1.642788e+00
      vertex -2.857733e+00 2.931525e-01 1.642788e+00
    endloop
  endfacet
  facet normal 0.000000e+00 0.000000e+00 0.000000e+00
    outer loop
      vertex -2.743858e+00 2.459842e-01 1.766044e+00
      vertex -2.857733e+00 2.931525e-01 1.642788e+00
      vertex -2.780437e+00 1.254016e-01 1.766044e+00
    endloop
  endfacet
  facet normal 0.000000e+00 0.000000e+00 0.000000e+00
    outer loop
      vertex -2.780437e+00 1.254016e-01 1.766044e+00
      vertex -2.857733e+00 2.931525e-01 1.642788e+00
      vertex -2.901325e+00 1.494479e-01 1.642788e+00
    endloop
  endfacet
  facet normal 0.000000e+00 0.000000e+00 0.000000e+00
    outer loop
      vertex -2.780437e+00 1.254016e-01 1.766044e+00
      vertex -2.901325e+00 1.494479e-01 1.642788e+00
      vertex -2.792788e+00 7.871878e-17 1.766044e+00
    endloop
  endfacet
  facet normal 0.000000e+00 0.000000e+00 0.000000e+00
    outer loop
      vertex -2.792788e+00 7.871878e-17 1.766044e+00
      vertex -2.901325e+00 1.494479e-01 1.642788e+00
      vertex -2.916044e+00 9.381339e-17 1.642788e+00
    endloop
  endfacet
  facet normal 0.000000e+00 0.000000e+00 0.000000e+00
    outer loop
      vertex -2.792788e+00 7.871878e-17 1.766044e+00
      vertex -2.916044e+00 9.381339e-17 1.642788e+00
      vertex -2.780437e+00 -1.254016e-01 1.766044e+00
    endloop
  endfacet
  facet normal 0.000000e+00 0.000000e+00 0.000000e+00
    outer loop
      vertex -2.780437e+00 -1.254016e-01 1.766044e+00
      vertex -2.916044e+00 9.381339e-17 1.642788e+00
      vertex -2.901325e+00 -1.494479e-01 1.642788e+00
    endloop
  endfacet
  facet normal 0.000000e+00 0.000000e+00 0.000000e+00
    outer loop
      vertex -2.780437e+00 -1.254016e-01 1.766044e+00
      vertex -2.901325e+00 -1.494479e-01 1.642788e+00
      vertex -2.743858e+00 -2.459842e-01 1.766044e+00
    endloop
  endfacet
  facet normal 0.000000e+00 0.000000e+00 0.000000e+00
    outer loop
      vertex -2.743858e+00 -2.459842e-01 1.766044e+00
      vertex -2.901325e+00 -1.494479e-01 1.642788e+00
      vertex -2.857733e+00 -2.931525e-01 1.642788e+00
    endloop
  endfacet
  facet normal 0.000000e+00 0.000000e+00 0.000000e+00
    outer loop
      vertex -2.743858e+00 -2.459842e-01 1.766044e+00
      vertex -2.857733e+00 -2.931525e-01 1.642788e+00
      vertex -2.684458e+00 -3.571137e-01 1.766044e+00
    endloop
  endfacet
  facet normal 0.000000e+00 0.000000e+00 0.000000e+00
    outer loop
      vertex -2.684458e+00 -3.571137e-01 1.766044e+00
      vertex -2.857733e+00 -2.931525e-01 1.642788e+00
      vertex -2.786943e+00 -4.255915e-01 1.642788e+00
    endloop
  endfacet
  facet normal 0.000000e+00 0.000000e+00 0.000000e+00
    outer loop
      vertex -2.684458e+00 -3.571137e-01 1.766044e+00
      vertex -2.786943e+00 -4.255915e-01 1.642788e+00
      vertex -2.604519e+00 -4.545195e-01 1.766044e+00
    endloop
  endfacet
  facet normal 0.000000e+00 0.000000e+00 0.000000e+00
    outer loop
      vertex -2.604519e+00 -4.545195e-01 1.766044e+00
      vertex -2.786943e+00 -4.255915e-01 1.642788e+00
      vertex -2.691675e+00 -5.416752e-01 1.642788e+00
    endloop
  endfacet
  facet normal 0.000000e+00 0.000000e+00 0.000000e+00
    outer loop
      vertex -2.604519e+00 -4.545195e-01 1.766044e+00
      vertex -2.691675e+00 -5.416752e-01 1.642788e+00
      vertex -2.507114e+00 -5.344583e-01 1.766044e+00
    endloop
  endfacet
  facet normal 0.000000e+00 0.000000e+00 0.000000e+00
    outer loop
      vertex -2.507114e+00 -5.344583e-01 1.766044e+00
      vertex -2.691675e+00 -5.416752e-01 1.642788e+00
      vertex -2.575592e+00 -6.369427e-01 1.642788e+00
    endloop
  endfacet
  facet normal 0.000000e+00 0.000000e+00 0.000000e+00
    outer loop
      vertex -2.507114e+00 -5.344583e-01 1.766044e+00
      vertex -2.575592e+00 -6.369427e-01 1.642788e+00
      vertex -2.395984e+00 -5.938583e-01 1.766044e+00
    endloop
  endfacet
  facet normal 0.000000e+00 0.000000e+00 0.000000e+00
    outer loop
      vertex -2.395984e+00 -5.938583e-01 1.766044e+00
      vertex -2.575592e+00 -6.369427e-01 1.642788e+00
      vertex -2.443152e+00 -7.077328e-01 1.642788e+00
    endloop
  endfacet
  facet normal 0.000000e+00 0.000000e+00 0.000000e+00
    outer loop
      vertex -2.395984e+00 -5.938583e-01 1.766044e+00
      vertex -2.443152e+00 -7.077328e-01 1.642788e+00
      vertex -2.275402e+00 -6.304366e-01 1.766044e+00
    endloop
  endfacet
  facet normal 0.000000e+00 0.000000e+00 0.000000e+00
    outer loop
      vertex -2.275402e+00 -6.304366e-01 1.766044e+00
      vertex -2.443152e+00 -7.077328e-01 1.642788e+00
      vertex -2.299448e+00 -7.513251e-01 1.642788e+00
    endloop
  endfacet
  facet normal 0.000000e+00 0.000000e+00 0.000000e+00
    outer loop
      vertex -2.275402e+00 -6.304366e-01 1.766044e+00
      vertex -2.299448e+00 -7.513251e-01 1.642788e+00
      vertex -2.150000e+00 -6.427876e-01 1.766044e+00
    endloop
  endfacet
  facet normal 0.000000e+00 0.000000e+00 0.000000e+00
    outer loop
      vertex -2.150000e+00 -6.427876e-01 1.766044e+00
      vertex -2.299448e+00 -7.513251e-01 1.642788e+00
      vertex -2.150000e+00 -7.660444e-01 1.642788e+00
    endloop
  endfacet
  facet normal 0.000000e+00 0.000000e+00 0.000000e+00
    outer loop
      vertex -2.150000e+00 -6.427876e-01 1.766044e+00
      vertex -2.150000e+00 -7.660444e-01 1.642788e+00
      vertex -2.024598e+00 -6.304366e-01 1.766044e+00
    endloop
  endfacet
  facet normal 0.000000e+00 0.000000e+00 0.000000e+00
    outer loop
      vertex -2.024598e+00 -6.304366e-01 1.766044e+00
      vertex -2.150000e+00 -7.660444e-01 1.642788e+00
      vertex -2.000552e+00 -7.513251e-01 1.642788e+00
    endloop
  endfacet
  facet normal 0.000000e+00 0.000000e+00 0.000000e+00
    outer loop
      vertex -2.024598e+00 -6.304366e-01 1.766044e+00
      vertex -2.000552e+00 -7.513251e-01 1.642788e+00
      vertex -1.904016e+00 -5.938583e-01 1.766044e+00
    endloop
  endfacet
  facet normal 0.000000e+00 0.000000e+00 0.000000e+00
    outer loop
      vertex -1.904016e+00 -5.938583e-01 1.766044e+00
      vertex -2.000552e+00 -7.513251e-01 1.642788e+00
      vertex -1.856848e+00 -7.077328e-01 1.642788e+00
    endloop
  endfacet
  facet normal 0.000000e+00 0.000000e+00 0.000000e+00
    outer loop
      vertex -1.904016e+00 -5.938583e-01 1.766044e+00
      vertex -1.856848e+00 -7.077328e-01 1.642788e+00
      vertex -1.792886e+00 -5.344583e-01 1.766044e+00
    endloop
  endfacet
  facet normal 0.000000e+00 0.000000e+00 0.000000e+00
    outer loop
      vertex -1.792886e+00 -5.344583e-01 1.766044e+00
      vertex -1.856848e+00 -7.077328e-01 1.642788e+00
      vertex -1.724409e+00 -6.369427e-01 1.642788e+00
    endloop
  endfacet
  facet normal 0.000000e+00 0.000000e+00 0.000000e+00
    outer loop
      vertex -1.792886e+00 -5.344583e-01 1.766044e+00
      vertex -1.724409e+00 -6.369427e-01 1.642788e+00
      vertex -1.695480e+00 -4.545195e-01 1.766044e+00
    endloop
  endfacet
  facet normal 0.000000e+00 0.000000e+00 0.000000e+00
    outer loop
      vertex -1.695480e+00 -4.545195e-01 1.766044e+00
      vertex -1.724409e+00 -6.369427e-01 1.642788e+00
      vertex -1.608325e+00 -5.416752e-01 1.642788e+00
    endloop
  endfacet
  facet normal 0.000000e+00 0.000000e+00 0.000000e+00
    outer loop
      vertex -1.695480e+00 -4.545195e-01 1.766044e+00
      vertex -1.608325e+00 -5.416752e-01 1.642788e+00
      vertex -1.615542e+00 -3.571137e-01 1.766044e+00
    endloop
  endfacet
  facet normal 0.000000e+00 0.000000e+00 0.000000e+00
    outer loop
      vertex -1.615542e+00 -3.571137e-01 1.766044e+00
      vertex -1.608325e+00 -5.416752e-01 1.642788e+00
      vertex -1.513057e+00 -4.255915e-01 1.642788e+00
    endloop
  endfacet
  facet normal 0.000000e+00 0.000000e+00 0.000000e+00
    outer loop
      vertex -1.615542e+00 -3.571137e-01 1.766044e+00
      vertex -1.513057e+00 -4.255915e-01 1.642788e+00
      vertex -1.556142e+00 -2.459842e-01 1.766044e+00
    endloop
  endfacet
  facet normal 0.000000e+00 0.000000e+00 0.000000e+00
    outer loop
      vertex -1.556142e+00 -2.459842e-01 1.766044e+00
      vertex -1.513057e+00 -4.255915e-01 1.642788e+00
      vertex -1.442267e+00 -2.931525e-01 1.642788e+00
    endloop
  endfacet
  facet normal 0.000000e+00 0.000000e+00 0.000000e+00
    outer loop
      vertex -1.556142e+00 -2.459842e-01 1.766044e+00
      vertex -1.442267e+00 -2.931525e-01 1.642788e+00
      vertex -1.519563e+00 -1.254016e-01 1.766044e+00
    endloop
  endfacet
  facet normal 0.000000e+00 0.000000e+00 0.000000e+00
    outer loop
      vertex -1.519563e+00 -1.254016e-01 1.766044e+00
      vertex -1.442267e+00 -2.931525e-01 1.642788e+00
      vertex -1.398675e+00 -1.494479e-01 1.642788e+00
    endloop
  endfacet
  facet normal 0.000000e+00 0.000000e+00 0.000000e+00
    outer loop
      vertex -1.519563e+00 -1.254016e-01 1.766044e+00
      vertex -1.398675e+00 -1.494479e-01 1.642788e+00
      vertex -1.507212e+00 -1.574376e-16 1.766044e+00
    endloop
  endfacet
  facet normal 0.000000e+00 0.000000e+00 0.000000e+00
    outer loop
      vertex -1.507212e+00 -1.574376e-16 1.766044e+00
      vertex -1.398675e+00 -1.494479e-01 1.642788e+00
      vertex -1.383956e+00 -1.876268e-16 1.642788e+00
    endloop
  endfacet
  facet normal 0.000000e+00 0.000000e+00 0.000000e+00
    outer loop
      vertex -1.383956e+00 0.000000e+00 1.642788e+00
      vertex -1.283975e+00 0.000000e+00 1.500000e+00
      vertex -1.398675e+00 1.494479e-01 1.642788e+00
    endloop
  endfacet
  facet normal 0.000000e+00 0.000000e+00 0.000000e+00
    outer loop
      vertex -1.398675e+00 1.494479e-01 1.642788e+00
      vertex -1.283975e+00 0.000000e+00 1.500000e+00
      vertex -1.300615e+00 1.689532e-01 1.500000e+00
    endloop
  endfacet
  facet normal 0.000000e+00 0.000000e+00 0.000000e+00
    outer loop
      vertex -1.398675e+00 1.494479e-01 1.642788e+00
      vertex -1.300615e+00 1.689532e-01 1.500000e+00
      vertex -1.442267e+00 2.931525e-01 1.642788e+00
    endloop
  endfacet
  facet normal 0.000000e+00 0.000000e+00 0.000000e+00
    outer loop
      vertex -1.442267e+00 2.931525e-01 1.642788e+00
      vertex -1.300615e+00 1.689532e-01 1.500000e+00
      vertex -1.349897e+00 3.314136e-01 1.500000e+00
    endloop
  endfacet
  facet normal 0.000000e+00 0.000000e+00 0.000000e+00
    outer loop
      vertex -1.442267e+00 2.931525e-01 1.642788e+00
      vertex -1.349897e+00 3.314136e-01 1.500000e+00
      vertex -1.513057e+00 4.255915e-01 1.642788e+00
    endloop
  endfacet
  facet normal 0.000000e+00 0.000000e+00 0.000000e+00
    outer loop
      vertex -1.513057e+00 4.255915e-01 1.642788e+00
      vertex -1.349897e+00 3.314136e-01 1.500000e+00
      vertex -1.429926e+00 4.811379e-01 1.500000e+00
    endloop
  endfacet
  facet normal 0.000000e+00 0.000000e+00 0.000000e+00
    outer loop
      vertex -1.513057e+00 4.255915e-01 1.642788e+00
      vertex -1.429926e+00 4.811379e-01 1.500000e+00
      vertex -1.608325e+00 5.416752e-01 1.642788e+00
    endloop
  endfacet
  facet normal 0.000000e+00 0.000000e+00 0.000000e+00
    outer loop
      vertex -1.608325e+00 5.416752e-01 1.642788e+00
      vertex -1.429926e+00 4.811379e-01 1.500000e+00
      vertex -1.537628e+00 6.123725e-01 1.500000e+00
    endloop
  endfacet
  facet normal 0.000000e+00 0.000000e+00 0.000000e+00
    outer loop
      vertex -1.608325e+00 5.416752e-01 1.642788e+00
      vertex -1.537628e+00 6.123725e-01 1.500000e+00
      vertex -1.724409e+00 6.369427e-01 1.642788e+00
    endloop
  endfacet
  facet normal 0.000000e+00 0.000000e+00 0.000000e+00
    outer loop
      vertex -1.724409e+00 6.369427e-01 1.642788e+00
      vertex -1.537628e+00 6.123725e-01 1.500000e+00
      vertex -1.668862e+00 7.200738e-01 1.500000e+00
    endloop
  endfacet
  facet normal 0.000000e+00 0.000000e+00 0.000000e+00
    outer loop
      vertex -1.724409e+00 6.369427e-01 1.642788e+00
      vertex -1.668862e+00 7.200738e-01 1.500000e+00
      vertex -1.856848e+00 7.077328e-01 1.642788e+00
    endloop
  endfacet
  facet normal 0.000000e+00 0.000000e+00 0.000000e+00
    outer loop
      vertex -1.856848e+00 7.077328e-01 1.642788e+00
      vertex -1.668862e+00 7.200738e-01 1.500000e+00
      vertex -1.818586e+00 8.001031e-01 1.500000e+00
    endloop
  endfacet
  facet normal 0.000000e+00 0.000000e+00 0.000000e+00
    outer loop
      vertex -1.856848e+00 7.077328e-01 1.642788e+00
      vertex -1.818586e+00 8.001031e-01 1.500000e+00
      vertex -2.000552e+00 7.513251e-01 1.642788e+00
    endloop
  endfacet
  facet normal 0.000000e+00 0.000000e+00 0.000000e+00
    outer loop
      vertex -2.000552e+00 7.513251e-01 1.642788e+00
      vertex -1.818586e+00 8.001031e-01 1.500000e+00
      vertex -1.981047e+00 8.493850e-01 1.500000e+00
    endloop
  endfacet
  facet normal 0.000000e+00 0.000000e+00 0.000000e+00
    outer loop
      vertex -2.000552e+00 7.513251e-01 1.642788e+00
      vertex -1.981047e+00 8.493850e-01 1.500000e+00
      vertex -2.150000e+00 7.660444e-01 1.642788e+00
    endloop
  endfacet
  facet normal 0.000000e+00 0.000000e+00 0.000000e+00
    outer loop
      vertex -2.150000e+00 7.660444e-01 1.642788e+00
      vertex -1.981047e+00 8.493850e-01 1.500000e+00
      vertex -2.150000e+00 8.660254e-01 1.500000e+00
    endloop
  endfacet
  facet normal 0.000000e+00 0.000000e+00 0.000000e+00
    outer loop
      vertex -2.150000e+00 7.660444e-01 1.642788e+00
      vertex -2.150000e+00 8.660254e-01 1.500000e+00
      vertex -2.299448e+00 7.513251e-01 1.642788e+00
    endloop
  endfacet
  facet normal 0.000000e+00 0.000000e+00 0.000000e+00
    outer loop
      vertex -2.299448e+00 7.513251e-01 1.642788e+00
      vertex -2.150000e+00 8.660254e-01 1.500000e+00
      vertex -2.318953e+00 8.493850e-01 1.500000e+00
    endloop
  endfacet
  facet normal 0.000000e+00 0.000000e+00 0.000000e+00
    outer loop
      vertex -2.299448e+00 7.513251e-01 1.642788e+00
      vertex -2.318953e+00 8.493850e-01 1.500000e+00
      vertex -2.443152e+00 7.077328e-01 1.642788e+00
    endloop
  endfacet
  facet normal 0.000000e+00 0.000000e+00 0.000000e+00
    outer loop
      vertex -2.443152e+00 7.077328e-01 1.642788e+00
      vertex -2.318953e+00 8.493850e-01 1.500000e+00
      vertex -2.481414e+00 8.001031e-01 1.500000e+00
    endloop
  endfacet
  facet normal 0.000000e+00 0.000000e+00 0.000000e+00
    outer loop
      vertex -2.443152e+00 7.077328e-01 1.642788e+00
      vertex -2.481414e+00 8.001031e-01 1.500000e+00
      vertex -2.575592e+00 6.369427e-01 1.642788e+00
    endloop
  endfacet
  facet normal 0.000000e+00 0.000000e+00 0.000000e+00
    outer loop
      vertex -2.575592e+00 6.369427e-01 1.642788e+00
      vertex -2.481414e+00 8.001031e-01 1.500000e+00
      vertex -2.631138e+00 7.200738e-01 1.500000e+00
    endloop
  endfacet
  facet normal 0.000000e+00 0.000000e+00 0.000000e+00
    outer loop
      vertex -2.575592e+00 6.369427e-01 1.642788e+00
      vertex -2.631138e+00 7.200738e-01 1.500000e+00
      vertex -2.691675e+00 5.416752e-01 1.642788e+00
    endloop
  endfacet
  facet normal 0.000000e+00 0.000000e+00 0.000000e+00
    outer loop
      vertex -2.691675e+00 5.416752e-01 1.642788e+00
      vertex -2.631138e+00 7.200738e-01 1.500000e+00
      vertex -2.762372e+00 6.123725e-01 1.500000e+00
    endloop
  endfacet
  facet normal 0.000000e+00 0.000000e+00 0.000000e+00
    outer loop
      vertex -2.691675e+00 5.416752e-01 1.642788e+00
      vertex -2.762372e+00 6.123725e-01 1.500000e+00
      vertex -2.786943e+00 4.255915e-01 1.642788e+00
    endloop
  endfacet
  facet normal 0.000000e+00 0.000000e+00 0.000000e+00
    outer loop
      vertex -2.786943e+00 4.255915e-01 1.642788e+00
      vertex -2.762372e+00 6.123725e-01 1.500000e+00
      vertex -2.870074e+00 4.811379e-01 1.500000e+00
    endloop
  endfacet
  facet normal 0.000000e+00 0.000000e+00 0.000000e+00
    outer loop
      vertex -2.786943e+00 4.255915e-01 1.642788e+00
      vertex -2.870074e+00 4.811379e-01 1.500000e+00
      vertex -2.857733e+00 2.931525e-01 1.642788e+00
    endloop
  endfacet
  facet normal 0.000000e+00 0.000000e+00 0.000000e+00
    outer loop
      vertex -2.857733e+00 2.931525e-01 1.642788e+00
      vertex -2.870074e+00 4.811379e-01 1.500000e+00
      vertex -2.950103e+00 3.314136e-01 1.500000e+00
    endloop
  endfacet
  facet normal 0.000000e+00 0.000000e+00 0.000000e+00
    outer loop
      vertex -2.857733e+00 2.931525e-01 1.642788e+00
      vertex -2.950103e+00 3.314136e-01 1.500000e+00
      vertex -2.901325e+00 1.494479e-01 1.642788e+00
    endloop
  endfacet
  facet normal 0.000000e+00 0.000000e+00 0.000000e+00
    outer loop
      vertex -2.901325e+00 1.494479e-01 1.642788e+00
      vertex -2.950103e+00 3.314136e-01 1.500000e+00
      vertex -2.999385e+00 1.689532e-01 1.500000e+00
    endloop
  endfacet
  facet normal 0.000000e+00 0.000000e+00 0.000000e+00
    outer loop
      vertex -2.901325e+00 1.494479e-01 1.642788e+00
      vertex -2.999385e+00 1.689532e-01 1.500000e+00
      vertex -2.916044e+00 9.381339e-17 1.642788e+00
    endloop
  endfacet
  facet normal 0.000000e+00 0.000000e+00 0.000000e+00
    outer loop
      vertex -2.916044e+00 9.381339e-17 1.642788e+00
      vertex -2.999385e+00 1.689532e-01 1.500000e+00
      vertex -3.016025e+00 1.060575e-16 1.500000e+00
    endloop
  endfacet
  facet normal 0.000000e+00 0.000000e+00 0.000000e+00
    outer loop
      vertex -2.916044e+00 9.381339e-17 1.642788e+00
      vertex -3.016025e+00 1.060575e-16 1.500000e+00
      vertex -2.901325e+00 -1.494479e-01 1.642788e+00
    endloop
  endfacet
  facet normal 0.000000e+00 0.000000e+00 0.000000e+00
    outer loop
      vertex -2.901325e+00 -1.494479e-01 1.642788e+00
      vertex -3.016025e+00 1.060575e-16 1.500000e+00
      vertex -2.999385e+00 -1.689532e-01 1.500000e+00
    endloop
  endfacet
  facet normal 0.000000e+00 0.000000e+00 0.000000e+00
    outer loop
      vertex -2.901325e+00 -1.494479e-01 1.642788e+00
      vertex -2.999385e+00 -1.689532e-01 1.500000e+00
      vertex -2.857733e+00 -2.931525e-01 1.642788e+00
    endloop
  endfacet
  facet normal 0.000000e+00 0.000000e+00 0.000000e+00
    outer loop
      vertex -2.857733e+00 -2.931525e-01 1.642788e+00
      vertex -2.999385e+00 -1.689532e-01 1.500000e+00
      vertex -2.950103e+00 -3.314136e-01 1.500000e+00
    endloop
  endfacet
  facet normal 0.000000e+00 0.000000e+00 0.000000e+00
    outer loop
      vertex -2.857733e+00 -2.931525e-01 1.642788e+00
      vertex -2.950103e+00 -3.314136e-01 1.500000e+00
      vertex -2.786943e+00 -4.255915e-01 1.642788e+00
    endloop
  endfacet
  facet normal 0.000000e+00 0.000000e+00 0.000000e+00
    outer loop
      vertex -2.786943e+00 -4.255915e-01 1.642788e+00
      vertex -2.950103e+00 -3.314136e-01 1.500000e+00
      vertex -2.870074e+00 -4.811379e-01 1.500000e+00
    endloop
  endfacet
  facet normal 0.000000e+00 0.000000e+00 0.000000e+00
    outer loop
      vertex -2.786943e+00 -4.255915e-01 1.642788e+00
      vertex -2.870074e+00 -4.811379e-01 1.500000e+00
      vertex -2.691675e+00 -5.416752e-01 1.642788e+00
    endloop
  endfacet
  facet normal 0.000000e+00 0.000000e+00 0.000000e+00
    outer loop
      vertex -2.691675e+00 -5.416752e-01 1.642788e+00
      vertex -2.870074e+00 -4.811379e-01 1.500000e+00
      vertex -2.762372e+00 -6.123725e-01 1.500000e+00
    endloop
  endfacet
  facet normal 0.000000e+00 0.000000e+00 0.000000e+00
    outer loop
      vertex -2.691675e+00 -5.416752e-01 1.642788e+00
      vertex -2.762372e+00 -6.123725e-01 1.500000e+00
      vertex -2.575592e+00 -6.369427e-01 1.642788e+00
    endloop
  endfacet
  facet normal 0.000000e+00 0.000000e+00 0.000000e+00
    outer loop
      vertex -2.575592e+00 -6.369427e-01 1.642788e+00
      vertex -2.762372e+00 -6.123725e-01 1.500000e+00
      vertex -2.631138e+00 -7.200738e-01 1.500000e+00
    endloop
  endfacet
  facet normal 0.000000e+00 0.000000e+00 0.000000e+00
    outer loop
      vertex -2.575592e+00 -6.369427e-01 1.642788e+00
      vertex -2.631138e+00 -7.200738e-01 1.500000e+00
      vertex -2.443152e+00 -7.077328e-01 1.642788e+00
    endloop
  endfacet
  facet normal 0.000000e+00 0.000000e+00 0.000000e+00
    outer loop
      vertex -2.443152e+00 -7.077328e-01 1.642788e+00
      vertex -2.631138e+00 -7.200738e-01 1.500000e+00
      vertex -2.481414e+00 -8.001031e-01 1.500000e+00
    endloop
  endfacet
  facet normal 0.000000e+00 0.000000e+00 0.000000e+00
    outer loop
      vertex -2.443152e+00 -7.077328e-01 1.642788e+00
      vertex -2.481414e+00 -8.001031e-01 1.500000e+00
      vertex -2.299448e+00 -7.513251e-01 1.642788e+00
    endloop
  endfacet
  facet normal 0.000000e+00 0.000000e+00 0.000000e+00
    outer loop
      vertex -2.299448e+00 -7.513251e-01 1.642788e+00
      vertex -2.481414e+00 -8.001031e-01 1.500000e+00
      vertex -2.318953e+00 -8.493850e-01 1.500000e+00
    endloop
  endfacet
  facet normal 0.000000e+00 0.000000e+00 0.000000e+00
    outer loop
      vertex -2.299448e+00 -7.513251e-01 1.642788e+00
      vertex -2.318953e+00 -8.493850e-01 1.500000e+00
      vertex -2.150000e+00 -7.660444e-01 1.642788e+00
    endloop
  endfacet
  facet normal 0.000000e+00 0.000000e+00 0.000000e+00
    outer loop
      vertex -2.150000e+00 -7.660444e-01 1.642788e+00
      vertex -2.318953e+00 -8.493850e-01 1.500000e+00
      vertex -2.150000e+00 -8.660254e-01 1.500000e+00
    endloop
  endfacet
  facet normal 0.000000e+00 0.000000e+00 0.000000e+00
    outer loop
      vertex -2.150000e+00 -7.660444e-01 1.642788e+00
      vertex -2.150000e+00 -8.660254e-01 1.500000e+00
      vertex -2.000552e+00 -7.513251e-01 1.642788e+00
    endloop
  endfacet
  facet normal 0.000000e+00 0.000000e+00 0.000000e+00
    outer loop
      vertex -2.000552e+00 -7.513251e-01 1.642788e+00
      vertex -2.150000e+00 -8.660254e-01 1.500000e+00
      vertex -1.981047e+00 -8.493850e-01 1.500000e+00
    endloop
  endfacet
  facet normal 0.000000e+00 0.000000e+00 0.000000e+00
    outer loop
      vertex -2.000552e+00 -7.513251e-01 1.642788e+00
      vertex -1.981047e+00 -8.493850e-01 1.500000e+00
      vertex -1.856848e+00 -7.077328e-01 1.642788e+00
    endloop
  endfacet
  facet normal 0.000000e+00 0.000000e+00 0.000000e+00
    outer loop
      vertex -1.856848e+00 -7.077328e-01 1.642788e+00
      vertex -1.981047e+00 -8.493850e-01 1.500000e+00
      vertex -1.818586e+00 -8.001031e-01 1.500000e+00
    endloop
  endfacet
  facet normal 0.000000e+00 0.000000e+00 0.000000e+00
    outer loop
      vertex -1.856848e+00 -7.077328e-01 1.642788e+00
      vertex -1.818586e+00 -8.001031e-01 1.500000e+00
      vertex -1.724409e+00 -6.369427e-01 1.642788e+00
    endloop
  endfacet
  facet normal 0.000000e+00 0.000000e+00 0.000000e+00
    outer loop
      vertex -1.724409e+00 -6.369427e-01 1.642788e+00
      vertex -1.818586e+00 -8.001031e-01 1.500000e+00
      vertex -1.668862e+00 -7.200738e-01 1.500000e+00
    endloop
  endfacet
  facet normal 0.000000e+00 0.000000e+00 0.000000e+00
    outer loop
      vertex -1.724409e+00 -6.369427e-01 1.642788e+00
      vertex -1.668862e+00 -7.200738e-01 1.500000e+00
      vertex -1.608325e+00 -5.416752e-01 1.642788e+00
    endloop
  endfacet
  facet normal 0.000000e+00 0.000000e+00 0.000000e+00
    outer loop
      vertex -1.608325e+00 -5.416752e-01 1.642788e+00
      vertex -1.668862e+00 -7.200738e-01 1.500000e+00
      vertex -1.537628e+00 -6.123725e-01 1.500000e+00
    endloop
  endfacet
  facet normal 0.000000e+00 0.000000e+00 0.000000e+00
    outer loop
      vertex -1.608325e+00 -5.416752e-01 1.642788e+00
      vertex -1.537628e+00 -6.123725e-01 1.500000e+00
      vertex -1.513057e+00 -4.255915e-01 1.642788e+00
    endloop
  endfacet
  facet normal 0.000000e+00 0.000000e+00 0.000000e+00
    outer loop
      vertex -1.513057e+00 -4.255915e-01 1.642788e+00
      vertex -1.537628e+00 -6.123725e-01 1.500000e+00
      vertex -1.429926e+00 -4.811379e-01 1.500000e+00
    endloop
  endfacet
  facet normal 0.000000e+00 0.000000e+00 0.000000e+00
    outer loop
      vertex -1.513057e+00 -4.255915e-01 1.642788e+00
      vertex -1.429926e+00 -4.811379e-01 1.500000e+00
      vertex -1.442267e+00 -2.931525e-01 1.642788e+00
    endloop
  endfacet
  facet normal 0.000000e+00 0.000000e+00 0.000000e+00
    outer loop
      vertex -1.442267e+00 -2.931525e-01 1.642788e+00
      vertex -1.429926e+00 -4.811379e-01 1.500000e+00
      vertex -1.349897e+00 -3.314136e-01 1.500000e+00
    endloop
  endfacet
  facet normal 0.000000e+00 0.000000e+00 0.000000e+00
    outer loop
      vertex -1.442267e+00 -2.931525e-01 1.642788e+00
      vertex -1.349897e+00 -3.314136e-01 1.500000e+00
      vertex -1.398675e+00 -1.494479e-01 1.642788e+00
    endloop
  endfacet
  facet normal 0.000000e+00 0.000000e+00 0.000000e+00
    outer loop
      vertex -1.398675e+00 -1.494479e-01 1.642788e+00
      vertex -1.349897e+00 -3.314136e-01 1.500000e+00
      vertex -1.300615e+00 -1.689532e-01 1.500000e+00
    endloop
  endfacet
  facet normal 0.000000e+00 0.000000e+00 0.000000e+00
    outer loop
      vertex -1.398675e+00 -1.494479e-01 1.642788e+00
      vertex -1.300615e+00 -1.689532e-01 1.500000e+00
      vertex -1.383956e+00 -1.876268e-16 1.642788e+00
    endloop
  endfacet
  facet normal 0.000000e+00 0.000000e+00 0.000000e+00
    outer loop
      vertex -1.383956e+00 -1.876268e-16 1.642788e+00
      vertex -1.300615e+00 -1.689532e-01 1.500000e+00
      vertex -1.283975e+00 -2.121150e-16 1.500000e+00
    endloop
  endfacet
  facet normal 0.000000e+00 0.000000e+00 0.000000e+00
    outer loop
      vertex -1.283975e+00 0.000000e+00 1.500000e+00
      vertex -1.210307e+00 0.000000e+00 1.342020e+00
      vertex -1.300615e+00 1.689532e-01 1.500000e+00
    endloop
  endfacet
  facet normal 0.000000e+00 0.000000e+00 0.000000e+00
    outer loop
      vertex -1.300615e+00 1.689532e-01 1.500000e+00
      vertex -1.210307e+00 0.000000e+00 1.342020e+00
      vertex -1.228363e+00 1.833249e-01 1.342020e+00
    endloop
  endfacet
  facet normal 0.000000e+00 0.000000e+00 0.000000e+00
    outer loop
      vertex -1.300615e+00 1.689532e-01 1.500000e+00
      vertex -1.228363e+00 1.833249e-01 1.342020e+00
      vertex -1.349897e+00 3.314136e-01 1.500000e+00
    endloop
  endfacet
  facet normal 0.000000e+00 0.000000e+00 0.000000e+00
    outer loop
      vertex -1.349897e+00 3.314136e-01 1.500000e+00
      vertex -1.228363e+00 1.833249e-01 1.342020e+00
      vertex -1.281837e+00 3.596048e-01 1.342020e+00
    endloop
  endfacet
  facet normal 0.000000e+00 0.000000e+00 0.000000e+00
    outer loop
      vertex -1.349897e+00 3.314136e-01 1.500000e+00
      vertex -1.281837e+00 3.596048e-01 1.342020e+00
      vertex -1.429926e+00 4.811379e-01 1.500000e+00
    endloop
  endfacet
  facet normal 0.000000e+00 0.000000e+00 0.000000e+00
    outer loop
      vertex -1.429926e+00 4.811379e-01 1.500000e+00
      vertex -1.281837e+00 3.596048e-01 1.342020e+00
      vertex -1.368674e+00 5.220652e-01 1.342020e+00
    endloop
  endfacet
  facet normal 0.000000e+00 0.000000e+00 0.000000e+00
    outer loop
      vertex -1.429926e+00 4.811379e-01 1.500000e+00
      vertex -1.368674e+00 5.220652e-01 1.342020e+00
      vertex -1.537628e+00 6.123725e-01 1.500000e+00
    endloop
  endfacet
  facet normal 0.000000e+00 0.000000e+00 0.000000e+00
    outer loop
      vertex -1.537628e+00 6.123725e-01 1.500000e+00
      vertex -1.368674e+00 5.220652e-01 1.342020e+00
      vertex -1.485537e+00 6.644630e-01 1.342020e+00
    endloop
  endfacet
  facet normal 0.000000e+00 0.000000e+00 0.000000e+00
    outer loop
      vertex -1.537628e+00 6.123725e-01 1.500000e+00
      vertex -1.485537e+00 6.644630e-01 1.342020e+00
      vertex -1.668862e+00 7.200738e-01 1.500000e+00
    endloop
  endfacet
  facet normal 0.000000e+00 0.000000e+00 0.000000e+00
    outer loop
      vertex -1.668862e+00 7.200738e-01 1.500000e+00
      vertex -1.485537e+00 6.644630e-01 1.342020e+00
      vertex -1.627935e+00 7.813259e-01 1.342020e+00
    endloop
  endfacet
  facet normal 0.000000e+00 0.000000e+00 0.000000e+00
    outer loop
      vertex -1.668862e+00 7.200738e-01 1.500000e+00
      vertex -1.627935e+00 7.813259e-01 1.342020e+00
      vertex -1.818586e+00 8.001031e-01 1.500000e+00
    endloop
  endfacet
  facet normal 0.000000e+00 0.000000e+00 0.000000e+00
    outer loop
      vertex -1.818586e+00 8.001031e-01 1.500000e+00
      vertex -1.627935e+00 7.813259e-01 1.342020e+00
      vertex -1.790395e+00 8.681628e-01 1.342020e+00
    endloop
  endfacet
  facet normal 0.000000e+00 0.000000e+00 0.000000e+00
    outer loop
      vertex -1.818586e+00 8.001031e-01 1.500000e+00
      vertex -1.790395e+00 8.681628e-01 1.342020e+00
      vertex -1.981047e+00 8.493850e-01 1.500000e+00
    endloop
  endfacet
  facet normal 0.000000e+00 0.000000e+00 0.000000e+00
    outer loop
      vertex -1.981047e+00 8.493850e-01 1.500000e+00
      vertex -1.790395e+00 8.681628e-01 1.342020e+00
      vertex -1.966675e+00 9.216367e-01 1.342020e+00
    endloop
  endfacet
  facet normal 0.000000e+00 0.000000e+00 0.000000e+00
    outer loop
      vertex -1.981047e+00 8.493850e-01 1.500000e+00
      vertex -1.966675e+00 9.216367e-01 1.342020e+00
      vertex -2.150000e+00 8.660254e-01 1.500000e+00
    endloop
  endfacet
  facet normal 0.000000e+00 0.000000e+00 0.000000e+00
    outer loop
      vertex -2.150000e+00 8.660254e-01 1.500000e+00
      vertex -1.966675e+00 9.216367e-01 1.342020e+00
      vertex -2.150000e+00 9.396926e-01 1.342020e+00
    endloop
  endfacet
  facet normal 0.000000e+00 0.000000e+00 0.000000e+00
    outer loop
      vertex -2.150000e+00 8.660254e-01 1.500000e+00
      vertex -2.150000e+00 9.396926e-01 1.342020e+00
      vertex -2.318953e+00 8.493850e-01 1.500000e+00
    endloop
  endfacet
  facet normal 0.000000e+00 0.000000e+00 0.000000e+00
    outer loop
      vertex -2.318953e+00 8.493850e-01 1.500000e+00
      vertex -2.150000e+00 9.396926e-01 1.342020e+00
      vertex -2.333325e+00 9.216367e-01 1.342020e+00
    endloop
  endfacet
  facet normal 0.000000e+00 0.000000e+00 0.000000e+00
    outer loop
      vertex -2.318953e+00 8.493850e-01 1.500000e+00
      vertex -2.333325e+00 9.216367e-01 1.342020e+00
      vertex -2.481414e+00 8.001031e-01 1.500000e+00
    endloop
  endfacet
  facet normal 0.000000e+00 0.000000e+00 0.000000e+00
    outer loop
      vertex -2.481414e+00 8.001031e-01 1.500000e+00
      vertex -2.333325e+00 9.216367e-01 1.342020e+00
      vertex -2.509605e+00 8.681628e-01 1.342020e+00
    endloop
  endfacet
  facet normal 0.000000e+00 0.000000e+00 0.000000e+00
    outer loop
      vertex -2.481414e+00 8.001031e-01 1.500000e+00
      vertex -2.509605e+00 8.681628e-01 1.342020e+00
      vertex -2.631138e+00 7.200738e-01 1.500000e+00
    endloop
  endfacet
  facet normal 0.000000e+00 0.000000e+00 0.000000e+00
    outer loop
      vertex -2.631138e+00 7.200738e-01 1.500000e+00
      vertex -2.509605e+00 8.681628e-01 1.342020e+00
      vertex -2.672065e+00 7.813259e-01 1.342020e+00
    endloop
  endfacet
  facet normal 0.000000e+00 0.000000e+00 0.000000e+00
    outer loop
      vertex -2.631138e+00 7.200738e-01 1.500000e+00
      vertex -2.672065e+00 7.813259e-01 1.342020e+00
      vertex -2.762372e+00 6.123725e-01 1.500000e+00
    endloop
  endfacet
  facet normal 0.000000e+00 0.000000e+00 0.000000e+00
    outer loop
      vertex -2.762372e+00 6.123725e-01 1.500000e+00
      vertex -2.672065e+00 7.813259e-01 1.342020e+00
      vertex -2.814463e+00 6.644630e-01 1.342020e+00
    endloop
  endfacet
  facet normal 0.000000e+00 0.000000e+00 0.000000e+00
    outer loop
      vertex -2.762372e+00 6.123725e-01 1.500000e+00
      vertex -2.814463e+00 6.644630e-01 1.342020e+00
      vertex -2.870074e+00 4.811379e-01 1.500000e+00
    endloop
  endfacet
  facet normal 0.000000e+00 0.000000e+00 0.000000e+00
    outer loop
      vertex -2.870074e+00 4.811379e-01 1.500000e+00
      vertex -2.814463e+00 6.644630e-01 1.342020e+00
      vertex -2.931326e+00 5.220652e-01 1.342020e+00
    endloop
  endfacet
  facet normal 0.000000e+00 0.000000e+00 0.000000e+00
    outer loop
      vertex -2.870074e+00 4.811379e-01 1.500000e+00
      vertex -2.931326e+00 5.220652e-01 1.342020e+00
      vertex -2.950103e+00 3.314136e-01 1.500000e+00
    endloop
  endfacet
  facet normal 0.000000e+00 0.000000e+00 0.000000e+00
    outer loop
      vertex -2.950103e+00 3.314136e-01 1.500000e+00
      vertex -2.931326e+00 5.220652e-01 1.342020e+00
      vertex -3.018163e+00 3.596048e-01 1.342020e+00
    endloop
  endfacet
  facet normal 0.000000e+00 0.000000e+00 0.000000e+00
    outer loop
      vertex -2.950103e+00 3.314136e-01 1.500000e+00
      vertex -3.018163e+00 3.596048e-01 1.342020e+00
      vertex -2.999385e+00 1.689532e-01 1.500000e+00
    endloop
  endfacet
  facet normal 0.000000e+00 0.000000e+00 0.000000e+00
    outer loop
      vertex -2.999385e+00 1.689532e-01 1.500000e+00
      vertex -3.018163e+00 3.596048e-01 1.342020e+00
      vertex -3.071637e+00 1.833249e-01 1.342020e+00
    endloop
  endfacet
  facet normal 0.000000e+00 0.000000e+00 0.000000e+00
    outer loop
      vertex -2.999385e+00 1.689532e-01 1.500000e+00
      vertex -3.071637e+00 1.833249e-01 1.342020e+00
      vertex -3.016025e+00 1.060575e-16 1.500000e+00
    endloop
  endfacet
  facet normal 0.000000e+00 0.000000e+00 0.000000e+00
    outer loop
      vertex -3.016025e+00 1.060575e-16 1.500000e+00
      vertex -3.071637e+00 1.833249e-01 1.342020e+00
      vertex -3.089693e+00 1.150792e-16 1.342020e+00
    endloop
  endfacet
  facet normal 0.000000e+00 0.000000e+00 0.000000e+00
    outer loop
      vertex -3.016025e+00 1.060575e-16 1.500000e+00
      vertex -3.089693e+00 1.150792e-16 1.342020e+00
      vertex -2.999385e+00 -1.689532e-01 1.500000e+00
    endloop
  endfacet
  facet normal 0.000000e+00 0.000000e+00 0.000000e+00
    outer loop
      vertex -2.999385e+00 -1.689532e-01 1.500000e+00
      vertex -3.089693e+00 1.150792e-16 1.342020e+00
      vertex -3.071637e+00 -1.833249e-01 1.342020e+00
    endloop
  endfacet
  facet normal 0.000000e+00 0.000000e+00 0.000000e+00
    outer loop
      vertex -2.999385e+00 -1.689532e-01 1.500000e+00
      vertex -3.071637e+00 -1.833249e-01 1.342020e+00
      vertex -2.950103e+00 -3.314136e-01 1.500000e+00
    endloop
  endfacet
  facet normal 0.000000e+00 0.000000e+00 0.000000e+00
    outer loop
      vertex -2.950103e+00 -3.314136e-01 1.500000e+00
      vertex -3.071637e+00 -1.833249e-01 1.342020e+00
      vertex -3.018163e+00 -3.596048e-01 1.342020e+00
    endloop
  endfacet
  facet normal 0.000000e+00 0.000000e+00 0.000000e+00
    outer loop
      vertex -2.950103e+00 -3.314136e-01 1.500000e+00
      vertex -3.018163e+00 -3.596048e-01 1.342020e+00
      vertex -2.870074e+00 -4.811379e-01 1.500000e+00
    endloop
  endfacet
  facet normal 0.000000e+00 0.000000e+00 0.000000e+00
    outer loop
      vertex -2.870074e+00 -4.811379e-01 1.500000e+00
      vertex -3.018163e+00 -3.596048e-01 1.342020e+00
      vertex -2.931326e+00 -5.220652e-01 1.342020e+00
    endloop
  endfacet
  facet normal 0.000000e+00 0.000000e+00 0.000000e+00
    outer loop
      vertex -2.870074e+00 -4.811379e-01 1.500000e+00
      vertex -2.931326e+00 -5.220652e-01 1.342020e+00
      vertex -2.762372e+00 -6.123725e-01 1.500000e+00
    endloop
  endfacet
  facet normal 0.000000e+00 0.000000e+00 0.000000e+00
    outer loop
      vertex -2.762372e+00 -6.123725e-01 1.500000e+00
      vertex -2.931326e+00 -5.220652e-01 1.342020e+00
      vertex -2.814463e+00 -6.644630e-01 1.342020e+00
    endloop
  endfacet
  facet normal 0.000000e+00 0.000000e+00 0.000000e+00
    outer loop
      vertex -2.762372e+00 -6.123725e-01 1.500000e+00
      vertex -2.814463e+00 -6.644630e-01 1.342020e+00
      vertex -2.631138e+00 -7.200738e-01 1.500000e+00
    endloop
  endfacet
  facet normal 0.000000e+00 0.000000e+00 0.000000e+00
    outer loop
      vertex -2.631138e+00 -7.200738e-01 1.500000e+00
      vertex -2.814463e+00 -6.644630e-01 1.342020e+00
      vertex -2.672065e+00 -7.813259e-01 1.342020e+00
    endloop
  endfacet
  facet normal 0.000000e+00 0.000000e+00 0.000000e+00
    outer loop
      vertex -2.631138e+00 -7.200738e-01 1.500000e+00
      vertex -2.672065e+00 -7.813259e-01 1.342020e+00
      vertex -2.481414e+00 -8.001031e-01 1.500000e+00
    endloop
  endfacet
  facet normal 0.000000e+00 0.000000e+00 0.000000e+00
    outer loop
      vertex -2.481414e+00 -8.001031e-01 1.500000e+00
      vertex -2.672065e+00 -7.813259e-01 1.342020e+00
      vertex -2.509605e+00 -8.681628e-01 1.342020e+00
    endloop
  endfacet
  facet normal 0.000000e+00 0.000000e+00 0.000000e+00
    outer loop
      vertex -2.481414e+00 -8.001031e-01 1.500000e+00
      vertex -2.509605e+00 -8.681628e-01 1.342020e+00
      vertex -2.318953e+00 -8.493850e-01 1.500000e+00
    endloop
  endfacet
  facet normal 0.000000e+00 0.000000e+00 0.000000e+00
    outer loop
      vertex -2.318953e+00 -8.493850e-01 1.500000e+00
      vertex -2.509605e+00 -8.681628e-01 1.342020e+00
      vertex -2.333325e+00 -9.216367e-01 1.342020e+00
    endloop
  endfacet
  facet normal 0.000000e+00 0.000000e+00 0.000000e+00
    outer loop
      vertex -2.318953e+00 -8.493850e-01 1.500000e+00
      vertex -2.333325e+00 -9.216367e-01 1.342020e+00
      vertex -2.150000e+00 -8.660254e-01 1.500000e+00
    endloop
  endfacet
  facet normal 0.000000e+00 0.000000e+00 0.000000e+00
    outer loop
      vertex -2.150000e+00 -8.660254e-01 1.500000e+00
      vertex -2.333325e+00 -9.216367e-01 1.342020e+00
      vertex -2.150000e+00 -9.396926e-01 1.342020e+00
    endloop
  endfacet
  facet normal 0.000000e+00 0.000000e+00 0.000000e+00
    outer loop
      vertex -2.150000e+00 -8.660254e-01 1.500000e+00
      vertex -2.150000e+00 -9.396926e-01 1.342020e+00
      vertex -1.981047e+00 -8.493850e-01 1.500000e+00
    endloop
  endfacet
  facet normal 0.000000e+00 0.000000e+00 0.000000e+00
    outer loop
      vertex -1.981047e+00 -8.493850e-01 1.500000e+00
      vertex -2.150000e+00 -9.396926e-01 1.342020e+00
      vertex -1.966675e+00 -9.216367e-01 1.342020e+00
    endloop
  endfacet
  facet normal 0.000000e+00 0.000000e+00 0.000000e+00
    outer loop
      vertex -1.981047e+00 -8.493850e-01 1.500000e+00
      vertex -1.966675e+00 -9.216367e-01 1.342020e+00
      vertex -1.818586e+00 -8.001031e-01 1.500000e+00
    endloop
  endfacet
  facet normal 0.000000e+00 0.000000e+00 0.000000e+00
    outer loop
      vertex -1.818586e+00 -8.001031e-01 1.500000e+00
      vertex -1.966675e+00 -9.216367e-01 1.342020e+00
      vertex -1.790395e+00 -8.681628e-01 1.342020e+00
    endloop
  endfacet
  facet normal 0.000000e+00 0.000000e+00 0.000000e+00
    outer loop
      vertex -1.818586e+00 -8.001031e-01 1.500000e+00
      vertex -1.790395e+00 -8.681628e-01 1.342020e+00
      vertex -1.668862e+00 -7.200738e-01 1.500000e+00
    endloop
  endfacet
  facet normal 0.000000e+00 0.000000e+00 0.000000e+00
    outer loop
      vertex -1.668862e+00 -7.200738e-01 1.500000e+00
      vertex -1.790395e+00 -8.681628e-01 1.342020e+00
      vertex -1.627935e+00 -7.813259e-01 1.342020e+00
    endloop
  endfacet
  facet normal 0.000000e+00 0.000000e+00 0.000000e+00
    outer loop
      vertex -1.668862e+00 -7.200738e-01 1.500000e+00
      vertex -1.627935e+00 -7.813259e-01 1.342020e+00
      vertex -1.537628e+00 -6.123725e-01 1.500000e+00
    endloop
  endfacet
  facet normal 0.000000e+00 0.000000e+00 0.000000e+00
    outer loop
      vertex -1.537628e+00 -6.123725e-01 1.500000e+00
      vertex -1.627935e+00 -7.813259e-01 1.342020e+00
      vertex -1.485537e+00 -6.644630e-01 1.342020e+00
    endloop
  endfacet
  facet normal 0.000000e+00 0.000000e+00 0.000000e+00
    outer loop
      vertex -1.537628e+00 -6.123725e-01 1.500000e+00
      vertex -1.485537e+00 -6.644630e-01 1.342020e+00
      vertex -1.429926e+00 -4.811379e-01 1.500000e+00
    endloop
  endfacet
  facet normal 0.000000e+00 0.000000e+00 0.000000e+00
    outer loop
      vertex -1.429926e+00 -4.811379e-01 1.500000e+00
      vertex -1.485537e+00 -6.644630e-01 1.342020e+00
      vertex -1.368674e+00 -5.220652e-01 1.342020e+00
    endloop
  endfacet
  facet normal 0.000000e+00 0.000000e+00 0.000000e+00
    outer loop
      vertex -1.429926e+00 -4.811379e-01 1.500000e+00
      vertex -1.368674e+00 -5.220652e-01 1.342020e+00
      vertex -1.349897e+00 -3.314136e-01 1.500000e+00
    endloop
  endfacet
  facet normal 0.000000e+00 0.000000e+00 0.000000e+00
    outer loop
      vertex -1.349897e+00 -3.314136e-01 1.500000e+00
      vertex -1.368674e+00 -5.220652e-01 1.342020e+00
      vertex -1.281837e+00 -3.596048e-01 1.342020e+00
    endloop
  endfacet
  facet normal 0.000000e+00 0.000000e+00 0.000000e+00
    outer loop
      vertex -1.349897e+00 -3.314136e-01 1.500000e+00
      vertex -1.281837e+00 -3.596048e-01 1.342020e+00
      vertex -1.300615e+00 -1.689532e-01 1.500000e+00
    endloop
  endfacet
  facet normal 0.000000e+00 0.000000e+00 0.000000e+00
    outer loop
      vertex -1.300615e+00 -1.689532e-01 1.500000e+00
      vertex -1.281837e+00 -3.596048e-01 1.342020e+00
      vertex -1.228363e+00 -1.833249e-01 1.342020e+00
    endloop
  endfacet
  facet normal 0.000000e+00 0.000000e+00 0.000000e+00
    outer loop
      vertex -1.300615e+00 -1.689532e-01 1.500000e+00
      vertex -1.228363e+00 -1.833249e-01 1.342020e+00
      vertex -1.283975e+00 -2.121150e-16 1.500000e+00
    endloop
  endfacet
  facet normal 0.000000e+00 0.000000e+00 0.000000e+00
    outer loop
      vertex -1.283975e+00 -2.121150e-16 1.500000e+00
      vertex -1.228363e+00 -1.833249e-01 1.342020e+00
      vertex -1.210307e+00 -2.301583e-16 1.342020e+00
    endloop
  endfacet
  facet normal 0.000000e+00 0.000000e+00 0.000000e+00
    outer loop
      vertex -1.210307e+00 0.000000e+00 1.342020e+00
      vertex -1.165192e+00 0.000000e+00 1.173648e+00
      vertex -1.228363e+00 1.833249e-01 1.342020e+00
    endloop
  endfacet
  facet normal 0.000000e+00 0.000000e+00 0.000000e+00
    outer loop
      vertex -1.228363e+00 1.833249e-01 1.342020e+00
      vertex -1.165192e+00 0.000000e+00 1.173648e+00
      vertex -1.184115e+00 1.921265e-01 1.173648e+00
    endloop
  endfacet
  facet normal 0.000000e+00 0.000000e+00 0.000000e+00
    outer loop
      vertex -1.228363e+00 1.833249e-01 1.342020e+00
      vertex -1.184115e+00 1.921265e-01 1.173648e+00
      vertex -1.281837e+00 3.596048e-01 1.342020e+00
    endloop
  endfacet
  facet normal 0.000000e+00 0.000000e+00 0.000000e+00
    outer loop
      vertex -1.281837e+00 3.596048e-01 1.342020e+00
      vertex -1.184115e+00 1.921265e-01 1.173648e+00
      vertex -1.240156e+00 3.768696e-01 1.173648e+00
    endloop
  endfacet
  facet normal 0.000000e+00 0.000000e+00 0.000000e+00
    outer loop
      vertex -1.281837e+00 3.596048e-01 1.342020e+00
      vertex -1.240156e+00 3.768696e-01 1.173648e+00
      vertex -1.368674e+00 5.220652e-01 1.342020e+00
    endloop
  endfacet
  facet normal 0.000000e+00 0.000000e+00 0.000000e+00
    outer loop
      vertex -1.368674e+00 5.220652e-01 1.342020e+00
      vertex -1.240156e+00 3.768696e-01 1.173648e+00
      vertex -1.331162e+00 5.471299e-01 1.173648e+00
    endloop
  endfacet
  facet normal 0.000000e+00 0.000000e+00 0.000000e+00
    outer loop
      vertex -1.368674e+00 5.220652e-01 1.342020e+00
      vertex -1.331162e+00 5.471299e-01 1.173648e+00
      vertex -1.485537e+00 6.644630e-01 1.342020e+00
    endloop
  endfacet
  facet normal 0.000000e+00 0.000000e+00 0.000000e+00
    outer loop
      vertex -1.485537e+00 6.644630e-01 1.342020e+00
      vertex -1.331162e+00 5.471299e-01 1.173648e+00
      vertex -1.453636e+00 6.963642e-01 1.173648e+00
    endloop
  endfacet
  facet normal 0.000000e+00 0.000000e+00 0.000000e+00
    outer loop
      vertex -1.485537e+00 6.644630e-01 1.342020e+00
      vertex -1.453636e+00 6.963642e-01 1.173648e+00
      vertex -1.627935e+00 7.813259e-01 1.342020e+00
    endloop
  endfacet
  facet normal 0.000000e+00 0.000000e+00 0.000000e+00
    outer loop
      vertex -1.627935e+00 7.813259e-01 1.342020e+00
      vertex -1.453636e+00 6.963642e-01 1.173648e+00
      vertex -1.602870e+00 8.188377e-01 1.173648e+00
    endloop
  endfacet
  facet normal 0.000000e+00 0.000000e+00 0.000000e+00
    outer loop
      vertex -1.627935e+00 7.813259e-01 1.342020e+00
      vertex -1.602870e+00 8.188377e-01 1.173648e+00
      vertex -1.790395e+00 8.681628e-01 1.342020e+00
    endloop
  endfacet
  facet normal 0.000000e+00 0.000000e+00 0.000000e+00
    outer loop
      vertex -1.790395e+00 8.681628e-01 1.342020e+00
      vertex -1.602870e+00 8.188377e-01 1.173648e+00
      vertex -1.773130e+00 9.098437e-01 1.173648e+00
    endloop
  endfacet
  facet normal 0.000000e+00 0.000000e+00 0.000000e+00
    outer loop
      vertex -1.790395e+00 8.681628e-01 1.342020e+00
      vertex -1.773130e+00 9.098437e-01 1.173648e+00
      vertex -1.966675e+00 9.216367e-01 1.342020e+00
    endloop
  endfacet
  facet normal 0.000000e+00 0.000000e+00 0.000000e+00
    outer loop
      vertex -1.966675e+00 9.216367e-01 1.342020e+00
      vertex -1.773130e+00 9.098437e-01 1.173648e+00
      vertex -1.957874e+00 9.658849e-01 1.173648e+00
    endloop
  endfacet
  facet normal 0.000000e+00 0.000000e+00 0.000000e+00
    outer loop
      vertex -1.966675e+00 9.216367e-01 1.342020e+00
      vertex -1.957874e+00 9.658849e-01 1.173648e+00
      vertex -2.150000e+00 9.396926e-01 1.342020e+00
    endloop
  endfacet
  facet normal 0.000000e+00 0.000000e+00 0.000000e+00
    outer loop
      vertex -2.150000e+00 9.396926e-01 1.342020e+00
      vertex -1.957874e+00 9.658849e-01 1.173648e+00
      vertex -2.150000e+00 9.848077e-01 1.173648e+00
    endloop
  endfacet
  facet normal 0.000000e+00 0.000000e+00 0.000000e+00
    outer loop
      vertex -2.150000e+00 9.396926e-01 1.342020e+00
      vertex -2.150000e+00 9.848077e-01 1.173648e+00
      vertex -2.333325e+00 9.216367e-01 1.342020e+00
    endloop
  endfacet
  facet normal 0.000000e+00 0.000000e+00 0.000000e+00
    outer loop
      vertex -2.333325e+00 9.216367e-01 1.342020e+00
      vertex -2.150000e+00 9.848077e-01 1.173648e+00
      vertex -2.342126e+00 9.658849e-01 1.173648e+00
    endloop
  endfacet
  facet normal 0.000000e+00 0.000000e+00 0.000000e+00
    outer loop
      vertex -2.333325e+00 9.216367e-01 1.342020e+00
      vertex -2.342126e+00 9.658849e-01 1.173648e+00
      vertex -2.509605e+00 8.681628e-01 1.342020e+00
    endloop
  endfacet
  facet normal 0.000000e+00 0.000000e+00 0.000000e+00
    outer loop
      vertex -2.509605e+00 8.681628e-01 1.342020e+00
      vertex -2.342126e+00 9.658849e-01 1.173648e+00
      vertex -2.526870e+00 9.098437e-01 1.173648e+00
    endloop
  endfacet
  facet normal 0.000000e+00 0.000000e+00 0.000000e+00
    outer loop
      vertex -2.509605e+00 8.681628e-01 1.342020e+00
      vertex -2.526870e+00 9.098437e-01 1.173648e+00
      vertex -2.672065e+00 7.813259e-01 1.342020e+00
    endloop
  endfacet
  facet normal 0.000000e+00 0.000000e+00 0.000000e+00
    outer loop
      vertex -2.672065e+00 7.813259e-01 1.342020e+00
      vertex -2.526870e+00 9.098437e-01 1.173648e+00
      vertex -2.697130e+00 8.188377e-01 1.173648e+00
    endloop
  endfacet
  facet normal 0.000000e+00 0.000000e+00 0.000000e+00
    outer loop
      vertex -2.672065e+00 7.813259e-01 1.342020e+00
      vertex -2.697130e+00 8.188377e-01 1.173648e+00
      vertex -2.814463e+00 6.644630e-01 1.342020e+00
    endloop
  endfacet
  facet normal 0.000000e+00 0.000000e+00 0.000000e+00
    outer loop
      vertex -2.814463e+00 6.644630e-01 1.342020e+00
      vertex -2.697130e+00 8.188377e-01 1.173648e+00
      vertex -2.846364e+00 6.963642e-01 1.173648e+00
    endloop
  endfacet
  facet normal 0.000000e+00 0.000000e+00 0.000000e+00
    outer loop
      vertex -2.814463e+00 6.644630e-01 1.342020e+00
      vertex -2.846364e+00 6.963642e-01 1.173648e+00
      vertex -2.931326e+00 5.220652e-01 1.342020e+00
    endloop
  endfacet
  facet normal 0.000000e+00 0.000000e+00 0.000000e+00
    outer loop
      vertex -2.931326e+00 5.220652e-01 1.342020e+00
      vertex -2.846364e+00 6.963642e-01 1.173648e+00
      vertex -2.968838e+00 5.471299e-01 1.173648e+00
    endloop
  endfacet
  facet normal 0.000000e+00 0.000000e+00 0.000000e+00
    outer loop
      vertex -2.931326e+00 5.220652e-01 1.342020e+00
      vertex -2.968838e+00 5.471299e-01 1.173648e+00
      vertex -3.018163e+00 3.596048e-01 1.342020e+00
    endloop
  endfacet
  facet normal 0.000000e+00 0.000000e+00 0.000000e+00
    outer loop
      vertex -3.018163e+00 3.596048e-01 1.342020e+00
      vertex -2.968838e+00 5.471299e-01 1.173648e+00
      vertex -3.059844e+00 3.768696e-01 1.173648e+00
    endloop
  endfacet
  facet normal 0.000000e+00 0.000000e+00 0.000000e+00
    outer loop
      vertex -3.018163e+00 3.596048e-01 1.342020e+00
      vertex -3.059844e+00 3.768696e-01 1.173648e+00
      vertex -3.071637e+00 1.833249e-01 1.342020e+00
    endloop
  endfacet
  facet normal 0.000000e+00 0.000000e+00 0.000000e+00
    outer loop
      vertex -3.071637e+00 1.833249e-01 1.342020e+00
      vertex -3.059844e+00 3.768696e-01 1.173648e+00
      vertex -3.115885e+00 1.921265e-01 1.173648e+00
    endloop
  endfacet
  facet normal 0.000000e+00 0.000000e+00 0.000000e+00
    outer loop
      vertex -3.071637e+00 1.833249e-01 1.342020e+00
      vertex -3.115885e+00 1.921265e-01 1.173648e+00
      vertex -3.089693e+00 1.150792e-16 1.342020e+00
    endloop
  endfacet
  facet normal 0.000000e+00 0.000000e+00 0.000000e+00
    outer loop
      vertex -3.089693e+00 1.150792e-16 1.342020e+00
      vertex -3.115885e+00 1.921265e-01 1.173648e+00
      vertex -3.134808e+00 1.206042e-16 1.173648e+00
    endloop
  endfacet
  facet normal 0.000000e+00 0.000000e+00 0.000000e+00
    outer loop
      vertex -3.089693e+00 1.150792e-16 1.342020e+00
      vertex -3.134808e+00 1.206042e-16 1.173648e+00
      vertex -3.071637e+00 -1.833249e-01 1.342020e+00
    endloop
  endfacet
  facet normal 0.000000e+00 0.000000e+00 0.000000e+00
    outer loop
      vertex -3.071637e+00 -1.833249e-01 1.342020e+00
      vertex -3.134808e+00 1.206042e-16 1.173648e+00
      vertex -3.115885e+00 -1.921265e-01 1.173648e+00
    endloop
  endfacet
  facet normal 0.000000e+00 0.000000e+00 0.000000e+00
    outer loop
      vertex -3.071637e+00 -1.833249e-01 1.342020e+00
      vertex -3.115885e+00 -1.921265e-01 1.173648e+00
      vertex -3.018163e+00 -3.596048e-01 1.342020e+00
    endloop
  endfacet
  facet normal 0.000000e+00 0.000000e+00 0.000000e+00
    outer loop
      vertex -3.018163e+00 -3.596048e-01 1.342020e+00
      vertex -3.115885e+00 -1.921265e-01 1.173648e+00
      vertex -3.059844e+00 -3.768696e-01 1.173648e+00
    endloop
  endfacet
  facet normal 0.000000e+00 0.000000e+00 0.000000e+00
    outer loop
      vertex -3.018163e+00 -3.596048e-01 1.342020e+00
      vertex -3.059844e+00 -3.768696e-01 1.173648e+00
      vertex -2.931326e+00 -5.220652e-01 1.342020e+00
    endloop
  endfacet
  facet normal 0.000000e+00 0.000000e+00 0.000000e+00
    outer loop
      vertex -2.931326e+00 -5.220652e-01 1.342020e+00
      vertex -3.059844e+00 -3.768696e-01 1.173648e+00
      vertex -2.968838e+00 -5.471299e-01 1.173648e+00
    endloop
  endfacet
  facet normal 0.000000e+00 0.000000e+00 0.000000e+00
    outer loop
      vertex -2.931326e+00 -5.220652e-01 1.342020e+00
      vertex -2.968838e+00 -5.471299e-01 1.173648e+00
      vertex -2.814463e+00 -6.644630e-01 1.342020e+00
    endloop
  endfacet
  facet normal 0.000000e+00 0.000000e+00 0.000000e+00
    outer loop
      vertex -2.814463e+00 -6.644630e-01 1.342020e+00
      vertex -2.968838e+00 -5.471299e-01 1.173648e+00
      vertex -2.846364e+00 -6.963642e-01 1.173648e+00
    endloop
  endfacet
  facet normal 0.000000e+00 0.000000e+00 0.000000e+00
    outer loop
      vertex -2.814463e+00 -6.644630e-01 1.342020e+00
      vertex -2.846364e+00 -6.963642e-01 1.173648e+00
      vertex -2.672065e+00 -7.813259e-01 1.342020e+00
    endloop
  endfacet
  facet normal 0.000000e+00 0.000000e+00 0.000000e+00
    outer loop
      vertex -2.672065e+00 -7.813259e-01 1.342020e+00
      vertex -2.846364e+00 -6.963642e-01 1.173648e+00
      vertex -2.697130e+00 -8.188377e-01 1.173648e+00
    endloop
  endfacet
  facet normal 0.000000e+00 0.000000e+00 0.000000e+00
    outer loop
      vertex -2.672065e+00 -7.813259e-01 1.342020e+00
      vertex -2.697130e+00 -8.188377e-01 1.173648e+00
      vertex -2.509605e+00 -8.681628e-01 1.342020e+00
    endloop
  endfacet
  facet normal 0.000000e+00 0.000000e+00 0.000000e+00
    outer loop
      vertex -2.509605e+00 -8.681628e-01 1.342020e+00
      vertex -2.697130e+00 -8.188377e-01 1.173648e+00
      vertex -2.526870e+00 -9.098437e-01 1.173648e+00
    endloop
  endfacet
  facet normal 0.000000e+00 0.000000e+00 0.000000e+00
    outer loop
      vertex -2.509605e+00 -8.681628e-01 1.342020e+00
      vertex -2.526870e+00 -9.098437e-01 1.173648e+00
      vertex -2.333325e+00 -9.216367e-01 1.342020e+00
    endloop
  endfacet
  facet normal 0.000000e+00 0.000000e+00 0.000000e+00
    outer loop
      vertex -2.333325e+00 -9.216367e-01 1.342020e+00
      vertex -2.526870e+00 -9.098437e-01 1.173648e+00
      vertex -2.342126e+00 -9.658849e-01 1.173648e+00
    endloop
  endfacet
  facet normal 0.000000e+00 0.000000e+00 0.000000e+00
    outer loop
      vertex -2.333325e+00 -9.216367e-01 1.342020e+00
      vertex -2.342126e+00 -9.658849e-01 1.173648e+00
      vertex -2.150000e+00 -9.396926e-01 1.342020e+00
    endloop
  endfacet
  facet normal 0.000000e+00 0.000000e+00 0.000000e+00
    outer loop
      vertex -2.150000e+00 -9.396926e-01 1.342020e+00
      vertex -2.342126e+00 -9.658849e-01 1.173648e+00
      vertex -2.150000e+00 -9.848077e-01 1.173648e+00
    endloop
  endfacet
  facet normal 0.000000e+00 0.000000e+00 0.000000e+00
    outer loop
      vertex -2.150000e+00 -9.396926e-01 1.342020e+00
      vertex -2.150000e+00 -9.848077e-01 1.173648e+00
      vertex -1.966675e+00 -9.216367e-01 1.342020e+00
    endloop
  endfacet
  facet normal 0.000000e+00 0.000000e+00 0.000000e+00
    outer loop
      vertex -1.966675e+00 -9.216367e-01 1.342020e+00
      vertex -2.150000e+00 -9.848077e-01 1.173648e+00
      vertex -1.957874e+00 -9.658849e-01 1.173648e+00
    endloop
  endfacet
  facet normal 0.000000e+00 0.000000e+00 0.000000e+00
    outer loop
      vertex -1.966675e+00 -9.216367e-01 1.342020e+00
      vertex -1.957874e+00 -9.658849e-01 1.173648e+00
      vertex -1.790395e+00 -8.681628e-01 1.342020e+00
    endloop
  endfacet
  facet normal 0.000000e+00 0.000000e+00 0.000000e+00
    outer loop
      vertex -1.790395e+00 -8.681628e-01 1.342020e+00
      vertex -1.957874e+00 -9.658849e-01 1.173648e+00
      vertex -1.773130e+00 -9.098437e-01 1.173648e+00
    endloop
  endfacet
  facet normal 0.000000e+00 0.000000e+00 0.000000e+00
    outer loop
      vertex -1.790395e+00 -8.681628e-01 1.342020e+00
      vertex -1.773130e+00 -9.098437e-01 1.173648e+00
      vertex -1.627935e+00 -7.813259e-01 1.342020e+00
    endloop
  endfacet
  facet normal 0.000000e+00 0.000000e+00 0.000000e+00
    outer loop
      vertex -1.627935e+00 -7.813259e-01 1.342020e+00
      vertex -1.773130e+00 -9.098437e-01 1.173648e+00
      vertex -1.602870e+00 -8.188377e-01 1.173648e+00
    endloop
  endfacet
  facet normal 0.000000e+00 0.000000e+00 0.000000e+00
    outer loop
      vertex -1.627935e+00 -7.813259e-01 1.342020e+00
      vertex -1.602870e+00 -8.188377e-01 1.173648e+00
      vertex -1.485537e+00 -6.644630e-01 1.342020e+00
    endloop
  endfacet
  facet normal 0.000000e+00 0.000000e+00 0.000000e+00
    outer loop
      vertex -1.485537e+00 -6.644630e-01 1.342020e+00
      vertex -1.602870e+00 -8.188377e-01 1.173648e+00
      vertex -1.453636e+00 -6.963642e-01 1.173648e+00
    endloop
  endfacet
  facet normal 0.000000e+00 0.000000e+00 0.000000e+00
    outer loop
      vertex -1.485537e+00 -6.644630e-01 1.342020e+00
      vertex -1.453636e+00 -6.963642e-01 1.173648e+00
      vertex -1.368674e+00 -5.220652e-01 1.342020e+00
    endloop
  endfacet
  facet normal 0.000000e+00 0.000000e+00 0.000000e+00
    outer loop
      vertex -1.368674e+00 -5.220652e-01 1.342020e+00
      vertex -1.453636e+00 -6.963642e-01 1.173648e+00
      vertex -1.331162e+00 -5.471299e-01 1.173648e+00
    endloop
  endfacet
  facet normal 0.000000e+00 0.000000e+00 0.000000e+00
    outer loop
      vertex -1.368674e+00 -5.220652e-01 1.342020e+00
      vertex -1.331162e+00 -5.471299e-01 1.173648e+00
      vertex -1.281837e+00 -3.596048e-01 1.342020e+00
    endloop
  endfacet
  facet normal 0.000000e+00 0.000000e+00 0.000000e+00
    outer loop
      vertex -1.281837e+00 -3.596048e-01 1.342020e+00
      vertex -1.331162e+00 -5.471299e-01 1.173648e+00
      vertex -1.240156e+00 -3.768696e-01 1.173648e+00
    endloop
  endfacet
  facet normal 0.000000e+00 0.000000e+00 0.000000e+00
    outer loop
      vertex -1.281837e+00 -3.596048e-01 1.342020e+00
      vertex -1.240156e+00 -3.768696e-01 1.173648e+00
      vertex -1.228363e+00 -1.833249e-01 1.342020e+00
    endloop
  endfacet
  facet normal 0.000000e+00 0.000000e+00 0.000000e+00
    outer loop
      vertex -1.228363e+00 -1.833249e-01 1.342020e+00
      vertex -1.240156e+00 -3.768696e-01 1.173648e+00
      vertex -1.184115e+00 -1.921265e-01 1.173648e+00
    endloop
  endfacet
  facet normal 0.000000e+00 0.000000e+00 0.000000e+00
    outer loop
      vertex -1.228363e+00 -1.833249e-01 1.342020e+00
      vertex -1.184115e+00 -1.921265e-01 1.173648e+00
      vertex -1.210307e+00 -2.301583e-16 1.342020e+00
    endloop
  endfacet
  facet normal 0.000000e+00 0.000000e+00 0.000000e+00
    outer loop
      vertex -1.210307e+00 -2.301583e-16 1.342020e+00
      vertex -1.184115e+00 -1.921265e-01 1.173648e+00
      vertex -1.165192e+00 -2.412083e-16 1.173648e+00
    endloop
  endfacet
  facet normal 0.000000e+00 0.000000e+00 0.000000e+00
    outer loop
      vertex -1.165192e+00 0.000000e+00 1.173648e+00
      vertex -1.150000e+00 0.000000e+00 1.000000e+00
      vertex -1.184115e+00 1.921265e-01 1.173648e+00
    endloop
  endfacet
  facet normal 0.000000e+00 0.000000e+00 0.000000e+00
    outer loop
      vertex -1.184115e+00 1.921265e-01 1.173648e+00
      vertex -1.150000e+00 0.000000e+00 1.000000e+00
      vertex -1.169215e+00 1.950903e-01 1.000000e+00
    endloop
  endfacet
  facet normal 0.000000e+00 0.000000e+00 0.000000e+00
    outer loop
      vertex -1.184115e+00 1.921265e-01 1.173648e+00
      vertex -1.169215e+00 1.950903e-01 1.000000e+00
      vertex -1.240156e+00 3.768696e-01 1.173648e+00
    endloop
  endfacet
  facet normal 0.000000e+00 0.000000e+00 0.000000e+00
    outer loop
      vertex -1.240156e+00 3.768696e-01 1.173648e+00
      vertex -1.169215e+00 1.950903e-01 1.000000e+00
      vertex -1.226120e+00 3.826834e-01 1.000000e+00
    endloop
  endfacet
  facet normal 0.000000e+00 0.000000e+00 0.000000e+00
    outer loop
      vertex -1.240156e+00 3.768696e-01 1.173648e+00
      vertex -1.226120e+00 3.826834e-01 1.000000e+00
      vertex -1.331162e+00 5.471299e-01 1.173648e+00
    endloop
  endfacet
  facet normal 0.000000e+00 0.000000e+00 0.000000e+00
    outer loop
      vertex -1.331162e+00 5.471299e-01 1.173648e+00
      vertex -1.226120e+00 3.826834e-01 1.000000e+00
      vertex -1.318530e+00 5.555702e-01 1.000000e+00
    endloop
  endfacet
  facet normal 0.000000e+00 0.000000e+00 0.000000e+00
    outer loop
      vertex -1.331162e+00 5.471299e-01 1.173648e+00
      vertex -1.318530e+00 5.555702e-01 1.000000e+00
      vertex -1.453636e+00 6.963642e-01 1.173648e+00
    endloop
  endfacet
  facet normal 0.000000e+00 0.000000e+00 0.000000e+00
    outer loop
      vertex -1.453636e+00 6.963642e-01 1.173648e+00
      vertex -1.318530e+00 5.555702e-01 1.000000e+00
      vertex -1.442893e+00 7.071068e-01 1.000000e+00
    endloop
  endfacet
  facet normal 0.000000e+00 0.000000e+00 0.000000e+00
    outer loop
      vertex -1.453636e+00 6.963642e-01 1.173648e+00
      vertex -1.442893e+00 7.071068e-01 1.000000e+00
      vertex -1.602870e+00 8.188377e-01 1.173648e+00
    endloop
  endfacet
  facet normal 0.000000e+00 0.000000e+00 0.000000e+00
    outer loop
      vertex -1.602870e+00 8.188377e-01 1.173648e+00
      vertex -1.442893e+00 7.071068e-01 1.000000e+00
      vertex -1.594430e+00 8.314696e-01 1.000000e+00
    endloop
  endfacet
  facet normal 0.000000e+00 0.000000e+00 0.000000e+00
    outer loop
      vertex -1.602870e+00 8.188377e-01 1.173648e+00
      vertex -1.594430e+00 8.314696e-01 1.000000e+00
      vertex -1.773130e+00 9.098437e-01 1.173648e+00
    endloop
  endfacet
  facet normal 0.000000e+00 0.000000e+00 0.000000e+00
    outer loop
      vertex -1.773130e+00 9.098437e-01 1.173648e+00
      vertex -1.594430e+00 8.314696e-01 1.000000e+00
      vertex -1.767317e+00 9.238795e-01 1.000000e+00
    endloop
  endfacet
  facet normal 0.000000e+00 0.000000e+00 0.000000e+00
    outer loop
      vertex -1.773130e+00 9.098437e-01 1.173648e+00
      vertex -1.767317e+00 9.238795e-01 1.000000e+00
      vertex -1.957874e+00 9.658849e-01 1.173648e+00
    endloop
  endfacet
  facet normal 0.000000e+00 0.000000e+00 0.000000e+00
    outer loop
      vertex -1.957874e+00 9.658849e-01 1.173648e+00
      vertex -1.767317e+00 9.238795e-01 1.000000e+00
      vertex -1.954910e+00 9.807853e-01 1.000000e+00
    endloop
  endfacet
  facet normal 0.000000e+00 0.000000e+00 0.000000e+00
    outer loop
      vertex -1.957874e+00 9.658849e-01 1.173648e+00
      vertex -1.954910e+00 9.807853e-01 1.000000e+00
      vertex -2.150000e+00 9.848077e-01 1.173648e+00
    endloop
  endfacet
  facet normal 0.000000e+00 0.000000e+00 0.000000e+00
    outer loop
      vertex -2.150000e+00 9.848077e-01 1.173648e+00
      vertex -1.954910e+00 9.807853e-01 1.000000e+00
      vertex -2.150000e+00 1.000000e+00 1.000000e+00
    endloop
  endfacet
  facet normal 0.000000e+00 0.000000e+00 0.000000e+00
    outer loop
      vertex -2.150000e+00 9.848077e-01 1.173648e+00
      vertex -2.150000e+00 1.000000e+00 1.000000e+00
      vertex -2.342126e+00 9.658849e-01 1.173648e+00
    endloop
  endfacet
  facet normal 0.000000e+00 0.000000e+00 0.000000e+00
    outer loop
      vertex -2.342126e+00 9.658849e-01 1.173648e+00
      vertex -2.150000e+00 1.000000e+00 1.000000e+00
      vertex -2.345090e+00 9.807853e-01 1.000000e+00
    endloop
  endfacet
  facet normal 0.000000e+00 0.000000e+00 0.000000e+00
    outer loop
      vertex -2.342126e+00 9.658849e-01 1.173648e+00
      vertex -2.345090e+00 9.807853e-01 1.000000e+00
      vertex -2.526870e+00 9.098437e-01 1.173648e+00
    endloop
  endfacet
  facet normal 0.000000e+00 0.000000e+00 0.000000e+00
    outer loop
      vertex -2.526870e+00 9.098437e-01 1.173648e+00
      vertex -2.345090e+00 9.807853e-01 1.000000e+00
      vertex -2.532683e+00 9.238795e-01 1.000000e+00
    endloop
  endfacet
  facet normal 0.000000e+00 0.000000e+00 0.000000e+00
    outer loop
      vertex -2.526870e+00 9.098437e-01 1.173648e+00
      vertex -2.532683e+00 9.238795e-01 1.000000e+00
      vertex -2.697130e+00 8.188377e-01 1.173648e+00
    endloop
  endfacet
  facet normal 0.000000e+00 0.000000e+00 0.000000e+00
    outer loop
      vertex -2.697130e+00 8.188377e-01 1.173648e+00
      vertex -2.532683e+00 9.238795e-01 1.000000e+00
      vertex -2.705570e+00 8.314696e-01 1.000000e+00
    endloop
  endfacet
  facet normal 0.000000e+00 0.000000e+00 0.000000e+00
    outer loop
      vertex -2.697130e+00 8.188377e-01 1.173648e+00
      vertex -2.705570e+00 8.314696e-01 1.000000e+00
      vertex -2.846364e+00 6.963642e-01 1.173648e+00
    endloop
  endfacet
  facet normal 0.000000e+00 0.000000e+00 0.000000e+00
    outer loop
      vertex -2.846364e+00 6.963642e-01 1.173648e+00
      vertex -2.705570e+00 8.314696e-01 1.000000e+00
      vertex -2.857107e+00 7.071068e-01 1.000000e+00
    endloop
  endfacet
  facet normal 0.000000e+00 0.000000e+00 0.000000e+00
    outer loop
      vertex -2.846364e+00 6.963642e-01 1.173648e+00
      vertex -2.857107e+00 7.071068e-01 1.000000e+00
      vertex -2.968838e+00 5.471299e-01 1.173648e+00
    endloop
  endfacet
  facet normal 0.000000e+00 0.000000e+00 0.000000e+00
    outer loop
      vertex -2.968838e+00 5.471299e-01 1.173648e+00
      vertex -2.857107e+00 7.071068e-01 1.000000e+00
      vertex -2.981470e+00 5.555702e-01 1.000000e+00
    endloop
  endfacet
  facet normal 0.000000e+00 0.000000e+00 0.000000e+00
    outer loop
      vertex -2.968838e+00 5.471299e-01 1.173648e+00
      vertex -2.981470e+00 5.555702e-01 1.000000e+00
      vertex -3.059844e+00 3.768696e-01 1.173648e+00
    endloop
  endfacet
  facet normal 0.000000e+00 0.000000e+00 0.000000e+00
    outer loop
      vertex -3.059844e+00 3.768696e-01 1.173648e+00
      vertex -2.981470e+00 5.555702e-01 1.000000e+00
      vertex -3.073879e+00 3.826834e-01 1.000000e+00
    endloop
  endfacet
  facet normal 0.000000e+00 0.000000e+00 0.000000e+00
    outer loop
      vertex -3.059844e+00 3.768696e-01 1.173648e+00
      vertex -3.073879e+00 3.826834e-01 1.000000e+00
      vertex -3.115885e+00 1.921265e-01 1.173648e+00
    endloop
  endfacet
  facet normal 0.000000e+00 0.000000e+00 0.000000e+00
    outer loop
      vertex -3.115885e+00 1.921265e-01 1.173648e+00
      vertex -3.073879e+00 3.826834e-01 1.000000e+00
      vertex -3.130785e+00 1.950903e-01 1.000000e+00
    endloop
  endfacet
  facet normal 0.000000e+00 0.000000e+00 0.000000e+00
    outer loop
      vertex -3.115885e+00 1.921265e-01 1.173648e+00
      vertex -3.130785e+00 1.950903e-01 1.000000e+00
      vertex -3.134808e+00 1.206042e-16 1.173648e+00
    endloop
  endfacet
  facet normal 0.000000e+00 0.000000e+00 0.000000e+00
    outer loop
      vertex -3.134808e+00 1.206042e-16 1.173648e+00
      vertex -3.130785e+00 1.950903e-01 1.000000e+00
      vertex -3.150000e+00 1.224647e-16 1.000000e+00
    endloop
  endfacet
  facet normal 0.000000e+00 0.000000e+00 0.000000e+00
    outer loop
      vertex -3.134808e+00 1.206042e-16 1.173648e+00
      vertex -3.150000e+00 1.224647e-16 1.000000e+00
      vertex -3.115885e+00 -1.921265e-01 1.173648e+00
    endloop
  endfacet
  facet normal 0.000000e+00 0.000000e+00 0.000000e+00
    outer loop
      vertex -3.115885e+00 -1.921265e-01 1.173648e+00
      vertex -3.150000e+00 1.224647e-16 1.000000e+00
      vertex -3.130785e+00 -1.950903e-01 1.000000e+00
    endloop
  endfacet
  facet normal 0.000000e+00 0.000000e+00 0.000000e+00
    outer loop
      vertex -3.115885e+00 -1.921265e-01 1.173648e+00
      vertex -3.130785e+00 -1.950903e-01 1.000000e+00
      vertex -3.059844e+00 -3.768696e-01 1.173648e+00
    endloop
  endfacet
  facet normal 0.000000e+00 0.000000e+00 0.000000e+00
    outer loop
      vertex -3.059844e+00 -3.768696e-01 1.173648e+00
      vertex -3.130785e+00 -1.950903e-01 1.000000e+00
      vertex -3.073879e+00 -3.826834e-01 1.000000e+00
    endloop
  endfacet
  facet normal 0.000000e+00 0.000000e+00 0.000000e+00
    outer loop
      vertex -3.059844e+00 -3.768696e-01 1.173648e+00
      vertex -3.073879e+00 -3.826834e-01 1.000000e+00
      vertex -2.968838e+00 -5.471299e-01 1.173648e+00
    endloop
  endfacet
  facet normal 0.000000e+00 0.000000e+00 0.000000e+00
    outer loop
      vertex -2.968838e+00 -5.471299e-01 1.173648e+00
      vertex -3.073879e+00 -3.826834e-01 1.000000e+00
      vertex -2.981470e+00 -5.555702e-01 1.000000e+00
    endloop
  endfacet
  facet normal 0.000000e+00 0.000000e+00 0.000000e+00
    outer loop
      vertex -2.968838e+00 -5.471299e-01 1.173648e+00
      vertex -2.981470e+00 -5.555702e-01 1.000000e+00
      vertex -2.846364e+00 -6.963642e-01 1.173648e+00
    endloop
  endfacet
  facet normal 0.000000e+00 0.000000e+00 0.000000e+00
    outer loop
      vertex -2.846364e+00 -6.963642e-01 1.173648e+00
      vertex -2.981470e+00 -5.555702e-01 1.000000e+00
      vertex -2.857107e+00 -7.071068e-01 1.000000e+00
    endloop
  endfacet
  facet normal 0.000000e+00 0.000000e+00 0.000000e+00
    outer loop
      vertex -2.846364e+00 -6.963642e-01 1.173648e+00
      vertex -2.857107e+00 -7.071068e-01 1.000000e+00
      vertex -2.697130e+00 -8.188377e-01 1.173648e+00
    endloop
  endfacet
  facet normal 0.000000e+00 0.000000e+00 0.000000e+00
    outer loop
      vertex -2.697130e+00 -8.188377e-01 1.173648e+00
      vertex -2.857107e+00 -7.071068e-01 1.000000e+00
      vertex -2.705570e+00 -8.314696e-01 1.000000e+00
    endloop
  endfacet
  facet normal 0.000000e+00 0.000000e+00 0.000000e+00
    outer loop
      vertex -2.697130e+00 -8.188377e-01 1.173648e+00
      vertex -2.705570e+00 -8.314696e-01 1.000000e+00
      vertex -2.526870e+00 -9.098437e-01 1.173648e+00
    endloop
  endfacet
  facet normal 0.000000e+00 0.000000e+00 0.000000e+00
    outer loop
      vertex -2.526870e+00 -9.098437e-01 1.173648e+00
      vertex -2.705570e+00 -8.314696e-01 1.000000e+00
      vertex -2.532683e+00 -9.238795e-01 1.000000e+00
    endloop
  endfacet
  facet normal 0.000000e+00 0.000000e+00 0.000000e+00
    outer loop
      vertex -2.526870e+00 -9.098437e-01 1.173648e+00
      vertex -2.532683e+00 -9.238795e-01 1.000000e+00
      vertex -2.342126e+00 -9.658849e-01 1.173648e+00
    endloop
  endfacet
  facet normal 0.000000e+00 0.000000e+00 0.000000e+00
    outer loop
      vertex -2.342126e+00 -9.658849e-01 1.173648e+00
      vertex -2.532683e+00 -9.238795e-01 1.000000e+00
      vertex -2.345090e+00 -9.807853e-01 1.000000e+00
    endloop
  endfacet
  facet normal 0.000000e+00 0.000000e+00 0.000000e+00
    outer loop
      vertex -2.342126e+00 -9.658849e-01 1.173648e+00
      vertex -2.345090e+00 -9.807853e-01 1.000000e+00
      vertex -2.150000e+00 -9.848077e-01 1.173648e+00
    endloop
  endfacet
  facet normal 0.000000e+00 0.000000e+00 0.000000e+00
    outer loop
      vertex -2.150000e+00 -9.848077e-01 1.173648e+00
      vertex -2.345090e+00 -9.807853e-01 1.000000e+00
      vertex -2.150000e+00 -1.000000e+00 1.000000e+00
    endloop
  endfacet
  facet normal 0.000000e+00 0.000000e+00 0.000000e+00
    outer loop
      vertex -2.150000e+00 -9.848077e-01 1.173648e+00
      vertex -2.150000e+00 -1.000000e+00 1.000000e+00
      vertex -1.957874e+00 -9.658849e-01 1.173648e+00
    endloop
  endfacet
  facet normal 0.000000e+00 0.000000e+00 0.000000e+00
    outer loop
      vertex -1.957874e+00 -9.658849e-01 1.173648e+00
      vertex -2.150000e+00 -1.000000e+00 1.000000e+00
      vertex -1.954910e+00 -9.807853e-01 1.000000e+00
    endloop
  endfacet
  facet normal 0.000000e+00 0.000000e+00 0.000000e+00
    outer loop
      vertex -1.957874e+00 -9.658849e-01 1.173648e+00
      vertex -1.954910e+00 -9.807853e-01 1.000000e+00
      vertex -1.773130e+00 -9.098437e-01 1.173648e+00
    endloop
  endfacet
  facet normal 0.000000e+00 0.000000e+00 0.000000e+00
    outer loop
      vertex -1.773130e+00 -9.098437e-01 1.173648e+00
      vertex -1.954910e+00 -9.807853e-01 1.000000e+00
      vertex -1.767317e+00 -9.238795e-01 1.000000e+00
    endloop
  endfacet
  facet normal 0.000000e+00 0.000000e+00 0.000000e+00
    outer loop
      vertex -1.773130e+00 -9.098437e-01 1.173648e+00
      vertex -1.767317e+00 -9.238795e-01 1.000000e+00
      vertex -1.602870e+00 -8.188377e-01 1.173648e+00
    endloop
  endfacet
  facet normal 0.000000e+00 0.000000e+00 0.000000e+00
    outer loop
      vertex -1.602870e+00 -8.188377e-01 1.173648e+00
      vertex -1.767317e+00 -9.238795e-01 1.000000e+00
      vertex -1.594430e+00 -8.314696e-01 1.000000e+00
    endloop
  endfacet
  facet normal 0.000000e+00 0.000000e+00 0.000000e+00
    outer loop
      vertex -1.602870e+00 -8.188377e-01 1.173648e+00
      vertex -1.594430e+00 -8.314696e-01 1.000000e+00
      vertex -1.453636e+00 -6.963642e-01 1.173648e+00
    endloop
  endfacet
  facet normal 0.000000e+00 0.000000e+00 0.000000e+00
    outer loop
      vertex -1.453636e+00 -6.963642e-01 1.173648e+00
      vertex -1.594430e+00 -8.314696e-01 1.000000e+00
      vertex -1.442893e+00 -7.071068e-01 1.000000e+00
    endloop
  endfacet
  facet normal 0.000000e+00 0.000000e+00 0.000000e+00
    outer loop
      vertex -1.453636e+00 -6.963642e-01 1.173648e+00
      vertex -1.442893e+00 -7.071068e-01 1.000000e+00
      vertex -1.331162e+00 -5.471299e-01 1.173648e+00
    endloop
  endfacet
  facet normal 0.000000e+00 0.000000e+00 0.000000e+00
    outer loop
      vertex -1.331162e+00 -5.471299e-01 1.173648e+00
      vertex -1.442893e+00 -7.071068e-01 1.000000e+00
      vertex -1.318530e+00 -5.555702e-01 1.000000e+00
    endloop
  endfacet
  facet normal 0.000000e+00 0.000000e+00 0.000000e+00
    outer loop
      vertex -1.331162e+00 -5.471299e-01 1.173648e+00
      vertex -1.318530e+00 -5.555702e-01 1.000000e+00
      vertex -1.240156e+00 -3.768696e-01 1.173648e+00
    endloop
  endfacet
  facet normal 0.000000e+00 0.000000e+00 0.000000e+00
    outer loop
      vertex -1.240156e+00 -3.768696e-01 1.173648e+00
      vertex -1.318530e+00 -5.555702e-01 1.000000e+00
      vertex -1.226120e+00 -3.826834e-01 1.000000e+00
    endloop
  endfacet
  facet normal 0.000000e+00 0.000000e+00 0.000000e+00
    outer loop
      vertex -1.240156e+00 -3.768696e-01 1.173648e+00
      vertex -1.226120e+00 -3.826834e-01 1.000000e+00
      vertex -1.184115e+00 -1.921265e-01 1.173648e+00
    endloop
  endfacet
  facet normal 0.000000e+00 0.000000e+00 0.000000e+00
    outer loop
      vertex -1.184115e+00 -1.921265e-01 1.173648e+00
      vertex -1.226120e+00 -3.826834e-01 1.000000e+00
      vertex -1.169215e+00 -1.950903e-01 1.000000e+00
    endloop
  endfacet
  facet normal 0.000000e+00 0.000000e+00 0.000000e+00
    outer loop
      vertex -1.184115e+00 -1.921265e-01 1.173648e+00
      vertex -1.169215e+00 -1.950903e-01 1.000000e+00
      vertex -1.165192e+00 -2.412083e-16 1.173648e+00
    endloop
  endfacet
  facet normal 0.000000e+00 0.000000e+00 0.000000e+00
    outer loop
      vertex -1.165192e+00 -2.412083e-16 1.173648e+00
      vertex -1.169215e+00 -1.950903e-01 1.000000e+00
      vertex -1.150000e+00 -2.449294e-16 1.000000e+00
    endloop
  endfacet
  facet normal 0.000000e+00 0.000000e+00 0.000000e+00
    outer loop
      vertex -1.150000e+00 0.000000e+00 1.000000e+00
      vertex -1.165192e+00 0.000000e+00 8.263518e-01
      vertex -1.169215e+00 1.950903e-01 1.000000e+00
    endloop
  endfacet
  facet normal 0.000000e+00 0.000000e+00 0.000000e+00
    outer loop
      vertex -1.169215e+00 1.950903e-01 1.000000e+00
      vertex -1.165192e+00 0.000000e+00 8.263518e-01
      vertex -1.184115e+00 1.921265e-01 8.263518e-01
    endloop
  endfacet
  facet normal 0.000000e+00 0.000000e+00 0.000000e+00
    outer loop
      vertex -1.169215e+00 1.950903e-01 1.000000e+00
      vertex -1.184115e+00 1.921265e-01 8.263518e-01
      vertex -1.226120e+00 3.826834e-01 1.000000e+00
    endloop
  endfacet
  facet normal 0.000000e+00 0.000000e+00 0.000000e+00
    outer loop
      vertex -1.226120e+00 3.826834e-01 1.000000e+00
      vertex -1.184115e+00 1.921265e-01 8.263518e-01
      vertex -1.240156e+00 3.768696e-01 8.263518e-01
    endloop
  endfacet
  facet normal 0.000000e+00 0.000000e+00 0.000000e+00
    outer loop
      vertex -1.226120e+00 3.826834e-01 1.000000e+00
      vertex -1.240156e+00 3.768696e-01 8.263518e-01
      vertex -1.318530e+00 5.555702e-01 1.000000e+00
    endloop
  endfacet
  facet normal 0.000000e+00 0.000000e+00 0.000000e+00
    outer loop
      vertex -1.318530e+00 5.555702e-01 1.000000e+00
      vertex -1.240156e+00 3.768696e-01 8.263518e-01
      vertex -1.331162e+00 5.471299e-01 8.263518e-01
    endloop
  endfacet
  facet normal 0.000000e+00 0.000000e+00 0.000000e+00
    outer loop
      vertex -1.318530e+00 5.555702e-01 1.000000e+00
      vertex -1.331162e+00 5.471299e-01 8.263518e-01
      vertex -1.442893e+00 7.071068e-01 1.000000e+00
    endloop
  endfacet
  facet normal 0.000000e+00 0.000000e+00 0.000000e+00
    outer loop
      vertex -1.442893e+00 7.071068e-01 1.000000e+00
      vertex -1.331162e+00 5.471299e-01 8.263518e-01
      vertex -1.453636e+00 6.963642e-01 8.263518e-01
    endloop
  endfacet
  facet normal 0.000000e+00 0.000000e+00 0.000000e+00
    outer loop
      vertex -1.442893e+00 7.071068e-01 1.000000e+00
      vertex -1.453636e+00 6.963642e-01 8.263518e-01
      vertex -1.594430e+00 8.314696e-01 1.000000e+00
    endloop
  endfacet
  facet normal 0.000000e+00 0.000000e+00 0.000000e+00
    outer loop
      vertex -1.594430e+00 8.314696e-01 1.000000e+00
      vertex -1.453636e+00 6.963642e-01 8.263518e-01
      vertex -1.602870e+00 8.188377e-01 8.263518e-01
    endloop
  endfacet
  facet normal 0.000000e+00 0.000000e+00 0.000000e+00
    outer loop
      vertex -1.594430e+00 8.314696e-01 1.000000e+00
      vertex -1.602870e+00 8.188377e-01 8.263518e-01
      vertex -1.767317e+00 9.238795e-01 1.000000e+00
    endloop
  endfacet
  facet normal 0.000000e+00 0.000000e+00 0.000000e+00
    outer loop
      vertex -1.767317e+00 9.238795e-01 1.000000e+00
      vertex -1.602870e+00 8.188377e-01 8.263518e-01
      vertex -1.773130e+00 9.098437e-01 8.263518e-01
    endloop
  endfacet
  facet normal 0.000000e+00 0.000000e+00 0.000000e+00
    outer loop
      vertex -1.767317e+00 9.238795e-01 1.000000e+00
      vertex -1.773130e+00 9.098437e-01 8.263518e-01
      vertex -1.954910e+00 9.807853e-01 1.000000e+00
    endloop
  endfacet
  facet normal 0.000000e+00 0.000000e+00 0.000000e+00
    outer loop
      vertex -1.954910e+00 9.807853e-01 1.000000e+00
      vertex -1.773130e+00 9.098437e-01 8.263518e-01
      vertex -1.957874e+00 9.658849e-01 8.263518e-01
    endloop
  endfacet
  facet normal 0.000000e+00 0.000000e+00 0.000000e+00
    outer loop
      vertex -1.954910e+00 9.807853e-01 1.000000e+00
      vertex -1.957874e+00 9.658849e-01 8.263518e-01
      vertex -2.150000e+00 1.000000e+00 1.000000e+00
    endloop
  endfacet
  facet normal 0.000000e+00 0.000000e+00 0.000000e+00
    outer loop
      vertex -2.150000e+00 1.000000e+00 1.000000e+00
      vertex -1.957874e+00 9.658849e-01 8.263518e-01
      vertex -2.150000e+00 9.848077e-01 8.263518e-01
    endloop
  endfacet
  facet normal 0.000000e+00 0.000000e+00 0.000000e+00
    outer loop
      vertex -2.150000e+00 1.000000e+00 1.000000e+00
      vertex -2.150000e+00 9.848077e-01 8.263518e-01
      vertex -2.345090e+00 9.807853e-01 1.000000e+00
    endloop
  endfacet
  facet normal 0.000000e+00 0.000000e+00 0.000000e+00
    outer loop
      vertex -2.345090e+00 9.807853e-01 1.000000e+00
      vertex -2.150000e+00 9.848077e-01 8.263518e-01
      vertex -2.342126e+00 9.658849e-01 8.263518e-01
    endloop
  endfacet
  facet normal 0.000000e+00 0.000000e+00 0.000000e+00
    outer loop
      vertex -2.345090e+00 9.807853e-01 1.000000e+00
      vertex -2.342126e+00 9.658849e-01 8.263518e-01
      vertex -2.532683e+00 9.238795e-01 1.000000e+00
    endloop
  endfacet
  facet normal 0.000000e+00 0.000000e+00 0.000000e+00
    outer loop
      vertex -2.532683e+00 9.238795e-01 1.000000e+00
      vertex -2.342126e+00 9.658849e-01 8.263518e-01
      vertex -2.526870e+00 9.098437e-01 8.263518e-01
    endloop
  endfacet
  facet normal 0.000000e+00 0.000000e+00 0.000000e+00
    outer loop
      vertex -2.532683e+00 9.238795e-01 1.000000e+00
      vertex -2.526870e+00 9.098437e-01 8.263518e-01
      vertex -2.705570e+00 8.314696e-01 1.000000e+00
    endloop
  endfacet
  facet normal 0.000000e+00 0.000000e+00 0.000000e+00
    outer loop
      vertex -2.705570e+00 8.314696e-01 1.000000e+00
      vertex -2.526870e+00 9.098437e-01 8.263518e-01
      vertex -2.697130e+00 8.188377e-01 8.263518e-01
    endloop
  endfacet
  facet normal 0.000000e+00 0.000000e+00 0.000000e+00
    outer loop
      vertex -2.705570e+00 8.314696e-01 1.000000e+00
      vertex -2.697130e+00 8.188377e-01 8.263518e-01
      vertex -2.857107e+00 7.071068e-01 1.000000e+00
    endloop
  endfacet
  facet normal 0.000000e+00 0.000000e+00 0.000000e+00
    outer loop
      vertex -2.857107e+00 7.071068e-01 1.000000e+00
      vertex -2.697130e+00 8.188377e-01 8.263518e-01
      vertex -2.846364e+00 6.963642e-01 8.263518e-01
    endloop
  endfacet
  facet normal 0.000000e+00 0.000000e+00 0.000000e+00
    outer loop
      vertex -2.857107e+00 7.071068e-01 1.000000e+00
      vertex -2.846364e+00 6.963642e-01 8.263518e-01
      vertex -2.981470e+00 5.555702e-01 1.000000e+00
    endloop
  endfacet
  facet normal 0.000000e+00 0.000000e+00 0.000000e+00
    outer loop
      vertex -2.981470e+00 5.555702e-01 1.000000e+00
      vertex -2.846364e+00 6.963642e-01 8.263518e-01
      vertex -2.968838e+00 5.471299e-01 8.263518e-01
    endloop
  endfacet
  facet normal 0.000000e+00 0.000000e+00 0.000000e+00
    outer loop
      vertex -2.981470e+00 5.555702e-01 1.000000e+00
      vertex -2.968838e+00 5.471299e-01 8.263518e-01
      vertex -3.073879e+00 3.826834e-01 1.000000e+00
    endloop
  endfacet
  facet normal 0.000000e+00 0.000000e+00 0.000000e+00
    outer loop
      vertex -3.073879e+00 3.826834e-01 1.000000e+00
      vertex -2.968838e+00 5.471299e-01 8.263518e-01
      vertex -3.059844e+00 3.768696e-01 8.263518e-01
    endloop
  endfacet
  facet normal 0.000000e+00 0.000000e+00 0.000000e+00
    outer loop
      vertex -3.073879e+00 3.826834e-01 1.000000e+00
      vertex -3.059844e+00 3.768696e-01 8.263518e-01
      vertex -3.130785e+00 1.950903e-01 1.000000e+00
    endloop
  endfacet
  facet normal 0.000000e+00 0.000000e+00 0.000000e+00
    outer loop
      vertex -3.130785e+00 1.950903e-01 1.000000e+00
      vertex -3.059844e+00 3.768696e-01 8.263518e-01
      vertex -3.115885e+00 1.921265e-01 8.263518e-01
    endloop
  endfacet
  facet normal 0.000000e+00 0.000000e+00 0.000000e+00
    outer loop
      vertex -3.130785e+00 1.950903e-01 1.000000e+00
      vertex -3.115885e+00 1.921265e-01 8.263518e-01
      vertex -3.150000e+00 1.224647e-16 1.000000e+00
    endloop
  endfacet
  facet normal 0.000000e+00 0.000000e+00 0.000000e+00
    outer loop
      vertex -3.150000e+00 1.224647e-16 1.000000e+00
      vertex -3.115885e+00 1.921265e-01 8.263518e-01
      vertex -3.134808e+00 1.206042e-16 8.263518e-01
    endloop
  endfacet
  facet normal 0.000000e+00 0.000000e+00 0.000000e+00
    outer loop
      vertex -3.150000e+00 1.224647e-16 1.000000e+00
      vertex -3.134808e+00 1.206042e-16 8.263518e-01
      vertex -3.130785e+00 -1.950903e-01 1.000000e+00
    endloop
  endfacet
  facet normal 0.000000e+00 0.000000e+00 0.000000e+00
    outer loop
      vertex -3.130785e+00 -1.950903e-01 1.000000e+00
      vertex -3.134808e+00 1.206042e-16 8.263518e-01
      vertex -3.115885e+00 -1.921265e-01 8.263518e-01
    endloop
  endfacet
  facet normal 0.000000e+00 0.000000e+00 0.000000e+00
    outer loop
      vertex -3.130785e+00 -1.950903e-01 1.000000e+00
      vertex -3.115885e+00 -1.921265e-01 8.263518e-01
      vertex -3.073879e+00 -3.826834e-01 1.000000e+00
    endloop
  endfacet
  facet normal 0.000000e+00 0.000000e+00 0.000000e+00
    outer loop
      vertex -3.073879e+00 -3.826834e-01 1.000000e+00
      vertex -3.115885e+00 -1.921265e-01 8.263518e-01
      vertex -3.059844e+00 -3.768696e-01 8.263518e-01
    endloop
  endfacet
  facet normal 0.000000e+00 0.000000e+00 0.000000e+00
    outer loop
      vertex -3.073879e+00 -3.826834e-01 1.000000e+00
      vertex -3.059844e+00 -3.768696e-01 8.263518e-01
      vertex -2.981470e+00 -5.555702e-01 1.000000e+00
    endloop
  endfacet
  facet normal 0.000000e+00 0.000000e+00 0.000000e+00
    outer loop
      vertex -2.981470e+00 -5.555702e-01 1.000000e+00
      vertex -3.059844e+00 -3.768696e-01 8.263518e-01
      vertex -2.968838e+00 -5.471299e-01 8.263518e-01
    endloop
  endfacet
  facet normal 0.000000e+00 0.000000e+00 0.000000e+00
    outer loop
      vertex -2.981470e+00 -5.555702e-01 1.000000e+00
      vertex -2.968838e+00 -5.471299e-01 8.263518e-01
      vertex -2.857107e+00 -7.071068e-01 1.000000e+00
    endloop
  endfacet
  facet normal 0.000000e+00 0.000000e+00 0.000000e+00
    outer loop
      vertex -2.857107e+00 -7.071068e-01 1.000000e+00
      vertex -2.968838e+00 -5.471299e-01 8.263518e-01
      vertex -2.846364e+00 -6.963642e-01 8.263518e-01
    endloop
  endfacet
  facet normal 0.000000e+00 0.000000e+00 0.000000e+00
    outer loop
      vertex -2.857107e+00 -7.071068e-01 1.000000e+00
      vertex -2.846364e+00 -6.963642e-01 8.263518e-01
      vertex -2.705570e+00 -8.314696e-01 1.000000e+00
    endloop
  endfacet
  facet normal 0.000000e+00 0.000000e+00 0.000000e+00
    outer loop
      vertex -2.705570e+00 -8.314696e-01 1.000000e+00
      vertex -2.846364e+00 -6.963642e-01 8.263518e-01
      vertex -2.697130e+00 -8.188377e-01 8.263518e-01
    endloop
  endfacet
  facet normal 0.000000e+00 0.000000e+00 0.000000e+00
    outer loop
      vertex -2.705570e+00 -8.314696e-01 1.000000e+00
      vertex -2.697130e+00 -8.188377e-01 8.263518e-01
      vertex -2.532683e+00 -9.238795e-01 1.000000e+00
    endloop
  endfacet
  facet normal 0.000000e+00 0.000000e+00 0.000000e+00
    outer loop
      vertex -2.532683e+00 -9.238795e-01 1.000000e+00
      vertex -2.697130e+00 -8.188377e-01 8.263518e-01
      vertex -2.526870e+00 -9.098437e-01 8.263518e-01
    endloop
  endfacet
  facet normal 0.000000e+00 0.000000e+00 0.000000e+00
    outer loop
      vertex -2.532683e+00 -9.238795e-01 1.000000e+00
      vertex -2.526870e+00 -9.098437e-01 8.263518e-01
      vertex -2.345090e+00 -9.807853e-01 1.000000e+00
    endloop
  endfacet
  facet normal 0.000000e+00 0.000000e+00 0.000000e+00
    outer loop
      vertex -2.345090e+00 -9.807853e-01 1.000000e+00
      vertex -2.526870e+00 -9.098437e-01 8.263518e-01
      vertex -2.342126e+00 -9.658849e-01 8.263518e-01
    endloop
  endfacet
  facet normal 0.000000e+00 0.000000e+00 0.000000e+00
    outer loop
      vertex -2.345090e+00 -9.807853e-01 1.000000e+00
      vertex -2.342126e+00 -9.658849e-01 8.263518e-01
      vertex -2.150000e+00 -1.000000e+00 1.000000e+00
    endloop
  endfacet
  facet normal 0.000000e+00 0.000000e+00 0.000000e+00
    outer loop
      vertex -2.150000e+00 -1.000000e+00 1.000000e+00
      vertex -2.342126e+00 -9.658849e-01 8.263518e-01
      vertex -2.150000e+00 -9.848077e-01 8.263518e-01
    endloop
  endfacet
  facet normal 0.000000e+00 0.000000e+00 0.000000e+00
    outer loop
      vertex -2.150000e+00 -1.000000e+00 1.000000e+00
      vertex -2.150000e+00 -9.848077e-01 8.263518e-01
      vertex -1.954910e+00 -9.807853e-01 1.000000e+00
    endloop
  endfacet
  facet normal 0.000000e+00 0.000000e+00 0.000000e+00
    outer loop
      vertex -1.954910e+00 -9.807853e-01 1.000000e+00
      vertex -2.150000e+00 -9.848077e-01 8.263518e-01
      vertex -1.957874e+00 -9.658849e-01 8.263518e-01
    endloop
  endfacet
  facet normal 0.000000e+00 0.000000e+00 0.000000e+00
    outer loop
      vertex -1.954910e+00 -9.807853e-01 1.000000e+00
      vertex -1.957874e+00 -9.658849e-01 8.263518e-01
      vertex -1.767317e+00 -9.238795e-01 1.000000e+00
    endloop
  endfacet
  facet normal 0.000000e+00 0.000000e+00 0.000000e+00
    outer loop
      vertex -1.767317e+00 -9.238795e-01 1.000000e+00
      vertex -1.957874e+00 -9.658849e-01 8.263518e-01
      vertex -1.773130e+00 -9.098437e-01 8.263518e-01
    endloop
  endfacet
  facet normal 0.000000e+00 0.000000e+00 0.000000e+00
    outer loop
      vertex -1.767317e+00 -9.238795e-01 1.000000e+00
      vertex -1.773130e+00 -9.098437e-01 8.263518e-01
      vertex -1.594430e+00 -8.314696e-01 1.000000e+00
    endloop
  endfacet
  facet normal 0.000000e+00 0.000000e+00 0.000000e+00
    outer loop
      vertex -1.594430e+00 -8.314696e-01 1.000000e+00
      vertex -1.773130e+00 -9.098437e-01 8.263518e-01
      vertex -1.602870e+00 -8.188377e-01 8.263518e-01
    endloop
  endfacet
  facet normal 0.000000e+00 0.000000e+00 0.000000e+00
    outer loop
      vertex -1.594430e+00 -8.314696e-01 1.000000e+00
      vertex -1.602870e+00 -8.188377e-01 8.263518e-01
      vertex -1.442893e+00 -7.071068e-01 1.000000e+00
    endloop
  endfacet
  facet normal 0.000000e+00 0.000000e+00 0.000000e+00
    outer loop
      vertex -1.442893e+00 -7.071068e-01 1.000000e+00
      vertex -1.602870e+00 -8.188377e-01 8.263518e-01
      vertex -1.453636e+00 -6.963642e-01 8.263518e-01
    endloop
  endfacet
  facet normal 0.000000e+00 0.000000e+00 0.000000e+00
    outer loop
      vertex -1.442893e+00 -7.071068e-01 1.000000e+00
      vertex -1.453636e+00 -6.963642e-01 8.263518e-01
      vertex -1.318530e+00 -5.555702e-01 1.000000e+00
    endloop
  endfacet
  facet normal 0.000000e+00 0.000000e+00 0.000000e+00
    outer loop
      vertex -1.318530e+00 -5.555702e-01 1.000000e+00
      vertex -1.453636e+00 -6.963642e-01 8.263518e-01
      vertex -1.331162e+00 -5.471299e-01 8.263518e-01
    endloop
  endfacet
  facet normal 0.000000e+00 0.000000e+00 0.000000e+00
    outer loop
      vertex -1.318530e+00 -5.555702e-01 1.000000e+00
      vertex -1.331162e+00 -5.471299e-01 8.263518e-01
      vertex -1.226120e+00 -3.826834e-01 1.000000e+00
    endloop
  endfacet
  facet normal 0.000000e+00 0.000000e+00 0.000000e+00
    outer loop
      vertex -1.226120e+00 -3.826834e-01 1.000000e+00
      vertex -1.331162e+00 -5.471299e-01 8.263518e-01
      vertex -1.240156e+00 -3.768696e-01 8.263518e-01
    endloop
  endfacet
  facet normal 0.000000e+00 0.000000e+00 0.000000e+00
    outer loop
      vertex -1.226120e+00 -3.826834e-01 1.000000e+00
      vertex -1.240156e+00 -3.768696e-01 8.263518e-01
      vertex -1.169215e+00 -1.950903e-01 1.000000e+00
    endloop
  endfacet
  facet normal 0.000000e+00 0.000000e+00 0.000000e+00
    outer loop
      vertex -1.169215e+00 -1.950903e-01 1.000000e+00
      vertex -1.240156e+00 -3.768696e-01 8.263518e-01
      vertex -1.184115e+00 -1.921265e-01 8.263518e-01
    endloop
  endfacet
  facet normal 0.000000e+00 0.000000e+00 0.000000e+00
    outer loop
      vertex -1.169215e+00 -1.950903e-01 1.000000e+00
      vertex -1.184115e+00 -1.921265e-01 8.263518e-01
      vertex -1.150000e+00 -2.449294e-16 1.000000e+00
    endloop
  endfacet
  facet normal 0.000000e+00 0.000000e+00 0.000000e+00
    outer loop
      vertex -1.150000e+00 -2.449294e-16 1.000000e+00
      vertex -1.184115e+00 -1.921265e-01 8.263518e-01
      vertex -1.165192e+00 -2.412083e-16 8.263518e-01
    endloop
  endfacet
  facet normal 0.000000e+00 0.000000e+00 0.000000e+00
    outer loop
      vertex -1.165192e+00 0.000000e+00 8.263518e-01
      vertex -1.210307e+00 0.000000e+00 6.579798e-01
      vertex -1.184115e+00 1.921265e-01 8.263518e-01
    endloop
  endfacet
  facet normal 0.000000e+00 0.000000e+00 0.000000e+00
    outer loop
      vertex -1.184115e+00 1.921265e-01 8.263518e-01
      vertex -1.210307e+00 0.000000e+00 6.579798e-01
      vertex -1.228363e+00 1.833249e-01 6.579798e-01
    endloop
  endfacet
  facet normal 0.000000e+00 0.000000e+00 0.000000e+00
    outer loop
      vertex -1.184115e+00 1.921265e-01 8.263518e-01
      vertex -1.228363e+00 1.833249e-01 6.579798e-01
      vertex -1.240156e+00 3.768696e-01 8.263518e-01
    endloop
  endfacet
  facet normal 0.000000e+00 0.000000e+00 0.000000e+00
    outer loop
      vertex -1.240156e+00 3.768696e-01 8.263518e-01
      vertex -1.228363e+00 1.833249e-01 6.579798e-01
      vertex -1.281837e+00 3.596048e-01 6.579798e-01
    endloop
  endfacet
  facet normal 0.000000e+00 0.000000e+00 0.000000e+00
    outer loop
      vertex -1.240156e+00 3.768696e-01 8.263518e-01
      vertex -1.281837e+00 3.596048e-01 6.579798e-01
      vertex -1.331162e+00 5.471299e-01 8.263518e-01
    endloop
  endfacet
  facet normal 0.000000e+00 0.000000e+00 0.000000e+00
    outer loop
      vertex -1.331162e+00 5.471299e-01 8.263518e-01
      vertex -1.281837e+00 3.596048e-01 6.579798e-01
      vertex -1.368674e+00 5.220652e-01 6.579798e-01
    endloop
  endfacet
  facet normal 0.000000e+00 0.000000e+00 0.000000e+00
    outer loop
      vertex -1.331162e+00 5.471299e-01 8.263518e-01
      vertex -1.368674e+00 5.220652e-01 6.579798e-01
      vertex -1.453636e+00 6.963642e-01 8.263518e-01
    endloop
  endfacet
  facet normal 0.000000e+00 0.000000e+00 0.000000e+00
    outer loop
      vertex -1.453636e+00 6.963642e-01 8.263518e-01
      vertex -1.368674e+00 5.220652e-01 6.579798e-01
      vertex -1.485537e+00 6.644630e-01 6.579798e-01
    endloop
  endfacet
  facet normal 0.000000e+00 0.000000e+00 0.000000e+00
    outer loop
      vertex -1.453636e+00 6.963642e-01 8.263518e-01
      vertex -1.485537e+00 6.644630e-01 6.579798e-01
      vertex -1.602870e+00 8.188377e-01 8.263518e-01
    endloop
  endfacet
  facet normal 0.000000e+00 0.000000e+00 0.000000e+00
    outer loop
      vertex -1.602870e+00 8.188377e-01 8.263518e-01
      vertex -1.485537e+00 6.644630e-01 6.579798e-01
      vertex -1.627935e+00 7.813259e-01 6.579798e-01
    endloop
  endfacet
  facet normal 0.000000e+00 0.000000e+00 0.000000e+00
    outer loop
      vertex -1.602870e+00 8.188377e-01 8.263518e-01
      vertex -1.627935e+00 7.813259e-01 6.579798e-01
      vertex -1.773130e+00 9.098437e-01 8.263518e-01
    endloop
  endfacet
  facet normal 0.000000e+00 0.000000e+00 0.000000e+00
    outer loop
      vertex -1.773130e+00 9.098437e-01 8.263518e-01
      vertex -1.627935e+00 7.813259e-01 6.579798e-01
      vertex -1.790395e+00 8.681628e-01 6.579798e-01
    endloop
  endfacet
  facet normal 0.000000e+00 0.000000e+00 0.000000e+00
    outer loop
      vertex -1.773130e+00 9.098437e-01 8.263518e-01
      vertex -1.790395e+00 8.681628e-01 6.579798e-01
      vertex -1.957874e+00 9.658849e-01 8.263518e-01
    endloop
  endfacet
  facet normal 0.000000e+00 0.000000e+00 0.000000e+00
    outer loop
      vertex -1.957874e+00 9.658849e-01 8.263518e-01
      vertex -1.790395e+00 8.681628e-01 6.579798e-01
      vertex -1.966675e+00 9.216367e-01 6.579798e-01
    endloop
  endfacet
  facet normal 0.000000e+00 0.000000e+00 0.000000e+00
    outer loop
      vertex -1.957874e+00 9.658849e-01 8.263518e-01
      vertex -1.966675e+00 9.216367e-01 6.579798e-01
      vertex -2.150000e+00 9.848077e-01 8.263518e-01
    endloop
  endfacet
  facet normal 0.000000e+00 0.000000e+00 0.000000e+00
    outer loop
      vertex -2.150000e+00 9.848077e-01 8.263518e-01
      vertex -1.966675e+00 9.216367e-01 6.579798e-01
      vertex -2.150000e+00 9.396926e-01 6.579798e-01
    endloop
  endfacet
  facet normal 0.000000e+00 0.000000e+00 0.000000e+00
    outer loop
      vertex -2.150000e+00 9.848077e-01 8.263518e-01
      vertex -2.150000e+00 9.396926e-01 6.579798e-01
      vertex -2.342126e+00 9.658849e-01 8.263518e-01
    endloop
  endfacet
  facet normal 0.000000e+00 0.000000e+00 0.000000e+00
    outer loop
      vertex -2.342126e+00 9.658849e-01 8.263518e-01
      vertex -2.150000e+00 9.396926e-01 6.579798e-01
      vertex -2.333325e+00 9.216367e-01 6.579798e-01
    endloop
  endfacet
  facet normal 0.000000e+00 0.000000e+00 0.000000e+00
    outer loop
      vertex -2.342126e+00 9.658849e-01 8.263518e-01
      vertex -2.333325e+00 9.216367e-01 6.579798e-01
      vertex -2.526870e+00 9.098437e-01 8.263518e-01
    endloop
  endfacet
  facet normal 0.000000e+00 0.000000e+00 0.000000e+00
    outer loop
      vertex -2.526870e+00 9.098437e-01 8.263518e-01
      vertex -2.333325e+00 9.216367e-01 6.579798e-01
      vertex -2.509605e+00 8.681628e-01 6.579798e-01
    endloop
  endfacet
  facet normal 0.000000e+00 0.000000e+00 0.000000e+00
    outer loop
      vertex -2.526870e+00 9.098437e-01 8.263518e-01
      vertex -2.509605e+00 8.681628e-01 6.579798e-01
      vertex -2.697130e+00 8.188377e-01 8.263518e-01
    endloop
  endfacet
  facet normal 0.000000e+00 0.000000e+00 0.000000e+00
    outer loop
      vertex -2.697130e+00 8.188377e-01 8.263518e-01
      vertex -2.509605e+00 8.681628e-01 6.579798e-01
      vertex -2.672065e+00 7.813259e-01 6.579798e-01
    endloop
  endfacet
  facet normal 0.000000e+00 0.000000e+00 0.000000e+00
    outer loop
      vertex -2.697130e+00 8.188377e-01 8.263518e-01
      vertex -2.672065e+00 7.813259e-01 6.579798e-01
      vertex -2.846364e+00 6.963642e-01 8.263518e-01
    endloop
  endfacet
  facet normal 0.000000e+00 0.000000e+00 0.000000e+00
    outer loop
      vertex -2.846364e+00 6.963642e-01 8.263518e-01
      vertex -2.672065e+00 7.813259e-01 6.579798e-01
      vertex -2.814463e+00 6.644630e-01 6.579798e-01
    endloop
  endfacet
  facet normal 0.000000e+00 0.000000e+00 0.000000e+00
    outer loop
      vertex -2.846364e+00 6.963642e-01 8.263518e-01
      vertex -2.814463e+00 6.644630e-01 6.579798e-01
      vertex -2.968838e+00 5.471299e-01 8.263518e-01
    endloop
  endfacet
  facet normal 0.000000e+00 0.000000e+00 0.000000e+00
    outer loop
      vertex -2.968838e+00 5.471299e-01 8.263518e-01
      vertex -2.814463e+00 6.644630e-01 6.579798e-01
      vertex -2.931326e+00 5.220652e-01 6.579798e-01
    endloop
  endfacet
  facet normal 0.000000e+00 0.000000e+00 0.000000e+00
    outer loop
      vertex -2.968838e+00 5.471299e-01 8.263518e-01
      vertex -2.931326e+00 5.220652e-01 6.579798e-01
      vertex -3.059844e+00 3.768696e-01 8.263518e-01
    endloop
  endfacet
  facet normal 0.000000e+00 0.000000e+00 0.000000e+00
    outer loop
      vertex -3.059844e+00 3.768696e-01 8.263518e-01
      vertex -2.931326e+00 5.220652e-01 6.579798e-01
      vertex -3.018163e+00 3.596048e-01 6.579798e-01
    endloop
  endfacet
  facet normal 0.000000e+00 0.000000e+00 0.000000e+00
    outer loop
      vertex -3.059844e+00 3.768696e-01 8.263518e-01
      vertex -3.018163e+00 3.596048e-01 6.579798e-01
      vertex -3.115885e+00 1.921265e-01 8.263518e-01
    endloop
  endfacet
  facet normal 0.000000e+00 0.000000e+00 0.000000e+00
    outer loop
      vertex -3.115885e+00 1.921265e-01 8.263518e-01
      vertex -3.018163e+00 3.596048e-01 6.579798e-01
      vertex -3.071637e+00 1.833249e-01 6.579798e-01
    endloop
  endfacet
  facet normal 0.000000e+00 0.000000e+00 0.000000e+00
    outer loop
      vertex -3.115885e+00 1.921265e-01 8.263518e-01
      vertex -3.071637e+00 1.833249e-01 6.579798e-01
      vertex -3.134808e+00 1.206042e-16 8.263518e-01
    endloop
  endfacet
  facet normal 0.000000e+00 0.000000e+00 0.000000e+00
    outer loop
      vertex -3.134808e+00 1.206042e-16 8.263518e-01
      vertex -3.071637e+00 1.833249e-01 6.579798e-01
      vertex -3.089693e+00 1.150792e-16 6.579798e-01
    endloop
  endfacet
  facet normal 0.000000e+00 0.000000e+00 0.000000e+00
    outer loop
      vertex -3.134808e+00 1.206042e-16 8.263518e-01
      vertex -3.089693e+00 1.150792e-16 6.579798e-01
      vertex -3.115885e+00 -1.921265e-01 8.263518e-01
    endloop
  endfacet
  facet normal 0.000000e+00 0.000000e+00 0.000000e+00
    outer loop
      vertex -3.115885e+00 -1.921265e-01 8.263518e-01
      vertex -3.089693e+00 1.150792e-16 6.579798e-01
      vertex -3.071637e+00 -1.833249e-01 6.579798e-01
    endloop
  endfacet
  facet normal 0.000000e+00 0.000000e+00 0.000000e+00
    outer loop
      vertex -3.115885e+00 -1.921265e-01 8.263518e-01
      vertex -3.071637e+00 -1.833249e-01 6.579798e-01
      vertex -3.059844e+00 -3.768696e-01 8.263518e-01
    endloop
  endfacet
  facet normal 0.000000e+00 0.000000e+00 0.000000e+00
    outer loop
      vertex -3.059844e+00 -3.768696e-01 8.263518e-01
      vertex -3.071637e+00 -1.833249e-01 6.579798e-01
      vertex -3.018163e+00 -3.596048e-01 6.579798e-01
    endloop
  endfacet
  facet normal 0.000000e+00 0.000000e+00 0.000000e+00
    outer loop
      vertex -3.059844e+00 -3.768696e-01 8.263518e-01
      vertex -3.018163e+00 -3.596048e-01 6.579798e-01
      vertex -2.968838e+00 -5.471299e-01 8.263518e-01
    endloop
  endfacet
  facet normal 0.000000e+00 0.000000e+00 0.000000e+00
    outer loop
      vertex -2.968838e+00 -5.471299e-01 8.263518e-01
      vertex -3.018163e+00 -3.596048e-01 6.579798e-01
      vertex -2.931326e+00 -5.220652e-01 6.579798e-01
    endloop
  endfacet
  facet normal 0.000000e+00 0.000000e+00 0.000000e+00
    outer loop
      vertex -2.968838e+00 -5.471299e-01 8.263518e-01
      vertex -2.931326e+00 -5.220652e-01 6.579798e-01
      vertex -2.846364e+00 -6.963642e-01 8.263518e-01
    endloop
  endfacet
  facet normal 0.000000e+00 0.000000e+00 0.000000e+00
    outer loop
      vertex -2.846364e+00 -6.963642e-01 8.263518e-01
      vertex -2.931326e+00 -5.220652e-01 6.579798e-01
      vertex -2.814463e+00 -6.644630e-01 6.579798e-01
    endloop
  endfacet
  facet normal 0.000000e+00 0.000000e+00 0.000000e+00
    outer loop
      vertex -2.846364e+00 -6.963642e-01 8.263518e-01
      vertex -2.814463e+00 -6.644630e-01 6.579798e-01
      vertex -2.697130e+00 -8.188377e-01 8.263518e-01
    endloop
  endfacet
  facet normal 0.000000e+00 0.000000e+00 0.000000e+00
    outer loop
      vertex -2.697130e+00 -8.188377e-01 8.263518e-01
      vertex -2.814463e+00 -6.644630e-01 6.579798e-01
      vertex -2.672065e+00 -7.813259e-01 6.579798e-01
    endloop
  endfacet
  facet normal 0.000000e+00 0.000000e+00 0.000000e+00
    outer loop
      vertex -2.697130e+00 -8.188377e-01 8.263518e-01
      vertex -2.672065e+00 -7.813259e-01 6.579798e-01
      vertex -2.526870e+00 -9.098437e-01 8.263518e-01
    endloop
  endfacet
  facet normal 0.000000e+00 0.000000e+00 0.000000e+00
    outer loop
      vertex -2.526870e+00 -9.098437e-01 8.263518e-01
      vertex -2.672065e+00 -7.813259e-01 6.579798e-01
      vertex -2.509605e+00 -8.681628e-01 6.579798e-01
    endloop
  endfacet
  facet normal 0.000000e+00 0.000000e+00 0.000000e+00
    outer loop
      vertex -2.526870e+00 -9.098437e-01 8.263518e-01
      vertex -2.509605e+00 -8.681628e-01 6.579798e-01
      vertex -2.342126e+00 -9.658849e-01 8.263518e-01
    endloop
  endfacet
  facet normal 0.000000e+00 0.000000e+00 0.000000e+00
    outer loop
      vertex -2.342126e+00 -9.658849e-01 8.263518e-01
      vertex -2.509605e+00 -8.681628e-01 6.579798e-01
      vertex -2.333325e+00 -9.216367e-01 6.579798e-01
    endloop
  endfacet
  facet normal 0.000000e+00 0.000000e+00 0.000000e+00
    outer loop
      vertex -2.342126e+00 -9.658849e-01 8.263518e-01
      vertex -2.333325e+00 -9.216367e-01 6.579798e-01
      vertex -2.150000e+00 -9.848077e-01 8.263518e-01
    endloop
  endfacet
  facet normal 0.000000e+00 0.000000e+00 0.000000e+00
    outer loop
      vertex -2.150000e+00 -9.848077e-01 8.263518e-01
      vertex -2.333325e+00 -9.216367e-01 6.579798e-01
      vertex -2.150000e+00 -9.396926e-01 6.579798e-01
    endloop
  endfacet
  facet normal 0.000000e+00 0.000000e+00 0.000000e+00
    outer loop
      vertex -2.150000e+00 -9.848077e-01 8.263518e-01
      vertex -2.150000e+00 -9.396926e-01 6.579798e-01
      vertex -1.957874e+00 -9.658849e-01 8.263518e-01
    endloop
  endfacet
  facet normal 0.000000e+00 0.000000e+00 0.000000e+00
    outer loop
      vertex -1.957874e+00 -9.658849e-01 8.263518e-01
      vertex -2.150000e+00 -9.396926e-01 6.579798e-01
      vertex -1.966675e+00 -9.216367e-01 6.579798e-01
    endloop
  endfacet
  facet normal 0.000000e+00 0.000000e+00 0.000000e+00
    outer loop
      vertex -1.957874e+00 -9.658849e-01 8.263518e-01
      vertex -1.966675e+00 -9.216367e-01 6.579798e-01
      vertex -1.773130e+00 -9.098437e-01 8.263518e-01
    endloop
  endfacet
  facet normal 0.000000e+00 0.000000e+00 0.000000e+00
    outer loop
      vertex -1.773130e+00 -9.098437e-01 8.263518e-01
      vertex -1.966675e+00 -9.216367e-01 6.579798e-01
      vertex -1.790395e+00 -8.681628e-01 6.579798e-01
    endloop
  endfacet
  facet normal 0.000000e+00 0.000000e+00 0.000000e+00
    outer loop
      vertex -1.773130e+00 -9.098437e-01 8.263518e-01
      vertex -1.790395e+00 -8.681628e-01 6.579798e-01
      vertex -1.602870e+00 -8.188377e-01 8.263518e-01
    endloop
  endfacet
  facet normal 0.000000e+00 0.000000e+00 0.000000e+00
    outer loop
      vertex -1.602870e+00 -8.188377e-01 8.263518e-01
      vertex -1.790395e+00 -8.681628e-01 6.579798e-01
      vertex -1.627935e+00 -7.813259e-01 6.579798e-01
    endloop
  endfacet
  facet normal 0.000000e+00 0.000000e+00 0.000000e+00
    outer loop
      vertex -1.602870e+00 -8.188377e-01 8.263518e-01
      vertex -1.627935e+00 -7.813259e-01 6.579798e-01
      vertex -1.453636e+00 -6.963642e-01 8.263518e-01
    endloop
  endfacet
  facet normal 0.000000e+00 0.000000e+00 0.000000e+00
    outer loop
      vertex -1.453636e+00 -6.963642e-01 8.263518e-01
      vertex -1.627935e+00 -7.813259e-01 6.579798e-01
      vertex -1.485537e+00 -6.644630e-01 6.579798e-01
    endloop
  endfacet
  facet normal 0.000000e+00 0.000000e+00 0.000000e+00
    outer loop
      vertex -1.453636e+00 -6.963642e-01 8.263518e-01
      vertex -1.485537e+00 -6.644630e-01 6.579798e-01
      vertex -1.331162e+00 -5.471299e-01 8.263518e-01
    endloop
  endfacet
  facet normal 0.000000e+00 0.000000e+00 0.000000e+00
    outer loop
      vertex -1.331162e+00 -5.471299e-01 8.263518e-01
      vertex -1.485537e+00 -6.644630e-01 6.579798e-01
      vertex -1.368674e+00 -5.220652e-01 6.579798e-01
    endloop
  endfacet
  facet normal 0.000000e+00 0.000000e+00 0.000000e+00
    outer loop
      vertex -1.331162e+00 -5.471299e-01 8.263518e-01
      vertex -1.368674e+00 -5.220652e-01 6.579798e-01
      vertex -1.240156e+00 -3.768696e-01 8.263518e-01
    endloop
  endfacet
  facet normal 0.000000e+00 0.000000e+00 0.000000e+00
    outer loop
      vertex -1.240156e+00 -3.768696e-01 8.263518e-01
      vertex -1.368674e+00 -5.220652e-01 6.579798e-01
      vertex -1.281837e+00 -3.596048e-01 6.579798e-01
    endloop
  endfacet
  facet normal 0.000000e+00 0.000000e+00 0.000000e+00
    outer loop
      vertex -1.240156e+00 -3.768696e-01 8.263518e-01
      vertex -1.281837e+00 -3.596048e-01 6.579798e-01
      vertex -1.184115e+00 -1.921265e-01 8.263518e-01
    endloop
  endfacet
  facet normal 0.000000e+00 0.000000e+00 0.000000e+00
    outer loop
      vertex -1.184115e+00 -1.921265e-01 8.263518e-01
      vertex -1.281837e+00 -3.596048e-01 6.579798e-01
      vertex -1.228363e+00 -1.833249e-01 6.579798e-01
    endloop
  endfacet
  facet normal 0.000000e+00 0.000000e+00 0.000000e+00
    outer loop
      vertex -1.184115e+00 -1.921265e-01 8.263518e-01
      vertex -1.228363e+00 -1.833249e-01 6.579798e-01
      vertex -1.165192e+00 -2.412083e-16 8.263518e-01
    endloop
  endfacet
  facet normal 0.000000e+00 0.000000e+00 0.000000e+00
    outer loop
      vertex -1.165192e+00 -2.412083e-16 8.263518e-01
      vertex -1.228363e+00 -1.833249e-01 6.579798e-01
      vertex -1.210307e+00 -2.301583e-16 6.579798e-01
    endloop
  endfacet
  facet normal 0.000000e+00 0.000000e+00 0.000000e+00
    outer loop
      vertex -1.210307e+00 0.000000e+00 6.579798e-01
      vertex -1.283975e+00 0.000000e+00 5.000000e-01
      vertex -1.228363e+00 1.833249e-01 6.579798e-01
    endloop
  endfacet
  facet normal 0.000000e+00 0.000000e+00 0.000000e+00
    outer loop
      vertex -1.228363e+00 1.833249e-01 6.579798e-01
      vertex -1.283975e+00 0.000000e+00 5.000000e-01
      vertex -1.300615e+00 1.689532e-01 5.000000e-01
    endloop
  endfacet
  facet normal 0.000000e+00 0.000000e+00 0.000000e+00
    outer loop
      vertex -1.228363e+00 1.833249e-01 6.579798e-01
      vertex -1.300615e+00 1.689532e-01 5.000000e-01
      vertex -1.281837e+00 3.596048e-01 6.579798e-01
    endloop
  endfacet
  facet normal 0.000000e+00 0.000000e+00 0.000000e+00
    outer loop
      vertex -1.281837e+00 3.596048e-01 6.579798e-01
      vertex -1.300615e+00 1.689532e-01 5.000000e-01
      vertex -1.349897e+00 3.314136e-01 5.000000e-01
    endloop
  endfacet
  facet normal 0.000000e+00 0.000000e+00 0.000000e+00
    outer loop
      vertex -1.281837e+00 3.596048e-01 6.579798e-01
      vertex -1.349897e+00 3.314136e-01 5.000000e-01
      vertex -1.368674e+00 5.220652e-01 6.579798e-01
    endloop
  endfacet
  facet normal 0.000000e+00 0.000000e+00 0.000000e+00
    outer loop
      vertex -1.368674e+00 5.220652e-01 6.579798e-01
      vertex -1.349897e+00 3.314136e-01 5.000000e-01
      vertex -1.429926e+00 4.811379e-01 5.000000e-01
    endloop
  endfacet
  facet normal 0.000000e+00 0.000000e+00 0.000000e+00
    outer loop
      vertex -1.368674e+00 5.220652e-01 6.579798e-01
      vertex -1.429926e+00 4.811379e-01 5.000000e-01
      vertex -1.485537e+00 6.644630e-01 6.579798e-01
    endloop
  endfacet
  facet normal 0.000000e+00 0.000000e+00 0.000000e+00
    outer loop
      vertex -1.485537e+00 6.644630e-01 6.579798e-01
      vertex -1.429926e+00 4.811379e-01 5.000000e-01
      vertex -1.537628e+00 6.123725e-01 5.000000e-01
    endloop
  endfacet
  facet normal 0.000000e+00 0.000000e+00 0.000000e+00
    outer loop
      vertex -1.485537e+00 6.644630e-01 6.579798e-01
      vertex -1.537628e+00 6.123725e-01 5.000000e-01
      vertex -1.627935e+00 7.813259e-01 6.579798e-01
    endloop
  endfacet
  facet normal 0.000000e+00 0.000000e+00 0.000000e+00
    outer loop
      vertex -1.627935e+00 7.813259e-01 6.579798e-01
      vertex -1.537628e+00 6.123725e-01 5.000000e-01
      vertex -1.668862e+00 7.200738e-01 5.000000e-01
    endloop
  endfacet
  facet normal 0.000000e+00 0.000000e+00 0.000000e+00
    outer loop
      vertex -1.627935e+00 7.813259e-01 6.579798e-01
      vertex -1.668862e+00 7.200738e-01 5.000000e-01
      vertex -1.790395e+00 8.681628e-01 6.579798e-01
    endloop
  endfacet
  facet normal 0.000000e+00 0.000000e+00 0.000000e+00
    outer loop
      vertex -1.790395e+00 8.681628e-01 6.579798e-01
      vertex -1.668862e+00 7.200738e-01 5.000000e-01
      vertex -1.818586e+00 8.001031e-01 5.000000e-01
    endloop
  endfacet
  facet normal 0.000000e+00 0.000000e+00 0.000000e+00
    outer loop
      vertex -1.790395e+00 8.681628e-01 6.579798e-01
      vertex -1.818586e+00 8.001031e-01 5.000000e-01
      vertex -1.966675e+00 9.216367e-01 6.579798e-01
    endloop
  endfacet
  facet normal 0.000000e+00 0.000000e+00 0.000000e+00
    outer loop
      vertex -1.966675e+00 9.216367e-01 6.579798e-01
      vertex -1.818586e+00 8.001031e-01 5.000000e-01
      vertex -1.981047e+00 8.493850e-01 5.000000e-01
    endloop
  endfacet
  facet normal 0.000000e+00 0.000000e+00 0.000000e+00
    outer loop
      vertex -1.966675e+00 9.216367e-01 6.579798e-01
      vertex -1.981047e+00 8.493850e-01 5.000000e-01
      vertex -2.150000e+00 9.396926e-01 6.579798e-01
    endloop
  endfacet
  facet normal 0.000000e+00 0.000000e+00 0.000000e+00
    outer loop
      vertex -2.150000e+00 9.396926e-01 6.579798e-01
      vertex -1.981047e+00 8.493850e-01 5.000000e-01
      vertex -2.150000e+00 8.660254e-01 5.000000e-01
    endloop
  endfacet
  facet normal 0.000000e+00 0.000000e+00 0.000000e+00
    outer loop
      vertex -2.150000e+00 9.396926e-01 6.579798e-01
      vertex -2.150000e+00 8.660254e-01 5.000000e-01
      vertex -2.333325e+00 9.216367e-01 6.579798e-01
    endloop
  endfacet
  facet normal 0.000000e+00 0.000000e+00 0.000000e+00
    outer loop
      vertex -2.333325e+00 9.216367e-01 6.579798e-01
      vertex -2.150000e+00 8.660254e-01 5.000000e-01
      vertex -2.318953e+00 8.493850e-01 5.000000e-01
    endloop
  endfacet
  facet normal 0.000000e+00 0.000000e+00 0.000000e+00
    outer loop
      vertex -2.333325e+00 9.216367e-01 6.579798e-01
      vertex -2.318953e+00 8.493850e-01 5.000000e-01
      vertex -2.509605e+00 8.681628e-01 6.579798e-01
    endloop
  endfacet
  facet normal 0.000000e+00 0.000000e+00 0.000000e+00
    outer loop
      vertex -2.509605e+00 8.681628e-01 6.579798e-01
      vertex -2.318953e+00 8.493850e-01 5.000000e-01
      vertex -2.481414e+00 8.001031e-01 5.000000e-01
    endloop
  endfacet
  facet normal 0.000000e+00 0.000000e+00 0.000000e+00
    outer loop
      vertex -2.509605e+00 8.681628e-01 6.579798e-01
      vertex -2.481414e+00 8.001031e-01 5.000000e-01
      vertex -2.672065e+00 7.813259e-01 6.579798e-01
    endloop
  endfacet
  facet normal 0.000000e+00 0.000000e+00 0.000000e+00
    outer loop
      vertex -2.672065e+00 7.813259e-01 6.579798e-01
      vertex -2.481414e+00 8.001031e-01 5.000000e-01
      vertex -2.631138e+00 7.200738e-01 5.000000e-01
    endloop
  endfacet
  facet normal 0.000000e+00 0.000000e+00 0.000000e+00
    outer loop
      vertex -2.672065e+00 7.813259e-01 6.579798e-01
      vertex -2.631138e+00 7.200738e-01 5.000000e-01
      vertex -2.814463e+00 6.644630e-01 6.579798e-01
    endloop
  endfacet
  facet normal 0.000000e+00 0.000000e+00 0.000000e+00
    outer loop
      vertex -2.814463e+00 6.644630e-01 6.579798e-01
      vertex -2.631138e+00 7.200738e-01 5.000000e-01
      vertex -2.762372e+00 6.123725e-01 5.000000e-01
    endloop
  endfacet
  facet normal 0.000000e+00 0.000000e+00 0.000000e+00
    outer loop
      vertex -2.814463e+00 6.644630e-01 6.579798e-01
      vertex -2.762372e+00 6.123725e-01 5.000000e-01
      vertex -2.931326e+00 5.220652e-01 6.579798e-01
    endloop
  endfacet
  facet normal 0.000000e+00 0.000000e+00 0.000000e+00
    outer loop
      vertex -2.931326e+00 5.220652e-01 6.579798e-01
      vertex -2.762372e+00 6.123725e-01 5.000000e-01
      vertex -2.870074e+00 4.811379e-01 5.000000e-01
    endloop
  endfacet
  facet normal 0.000000e+00 0.000000e+00 0.000000e+00
    outer loop
      vertex -2.931326e+00 5.220652e-01 6.579798e-01
      vertex -2.870074e+00 4.811379e-01 5.000000e-01
      vertex -3.018163e+00 3.596048e-01 6.579798e-01
    endloop
  endfacet
  facet normal 0.000000e+00 0.000000e+00 0.000000e+00
    outer loop
      vertex -3.018163e+00 3.596048e-01 6.579798e-01
      vertex -2.870074e+00 4.811379e-01 5.000000e-01
      vertex -2.950103e+00 3.314136e-01 5.000000e-01
    endloop
  endfacet
  facet normal 0.000000e+00 0.000000e+00 0.000000e+00
    outer loop
      vertex -3.018163e+00 3.596048e-01 6.579798e-01
      vertex -2.950103e+00 3.314136e-01 5.000000e-01
      vertex -3.071637e+00 1.833249e-01 6.579798e-01
    endloop
  endfacet
  facet normal 0.000000e+00 0.000000e+00 0.000000e+00
    outer loop
      vertex -3.071637e+00 1.833249e-01 6.579798e-01
      vertex -2.950103e+00 3.314136e-01 5.000000e-01
      vertex -2.999385e+00 1.689532e-01 5.000000e-01
    endloop
  endfacet
  facet normal 0.000000e+00 0.000000e+00 0.000000e+00
    outer loop
      vertex -3.071637e+00 1.833249e-01 6.579798e-01
      vertex -2.999385e+00 1.689532e-01 5.000000e-01
      vertex -3.089693e+00 1.150792e-16 6.579798e-01
    endloop
  endfacet
  facet normal 0.000000e+00 0.000000e+00 0.000000e+00
    outer loop
      vertex -3.089693e+00 1.150792e-16 6.579798e-01
      vertex -2.999385e+00 1.689532e-01 5.000000e-01
      vertex -3.016025e+00 1.060575e-16 5.000000e-01
    endloop
  endfacet
  facet normal 0.000000e+00 0.000000e+00 0.000000e+00
    outer loop
      vertex -3.089693e+00 1.150792e-16 6.579798e-01
      vertex -3.016025e+00 1.060575e-16 5.000000e-01
      vertex -3.071637e+00 -1.833249e-01 6.579798e-01
    endloop
  endfacet
  facet normal 0.000000e+00 0.000000e+00 0.000000e+00
    outer loop
      vertex -3.071637e+00 -1.833249e-01 6.579798e-01
      vertex -3.016025e+00 1.060575e-16 5.000000e-01
      vertex -2.999385e+00 -1.689532e-01 5.000000e-01
    endloop
  endfacet
  facet normal 0.000000e+00 0.000000e+00 0.000000e+00
    outer loop
      vertex -3.071637e+00 -1.833249e-01 6.579798e-01
      vertex -2.999385e+00 -1.689532e-01 5.000000e-01
      vertex -3.018163e+00 -3.596048e-01 6.579798e-01
    endloop
  endfacet
  facet normal 0.000000e+00 0.000000e+00 0.000000e+00
    outer loop
      vertex -3.018163e+00 -3.596048e-01 6.579798e-01
      vertex -2.999385e+00 -1.689532e-01 5.000000e-01
      vertex -2.950103e+00 -3.314136e-01 5.000000e-01
    endloop
  endfacet
  facet normal 0.000000e+00 0.000000e+00 0.000000e+00
    outer loop
      vertex -3.018163e+00 -3.596048e-01 6.579798e-01
      vertex -2.950103e+00 -3.314136e-01 5.000000e-01
      vertex -2.931326e+00 -5.220652e-01 6.579798e-01
    endloop
  endfacet
  facet normal 0.000000e+00 0.000000e+00 0.000000e+00
    outer loop
      vertex -2.931326e+00 -5.220652e-01 6.579798e-01
      vertex -2.950103e+00 -3.314136e-01 5.000000e-01
      vertex -2.870074e+00 -4.811379e-01 5.000000e-01
    endloop
  endfacet
  facet normal 0.000000e+00 0.000000e+00 0.000000e+00
    outer loop
      vertex -2.931326e+00 -5.220652e-01 6.579798e-01
      vertex -2.870074e+00 -4.811379e-01 5.000000e-01
      vertex -2.814463e+00 -6.644630e-01 6.579798e-01
    endloop
  endfacet
  facet normal 0.000000e+00 0.000000e+00 0.000000e+00
    outer loop
      vertex -2.814463e+00 -6.644630e-01 6.579798e-01
      vertex -2.870074e+00 -4.811379e-01 5.000000e-01
      vertex -2.762372e+00 -6.123725e-01 5.000000e-01
    endloop
  endfacet
  facet normal 0.000000e+00 0.000000e+00 0.000000e+00
    outer loop
      vertex -2.814463e+00 -6.644630e-01 6.579798e-01
      vertex -2.762372e+00 -6.123725e-01 5.000000e-01
      vertex -2.672065e+00 -7.813259e-01 6.579798e-01
    endloop
  endfacet
  facet normal 0.000000e+00 0.000000e+00 0.000000e+00
    outer loop
      vertex -2.672065e+00 -7.813259e-01 6.579798e-01
      vertex -2.762372e+00 -6.123725e-01 5.000000e-01
      vertex -2.631138e+00 -7.200738e-01 5.000000e-01
    endloop
  endfacet
  facet normal 0.000000e+00 0.000000e+00 0.000000e+00
    outer loop
      vertex -2.672065e+00 -7.813259e-01 6.579798e-01
      vertex -2.631138e+00 -7.200738e-01 5.000000e-01
      vertex -2.509605e+00 -8.681628e-01 6.579798e-01
    endloop
  endfacet
  facet normal 0.000000e+00 0.000000e+00 0.000000e+00
    outer loop
      vertex -2.509605e+00 -8.681628e-01 6.579798e-01
      vertex -2.631138e+00 -7.200738e-01 5.000000e-01
      vertex -2.481414e+00 -8.001031e-01 5.000000e-01
    endloop
  endfacet
  facet normal 0.000000e+00 0.000000e+00 0.000000e+00
    outer loop
      vertex -2.509605e+00 -8.681628e-01 6.579798e-01
      vertex -2.481414e+00 -8.001031e-01 5.000000e-01
      vertex -2.333325e+00 -9.216367e-01 6.579798e-01
    endloop
  endfacet
  facet normal 0.000000e+00 0.000000e+00 0.000000e+00
    outer loop
      vertex -2.333325e+00 -9.216367e-01 6.579798e-01
      vertex -2.481414e+00 -8.001031e-01 5.000000e-01
      vertex -2.318953e+00 -8.493850e-01 5.000000e-01
    endloop
  endfacet
  facet normal 0.000000e+00 0.000000e+00 0.000000e+00
    outer loop
      vertex -2.333325e+00 -9.216367e-01 6.579798e-01
      vertex -2.318953e+00 -8.493850e-01 5.000000e-01
      vertex -2.150000e+00 -9.396926e-01 6.579798e-01
    endloop
  endfacet
  facet normal 0.000000e+00 0.000000e+00 0.000000e+00
    outer loop
      vertex -2.150000e+00 -9.396926e-01 6.579798e-01
      vertex -2.318953e+00 -8.493850e-01 5.000000e-01
      vertex -2.150000e+00 -8.660254e-01 5.000000e-01
    endloop
  endfacet
  facet normal 0.000000e+00 0.000000e+00 0.000000e+00
    outer loop
      vertex -2.150000e+00 -9.396926e-01 6.579798e-01
      vertex -2.150000e+00 -8.660254e-01 5.000000e-01
      vertex -1.966675e+00 -9.216367e-01 6.579798e-01
    endloop
  endfacet
  facet normal 0.000000e+00 0.000000e+00 0.000000e+00
    outer loop
      vertex -1.966675e+00 -9.216367e-01 6.579798e-01
      vertex -2.150000e+00 -8.660254e-01 5.000000e-01
      vertex -1.981047e+00 -8.493850e-01 5.000000e-01
    endloop
  endfacet
  facet normal 0.000000e+00 0.000000e+00 0.000000e+00
    outer loop
      vertex -1.966675e+00 -9.216367e-01 6.579798e-01
      vertex -1.981047e+00 -8.493850e-01 5.000000e-01
      vertex -1.790395e+00 -8.681628e-01 6.579798e-01
    endloop
  endfacet
  facet normal 0.000000e+00 0.000000e+00 0.000000e+00
    outer loop
      vertex -1.790395e+00 -8.681628e-01 6.579798e-01
      vertex -1.981047e+00 -8.493850e-01 5.000000e-01
      vertex -1.818586e+00 -8.001031e-01 5.000000e-01
    endloop
  endfacet
  facet normal 0.000000e+00 0.000000e+00 0.000000e+00
    outer loop
      vertex -1.790395e+00 -8.681628e-01 6.579798e-01
      vertex -1.818586e+00 -8.001031e-01 5.000000e-01
      vertex -1.627935e+00 -7.813259e-01 6.579798e-01
    endloop
  endfacet
  facet normal 0.000000e+00 0.000000e+00 0.000000e+00
    outer loop
      vertex -1.627935e+00 -7.813259e-01 6.579798e-01
      vertex -1.818586e+00 -8.001031e-01 5.000000e-01
      vertex -1.668862e+00 -7.200738e-01 5.000000e-01
    endloop
  endfacet
  facet normal 0.000000e+00 0.000000e+00 0.000000e+00
    outer loop
      vertex -1.627935e+00 -7.813259e-01 6.579798e-01
      vertex -1.668862e+00 -7.200738e-01 5.000000e-01
      vertex -1.485537e+00 -6.644630e-01 6.579798e-01
    endloop
  endfacet
  facet normal 0.000000e+00 0.000000e+00 0.000000e+00
    outer loop
      vertex -1.485537e+00 -6.644630e-01 6.579798e-01
      vertex -1.668862e+00 -7.200738e-01 5.000000e-01
      vertex -1.537628e+00 -6.123725e-01 5.000000e-01
    endloop
  endfacet
  facet normal 0.000000e+00 0.000000e+00 0.000000e+00
    outer loop
      vertex -1.485537e+00 -6.644630e-01 6.579798e-01
      vertex -1.537628e+00 -6.123725e-01 5.000000e-01
      vertex -1.368674e+00 -5.220652e-01 6.579798e-01
    endloop
  endfacet
  facet normal 0.000000e+00 0.000000e+00 0.000000e+00
    outer loop
      vertex -1.368674e+00 -5.220652e-01 6.579798e-01
      vertex -1.537628e+00 -6.123725e-01 5.000000e-01
      vertex -1.429926e+00 -4.811379e-01 5.000000e-01
    endloop
  endfacet
  facet normal 0.000000e+00 0.000000e+00 0.000000e+00
    outer loop
      vertex -1.368674e+00 -5.220652e-01 6.579798e-01
      vertex -1.429926e+00 -4.811379e-01 5.000000e-01
      vertex -1.281837e+00 -3.596048e-01 6.579798e-01
    endloop
  endfacet
  facet normal 0.000000e+00 0.000000e+00 0.000000e+00
    outer loop
      vertex -1.281837e+00 -3.596048e-01 6.579798e-01
      vertex -1.429926e+00 -4.811379e-01 5.000000e-01
      vertex -1.349897e+00 -3.314136e-01 5.000000e-01
    endloop
  endfacet
  facet normal 0.000000e+00 0.000000e+00 0.000000e+00
    outer loop
      vertex -1.281837e+00 -3.596048e-01 6.579798e-01
      vertex -1.349897e+00 -3.314136e-01 5.000000e-01
      vertex -1.228363e+00 -1.833249e-01 6.579798e-01
    endloop
  endfacet
  facet normal 0.000000e+00 0.000000e+00 0.000000e+00
    outer loop
      vertex -1.228363e+00 -1.833249e-01 6.579798e-01
      vertex -1.349897e+00 -3.314136e-01 5.000000e-01
      vertex -1.300615e+00 -1.689532e-01 5.000000e-01
    endloop
  endfacet
  facet normal 0.000000e+00 0.000000e+00 0.000000e+00
    outer loop
      vertex -1.228363e+00 -1.833249e-01 6.579798e-01
      vertex -1.300615e+00 -1.689532e-01 5.000000e-01
      vertex -1.210307e+00 -2.301583e-16 6.579798e-01
    endloop
  endfacet
  facet normal 0.000000e+00 0.000000e+00 0.000000e+00
    outer loop
      vertex -1.210307e+00 -2.301583e-16 6.579798e-01
      vertex -1.300615e+00 -1.689532e-01 5.000000e-01
      vertex -1.283975e+00 -2.121150e-16 5.000000e-01
    endloop
  endfacet
  facet normal 0.000000e+00 0.000000e+00 0.000000e+00
    outer loop
      vertex -1.283975e+00 0.000000e+00 5.000000e-01
      vertex -1.383956e+00 0.000000e+00 3.572124e-01
      vertex -1.300615e+00 1.689532e-01 5.000000e-01
    endloop
  endfacet
  facet normal 0.000000e+00 0.000000e+00 0.000000e+00
    outer loop
      vertex -1.300615e+00 1.689532e-01 5.000000e-01
      vertex -1.383956e+00 0.000000e+00 3.572124e-01
      vertex -1.398675e+00 1.494479e-01 3.572124e-01
    endloop
  endfacet
  facet normal 0.000000e+00 0.000000e+00 0.000000e+00
    outer loop
      vertex -1.300615e+00 1.689532e-01 5.000000e-01
      vertex -1.398675e+00 1.494479e-01 3.572124e-01
      vertex -1.349897e+00 3.314136e-01 5.000000e-01
    endloop
  endfacet
  facet normal 0.000000e+00 0.000000e+00 0.000000e+00
    outer loop
      vertex -1.349897e+00 3.314136e-01 5.000000e-01
      vertex -1.398675e+00 1.494479e-01 3.572124e-01
      vertex -1.442267e+00 2.931525e-01 3.572124e-01
    endloop
  endfacet
  facet normal 0.000000e+00 0.000000e+00 0.000000e+00
    outer loop
      vertex -1.349897e+00 3.314136e-01 5.000000e-01
      vertex -1.442267e+00 2.931525e-01 3.572124e-01
      vertex -1.429926e+00 4.811379e-01 5.000000e-01
    endloop
  endfacet
  facet normal 0.000000e+00 0.000000e+00 0.000000e+00
    outer loop
      vertex -1.429926e+00 4.811379e-01 5.000000e-01
      vertex -1.442267e+00 2.931525e-01 3.572124e-01
      vertex -1.513057e+00 4.255915e-01 3.572124e-01
    endloop
  endfacet
  facet normal 0.000000e+00 0.000000e+00 0.000000e+00
    outer loop
      vertex -1.429926e+00 4.811379e-01 5.000000e-01
      vertex -1.513057e+00 4.255915e-01 3.572124e-01
      vertex -1.537628e+00 6.123725e-01 5.000000e-01
    endloop
  endfacet
  facet normal 0.000000e+00 0.000000e+00 0.000000e+00
    outer loop
      vertex -1.537628e+00 6.123725e-01 5.000000e-01
      vertex -1.513057e+00 4.255915e-01 3.572124e-01
      vertex -1.608325e+00 5.416752e-01 3.572124e-01
    endloop
  endfacet
  facet normal 0.000000e+00 0.000000e+00 0.000000e+00
    outer loop
      vertex -1.537628e+00 6.123725e-01 5.000000e-01
      vertex -1.608325e+00 5.416752e-01 3.572124e-01
      vertex -1.668862e+00 7.200738e-01 5.000000e-01
    endloop
  endfacet
  facet normal 0.000000e+00 0.000000e+00 0.000000e+00
    outer loop
      vertex -1.668862e+00 7.200738e-01 5.000000e-01
      vertex -1.608325e+00 5.416752e-01 3.572124e-01
      vertex -1.724409e+00 6.369427e-01 3.572124e-01
    endloop
  endfacet
  facet normal 0.000000e+00 0.000000e+00 0.000000e+00
    outer loop
      vertex -1.668862e+00 7.200738e-01 5.000000e-01
      vertex -1.724409e+00 6.369427e-01 3.572124e-01
      vertex -1.818586e+00 8.001031e-01 5.000000e-01
    endloop
  endfacet
  facet normal 0.000000e+00 0.000000e+00 0.000000e+00
    outer loop
      vertex -1.818586e+00 8.001031e-01 5.000000e-01
      vertex -1.724409e+00 6.369427e-01 3.572124e-01
      vertex -1.856848e+00 7.077328e-01 3.572124e-01
    endloop
  endfacet
  facet normal 0.000000e+00 0.000000e+00 0.000000e+00
    outer loop
      vertex -1.818586e+00 8.001031e-01 5.000000e-01
      vertex -1.856848e+00 7.077328e-01 3.572124e-01
      vertex -1.981047e+00 8.493850e-01 5.000000e-01
    endloop
  endfacet
  facet normal 0.000000e+00 0.000000e+00 0.000000e+00
    outer loop
      vertex -1.981047e+00 8.493850e-01 5.000000e-01
      vertex -1.856848e+00 7.077328e-01 3.572124e-01
      vertex -2.000552e+00 7.513251e-01 3.572124e-01
    endloop
  endfacet
  facet normal 0.000000e+00 0.000000e+00 0.000000e+00
    outer loop
      vertex -1.981047e+00 8.493850e-01 5.000000e-01
      vertex -2.000552e+00 7.513251e-01 3.572124e-01
      vertex -2.150000e+00 8.660254e-01 5.000000e-01
    endloop
  endfacet
  facet normal 0.000000e+00 0.000000e+00 0.000000e+00
    outer loop
      vertex -2.150000e+00 8.660254e-01 5.000000e-01
      vertex -2.000552e+00 7.513251e-01 3.572124e-01
      vertex -2.150000e+00 7.660444e-01 3.572124e-01
    endloop
  endfacet
  facet normal 0.000000e+00 0.000000e+00 0.000000e+00
    outer loop
      vertex -2.150000e+00 8.660254e-01 5.000000e-01
      vertex -2.150000e+00 7.660444e-01 3.572124e-01
      vertex -2.318953e+00 8.493850e-01 5.000000e-01
    endloop
  endfacet
  facet normal 0.000000e+00 0.000000e+00 0.000000e+00
    outer loop
      vertex -2.318953e+00 8.493850e-01 5.000000e-01
      vertex -2.150000e+00 7.660444e-01 3.572124e-01
      vertex -2.299448e+00 7.513251e-01 3.572124e-01
    endloop
  endfacet
  facet normal 0.000000e+00 0.000000e+00 0.000000e+00
    outer loop
      vertex -2.318953e+00 8.493850e-01 5.000000e-01
      vertex -2.299448e+00 7.513251e-01 3.572124e-01
      vertex -2.481414e+00 8.001031e-01 5.000000e-01
    endloop
  endfacet
  facet normal 0.000000e+00 0.000000e+00 0.000000e+00
    outer loop
      vertex -2.481414e+00 8.001031e-01 5.000000e-01
      vertex -2.299448e+00 7.513251e-01 3.572124e-01
      vertex -2.443152e+00 7.077328e-01 3.572124e-01
    endloop
  endfacet
  facet normal 0.000000e+00 0.000000e+00 0.000000e+00
    outer loop
      vertex -2.481414e+00 8.001031e-01 5.000000e-01
      vertex -2.443152e+00 7.077328e-01 3.572124e-01
      vertex -2.631138e+00 7.200738e-01 5.000000e-01
    endloop
  endfacet
  facet normal 0.000000e+00 0.000000e+00 0.000000e+00
    outer loop
      vertex -2.631138e+00 7.200738e-01 5.000000e-01
      vertex -2.443152e+00 7.077328e-01 3.572124e-01
      vertex -2.575592e+00 6.369427e-01 3.572124e-01
    endloop
  endfacet
  facet normal 0.000000e+00 0.000000e+00 0.000000e+00
    outer loop
      vertex -2.631138e+00 7.200738e-01 5.000000e-01
      vertex -2.575592e+00 6.369427e-01 3.572124e-01
      vertex -2.762372e+00 6.123725e-01 5.000000e-01
    endloop
  endfacet
  facet normal 0.000000e+00 0.000000e+00 0.000000e+00
    outer loop
      vertex -2.762372e+00 6.123725e-01 5.000000e-01
      vertex -2.575592e+00 6.369427e-01 3.572124e-01
      vertex -2.691675e+00 5.416752e-01 3.572124e-01
    endloop
  endfacet
  facet normal 0.000000e+00 0.000000e+00 0.000000e+00
    outer loop
      vertex -2.762372e+00 6.123725e-01 5.000000e-01
      vertex -2.691675e+00 5.416752e-01 3.572124e-01
      vertex -2.870074e+00 4.811379e-01 5.000000e-01
    endloop
  endfacet
  facet normal 0.000000e+00 0.000000e+00 0.000000e+00
    outer loop
      vertex -2.870074e+00 4.811379e-01 5.000000e-01
      vertex -2.691675e+00 5.416752e-01 3.572124e-01
      vertex -2.786943e+00 4.255915e-01 3.572124e-01
    endloop
  endfacet
  facet normal 0.000000e+00 0.000000e+00 0.000000e+00
    outer loop
      vertex -2.870074e+00 4.811379e-01 5.000000e-01
      vertex -2.786943e+00 4.255915e-01 3.572124e-01
      vertex -2.950103e+00 3.314136e-01 5.000000e-01
    endloop
  endfacet
  facet normal 0.000000e+00 0.000000e+00 0.000000e+00
    outer loop
      vertex -2.950103e+00 3.314136e-01 5.000000e-01
      vertex -2.786943e+00 4.255915e-01 3.572124e-01
      vertex -2.857733e+00 2.931525e-01 3.572124e-01
    endloop
  endfacet
  facet normal 0.000000e+00 0.000000e+00 0.000000e+00
    outer loop
      vertex -2.950103e+00 3.314136e-01 5.000000e-01
      vertex -2.857733e+00 2.931525e-01 3.572124e-01
      vertex -2.999385e+00 1.689532e-01 5.000000e-01
    endloop
  endfacet
  facet normal 0.000000e+00 0.000000e+00 0.000000e+00
    outer loop
      vertex -2.999385e+00 1.689532e-01 5.000000e-01
      vertex -2.857733e+00 2.931525e-01 3.572124e-01
      vertex -2.901325e+00 1.494479e-01 3.572124e-01
    endloop
  endfacet
  facet normal 0.000000e+00 0.000000e+00 0.000000e+00
    outer loop
      vertex -2.999385e+00 1.689532e-01 5.000000e-01
      vertex -2.901325e+00 1.494479e-01 3.572124e-01
      vertex -3.016025e+00 1.060575e-16 5.000000e-01
    endloop
  endfacet
  facet normal 0.000000e+00 0.000000e+00 0.000000e+00
    outer loop
      vertex -3.016025e+00 1.060575e-16 5.000000e-01
      vertex -2.901325e+00 1.494479e-01 3.572124e-01
      vertex -2.916044e+00 9.381339e-17 3.572124e-01
    endloop
  endfacet
  facet normal 0.000000e+00 0.000000e+00 0.000000e+00
    outer loop
      vertex -3.016025e+00 1.060575e-16 5.000000e-01
      vertex -2.916044e+00 9.381339e-17 3.572124e-01
      vertex -2.999385e+00 -1.689532e-01 5.000000e-01
    endloop
  endfacet
  facet normal 0.000000e+00 0.000000e+00 0.000000e+00
    outer loop
      vertex -2.999385e+00 -1.689532e-01 5.000000e-01
      vertex -2.916044e+00 9.381339e-17 3.572124e-01
      vertex -2.901325e+00 -1.494479e-01 3.572124e-01
    endloop
  endfacet
  facet normal 0.000000e+00 0.000000e+00 0.000000e+00
    outer loop
      vertex -2.999385e+00 -1.689532e-01 5.000000e-01
      vertex -2.901325e+00 -1.494479e-01 3.572124e-01
      vertex -2.950103e+00 -3.314136e-01 5.000000e-01
    endloop
  endfacet
  facet normal 0.000000e+00 0.000000e+00 0.000000e+00
    outer loop
      vertex -2.950103e+00 -3.314136e-01 5.000000e-01
      vertex -2.901325e+00 -1.494479e-01 3.572124e-01
      vertex -2.857733e+00 -2.931525e-01 3.572124e-01
    endloop
  endfacet
  facet normal 0.000000e+00 0.000000e+00 0.000000e+00
    outer loop
      vertex -2.950103e+00 -3.314136e-01 5.000000e-01
      vertex -2.857733e+00 -2.931525e-01 3.572124e-01
      vertex -2.870074e+00 -4.811379e-01 5.000000e-01
    endloop
  endfacet
  facet normal 0.000000e+00 0.000000e+00 0.000000e+00
    outer loop
      vertex -2.870074e+00 -4.811379e-01 5.000000e-01
      vertex -2.857733e+00 -2.931525e-01 3.572124e-01
      vertex -2.786943e+00 -4.255915e-01 3.572124e-01
    endloop
  endfacet
  facet normal 0.000000e+00 0.000000e+00 0.000000e+00
    outer loop
      vertex -2.870074e+00 -4.811379e-01 5.000000e-01
      vertex -2.786943e+00 -4.255915e-01 3.572124e-01
      vertex -2.762372e+00 -6.123725e-01 5.000000e-01
    endloop
  endfacet
  facet normal 0.000000e+00 0.000000e+00 0.000000e+00
    outer loop
      vertex -2.762372e+00 -6.123725e-01 5.000000e-01
      vertex -2.786943e+00 -4.255915e-01 3.572124e-01
      vertex -2.691675e+00 -5.416752e-01 3.572124e-01
    endloop
  endfacet
  facet normal 0.000000e+00 0.000000e+00 0.000000e+00
    outer loop
      vertex -2.762372e+00 -6.123725e-01 5.000000e-01
      vertex -2.691675e+00 -5.416752e-01 3.572124e-01
      vertex -2.631138e+00 -7.200738e-01 5.000000e-01
    endloop
  endfacet
  facet normal 0.000000e+00 0.000000e+00 0.000000e+00
    outer loop
      vertex -2.631138e+00 -7.200738e-01 5.000000e-01
      vertex -2.691675e+00 -5.416752e-01 3.572124e-01
      vertex -2.575592e+00 -6.369427e-01 3.572124e-01
    endloop
  endfacet
  facet normal 0.000000e+00 0.000000e+00 0.000000e+00
    outer loop
      vertex -2.631138e+00 -7.200738e-01 5.000000e-01
      vertex -2.575592e+00 -6.369427e-01 3.572124e-01
      vertex -2.481414e+00 -8.001031e-01 5.000000e-01
    endloop
  endfacet
  facet normal 0.000000e+00 0.000000e+00 0.000000e+00
    outer loop
      vertex -2.481414e+00 -8.001031e-01 5.000000e-01
      vertex -2.575592e+00 -6.369427e-01 3.572124e-01
      vertex -2.443152e+00 -7.077328e-01 3.572124e-01
    endloop
  endfacet
  facet normal 0.000000e+00 0.000000e+00 0.000000e+00
    outer loop
      vertex -2.481414e+00 -8.001031e-01 5.000000e-01
      vertex -2.443152e+00 -7.077328e-01 3.572124e-01
      vertex -2.318953e+00 -8.493850e-01 5.000000e-01
    endloop
  endfacet
  facet normal 0.000000e+00 0.000000e+00 0.000000e+00
    outer loop
      vertex -2.318953e+00 -8.493850e-01 5.000000e-01
      vertex -2.443152e+00 -7.077328e-01 3.572124e-01
      vertex -2.299448e+00 -7.513251e-01 3.572124e-01
    endloop
  endfacet
  facet normal 0.000000e+00 0.000000e+00 0.000000e+00
    outer loop
      vertex -2.318953e+00 -8.493850e-01 5.000000e-01
      vertex -2.299448e+00 -7.513251e-01 3.572124e-01
      vertex -2.150000e+00 -8.660254e-01 5.000000e-01
    endloop
  endfacet
  facet normal 0.000000e+00 0.000000e+00 0.000000e+00
    outer loop
      vertex -2.150000e+00 -8.660254e-01 5.000000e-01
      vertex -2.299448e+00 -7.513251e-01 3.572124e-01
      vertex -2.150000e+00 -7.660444e-01 3.572124e-01
    endloop
  endfacet
  facet normal 0.000000e+00 0.000000e+00 0.000000e+00
    outer loop
      vertex -2.150000e+00 -8.660254e-01 5.000000e-01
      vertex -2.150000e+00 -7.660444e-01 3.572124e-01
      vertex -1.981047e+00 -8.493850e-01 5.000000e-01
    endloop
  endfacet
  facet normal 0.000000e+00 0.000000e+00 0.000000e+00
    outer loop
      vertex -1.981047e+00 -8.493850e-01 5.000000e-01
      vertex -2.150000e+00 -7.660444e-01 3.572124e-01
      vertex -2.000552e+00 -7.513251e-01 3.572124e-01
    endloop
  endfacet
  facet normal 0.000000e+00 0.000000e+00 0.000000e+00
    outer loop
      vertex -1.981047e+00 -8.493850e-01 5.000000e-01
      vertex -2.000552e+00 -7.513251e-01 3.572124e-01
      vertex -1.818586e+00 -8.001031e-01 5.000000e-01
    endloop
  endfacet
  facet normal 0.000000e+00 0.000000e+00 0.000000e+00
    outer loop
      vertex -1.818586e+00 -8.001031e-01 5.000000e-01
      vertex -2.000552e+00 -7.513251e-01 3.572124e-01
      vertex -1.856848e+00 -7.077328e-01 3.572124e-01
    endloop
  endfacet
  facet normal 0.000000e+00 0.000000e+00 0.000000e+00
    outer loop
      vertex -1.818586e+00 -8.001031e-01 5.000000e-01
      vertex -1.856848e+00 -7.077328e-01 3.572124e-01
      vertex -1.668862e+00 -7.200738e-01 5.000000e-01
    endloop
  endfacet
  facet normal 0.000000e+00 0.000000e+00 0.000000e+00
    outer loop
      vertex -1.668862e+00 -7.200738e-01 5.000000e-01
      vertex -1.856848e+00 -7.077328e-01 3.572124e-01
      vertex -1.724409e+00 -6.369427e-01 3.572124e-01
    endloop
  endfacet
  facet normal 0.000000e+00 0.000000e+00 0.000000e+00
    outer loop
      vertex -1.668862e+00 -7.200738e-01 5.000000e-01
      vertex -1.724409e+00 -6.369427e-01 3.572124e-01
      vertex -1.537628e+00 -6.123725e-01 5.000000e-01
    endloop
  endfacet
  facet normal 0.000000e+00 0.000000e+00 0.000000e+00
    outer loop
      vertex -1.537628e+00 -6.123725e-01 5.000000e-01
      vertex -1.724409e+00 -6.369427e-01 3.572124e-01
      vertex -1.608325e+00 -5.416752e-01 3.572124e-01
    endloop
  endfacet
  facet normal 0.000000e+00 0.000000e+00 0.000000e+00
    outer loop
      vertex -1.537628e+00 -6.123725e-01 5.000000e-01
      vertex -1.608325e+00 -5.416752e-01 3.572124e-01
      vertex -1.429926e+00 -4.811379e-01 5.000000e-01
    endloop
  endfacet
  facet normal 0.000000e+00 0.000000e+00 0.000000e+00
    outer loop
      vertex -1.429926e+00 -4.811379e-01 5.000000e-01
      vertex -1.608325e+00 -5.416752e-01 3.572124e-01
      vertex -1.513057e+00 -4.255915e-01 3.572124e-01
    endloop
  endfacet
  facet normal 0.000000e+00 0.000000e+00 0.000000e+00
    outer loop
      vertex -1.429926e+00 -4.811379e-01 5.000000e-01
      vertex -1.513057e+00 -4.255915e-01 3.572124e-01
      vertex -1.349897e+00 -3.314136e-01 5.000000e-01
    endloop
  endfacet
  facet normal 0.000000e+00 0.000000e+00 0.000000e+00
    outer loop
      vertex -1.349897e+00 -3.314136e-01 5.000000e-01
      vertex -1.513057e+00 -4.255915e-01 3.572124e-01
      vertex -1.442267e+00 -2.931525e-01 3.572124e-01
    endloop
  endfacet
  facet normal 0.000000e+00 0.000000e+00 0.000000e+00
    outer loop
      vertex -1.349897e+00 -3.314136e-01 5.000000e-01
      vertex -1.442267e+00 -2.931525e-01 3.572124e-01
      vertex -1.300615e+00 -1.689532e-01 5.000000e-01
    endloop
  endfacet
  facet normal 0.000000e+00 0.000000e+00 0.000000e+00
    outer loop
      vertex -1.300615e+00 -1.689532e-01 5.000000e-01
      vertex -1.442267e+00 -2.931525e-01 3.572124e-01
      vertex -1.398675e+00 -1.494479e-01 3.572124e-01
    endloop
  endfacet
  facet normal 0.000000e+00 0.000000e+00 0.000000e+00
    outer loop
      vertex -1.300615e+00 -1.689532e-01 5.000000e-01
      vertex -1.398675e+00 -1.494479e-01 3.572124e-01
      vertex -1.283975e+00 -2.121150e-16 5.000000e-01
    endloop
  endfacet
  facet normal 0.000000e+00 0.000000e+00 0.000000e+00
    outer loop
      vertex -1.283975e+00 -2.121150e-16 5.000000e-01
      vertex -1.398675e+00 -1.494479e-01 3.572124e-01
      vertex -1.383956e+00 -1.876268e-16 3.572124e-01
    endloop
  endfacet
  facet normal 0.000000e+00 0.000000e+00 0.000000e+00
    outer loop
      vertex -1.383956e+00 0.000000e+00 3.572124e-01
      vertex -1.507212e+00 0.000000e+00 2.339556e-01
      vertex -1.398675e+00 1.494479e-01 3.572124e-01
    endloop
  endfacet
  facet normal 0.000000e+00 0.000000e+00 0.000000e+00
    outer loop
      vertex -1.398675e+00 1.494479e-01 3.572124e-01
      vertex -1.507212e+00 0.000000e+00 2.339556e-01
      vertex -1.519563e+00 1.254016e-01 2.339556e-01
    endloop
  endfacet
  facet normal 0.000000e+00 0.000000e+00 0.000000e+00
    outer loop
      vertex -1.398675e+00 1.494479e-01 3.572124e-01
      vertex -1.519563e+00 1.254016e-01 2.339556e-01
      vertex -1.442267e+00 2.931525e-01 3.572124e-01
    endloop
  endfacet
  facet normal 0.000000e+00 0.000000e+00 0.000000e+00
    outer loop
      vertex -1.442267e+00 2.931525e-01 3.572124e-01
      vertex -1.519563e+00 1.254016e-01 2.339556e-01
      vertex -1.556142e+00 2.459842e-01 2.339556e-01
    endloop
  endfacet
  facet normal 0.000000e+00 0.000000e+00 0.000000e+00
    outer loop
      vertex -1.442267e+00 2.931525e-01 3.572124e-01
      vertex -1.556142e+00 2.459842e-01 2.339556e-01
      vertex -1.513057e+00 4.255915e-01 3.572124e-01
    endloop
  endfacet
  facet normal 0.000000e+00 0.000000e+00 0.000000e+00
    outer loop
      vertex -1.513057e+00 4.255915e-01 3.572124e-01
      vertex -1.556142e+00 2.459842e-01 2.339556e-01
      vertex -1.615542e+00 3.571137e-01 2.339556e-01
    endloop
  endfacet
  facet normal 0.000000e+00 0.000000e+00 0.000000e+00
    outer loop
      vertex -1.513057e+00 4.255915e-01 3.572124e-01
      vertex -1.615542e+00 3.571137e-01 2.339556e-01
      vertex -1.608325e+00 5.416752e-01 3.572124e-01
    endloop
  endfacet
  facet normal 0.000000e+00 0.000000e+00 0.000000e+00
    outer loop
      vertex -1.608325e+00 5.416752e-01 3.572124e-01
      vertex -1.615542e+00 3.571137e-01 2.339556e-01
      vertex -1.695480e+00 4.545195e-01 2.339556e-01
    endloop
  endfacet
  facet normal 0.000000e+00 0.000000e+00 0.000000e+00
    outer loop
      vertex -1.608325e+00 5.416752e-01 3.572124e-01
      vertex -1.695480e+00 4.545195e-01 2.339556e-01
      vertex -1.724409e+00 6.369427e-01 3.572124e-01
    endloop
  endfacet
  facet normal 0.000000e+00 0.000000e+00 0.000000e+00
    outer loop
      vertex -1.724409e+00 6.369427e-01 3.572124e-01
      vertex -1.695480e+00 4.545195e-01 2.339556e-01
      vertex -1.792886e+00 5.344583e-01 2.339556e-01
    endloop
  endfacet
  facet normal 0.000000e+00 0.000000e+00 0.000000e+00
    outer loop
      vertex -1.724409e+00 6.369427e-01 3.572124e-01
      vertex -1.792886e+00 5.344583e-01 2.339556e-01
      vertex -1.856848e+00 7.077328e-01 3.572124e-01
    endloop
  endfacet
  facet normal 0.000000e+00 0.000000e+00 0.000000e+00
    outer loop
      vertex -1.856848e+00 7.077328e-01 3.572124e-01
      vertex -1.792886e+00 5.344583e-01 2.339556e-01
      vertex -1.904016e+00 5.938583e-01 2.339556e-01
    endloop
  endfacet
  facet normal 0.000000e+00 0.000000e+00 0.000000e+00
    outer loop
      vertex -1.856848e+00 7.077328e-01 3.572124e-01
      vertex -1.904016e+00 5.938583e-01 2.339556e-01
      vertex -2.000552e+00 7.513251e-01 3.572124e-01
    endloop
  endfacet
  facet normal 0.000000e+00 0.000000e+00 0.000000e+00
    outer loop
      vertex -2.000552e+00 7.513251e-01 3.572124e-01
      vertex -1.904016e+00 5.938583e-01 2.339556e-01
      vertex -2.024598e+00 6.304366e-01 2.339556e-01
    endloop
  endfacet
  facet normal 0.000000e+00 0.000000e+00 0.000000e+00
    outer loop
      vertex -2.000552e+00 7.513251e-01 3.572124e-01
      vertex -2.024598e+00 6.304366e-01 2.339556e-01
      vertex -2.150000e+00 7.660444e-01 3.572124e-01
    endloop
  endfacet
  facet normal 0.000000e+00 0.000000e+00 0.000000e+00
    outer loop
      vertex -2.150000e+00 7.660444e-01 3.572124e-01
      vertex -2.024598e+00 6.304366e-01 2.339556e-01
      vertex -2.150000e+00 6.427876e-01 2.339556e-01
    endloop
  endfacet
  facet normal 0.000000e+00 0.000000e+00 0.000000e+00
    outer loop
      vertex -2.150000e+00 7.660444e-01 3.572124e-01
      vertex -2.150000e+00 6.427876e-01 2.339556e-01
      vertex -2.299448e+00 7.513251e-01 3.572124e-01
    endloop
  endfacet
  facet normal 0.000000e+00 0.000000e+00 0.000000e+00
    outer loop
      vertex -2.299448e+00 7.513251e-01 3.572124e-01
      vertex -2.150000e+00 6.427876e-01 2.339556e-01
      vertex -2.275402e+00 6.304366e-01 2.339556e-01
    endloop
  endfacet
  facet normal 0.000000e+00 0.000000e+00 0.000000e+00
    outer loop
      vertex -2.299448e+00 7.513251e-01 3.572124e-01
      vertex -2.275402e+00 6.304366e-01 2.339556e-01
      vertex -2.443152e+00 7.077328e-01 3.572124e-01
    endloop
  endfacet
  facet normal 0.000000e+00 0.000000e+00 0.000000e+00
    outer loop
      vertex -2.443152e+00 7.077328e-01 3.572124e-01
      vertex -2.275402e+00 6.304366e-01 2.339556e-01
      vertex -2.395984e+00 5.938583e-01 2.339556e-01
    endloop
  endfacet
  facet normal 0.000000e+00 0.000000e+00 0.000000e+00
    outer loop
      vertex -2.443152e+00 7.077328e-01 3.572124e-01
      vertex -2.395984e+00 5.938583e-01 2.339556e-01
      vertex -2.575592e+00 6.369427e-01 3.572124e-01
    endloop
  endfacet
  facet normal 0.000000e+00 0.000000e+00 0.000000e+00
    outer loop
      vertex -2.575592e+00 6.369427e-01 3.572124e-01
      vertex -2.395984e+00 5.938583e-01 2.339556e-01
      vertex -2.507114e+00 5.344583e-01 2.339556e-01
    endloop
  endfacet
  facet normal 0.000000e+00 0.000000e+00 0.000000e+00
    outer loop
      vertex -2.575592e+00 6.369427e-01 3.572124e-01
      vertex -2.507114e+00 5.344583e-01 2.339556e-01
      vertex -2.691675e+00 5.416752e-01 3.572124e-01
    endloop
  endfacet
  facet normal 0.000000e+00 0.000000e+00 0.000000e+00
    outer loop
      vertex -2.691675e+00 5.416752e-01 3.572124e-01
      vertex -2.507114e+00 5.344583e-01 2.339556e-01
      vertex -2.604519e+00 4.545195e-01 2.339556e-01
    endloop
  endfacet
  facet normal 0.000000e+00 0.000000e+00 0.000000e+00
    outer loop
      vertex -2.691675e+00 5.416752e-01 3.572124e-01
      vertex -2.604519e+00 4.545195e-01 2.339556e-01
      vertex -2.786943e+00 4.255915e-01 3.572124e-01
    endloop
  endfacet
  facet normal 0.000000e+00 0.000000e+00 0.000000e+00
    outer loop
      vertex -2.786943e+00 4.255915e-01 3.572124e-01
      vertex -2.604519e+00 4.545195e-01 2.339556e-01
      vertex -2.684458e+00 3.571137e-01 2.339556e-01
    endloop
  endfacet
  facet normal 0.000000e+00 0.000000e+00 0.000000e+00
    outer loop
      vertex -2.786943e+00 4.255915e-01 3.572124e-01
      vertex -2.684458e+00 3.571137e-01 2.339556e-01
      vertex -2.857733e+00 2.931525e-01 3.572124e-01
    endloop
  endfacet
  facet normal 0.000000e+00 0.000000e+00 0.000000e+00
    outer loop
      vertex -2.857733e+00 2.931525e-01 3.572124e-01
      vertex -2.684458e+00 3.571137e-01 2.339556e-01
      vertex -2.743858e+00 2.459842e-01 2.339556e-01
    endloop
  endfacet
  facet normal 0.000000e+00 0.000000e+00 0.000000e+00
    outer loop
      vertex -2.857733e+00 2.931525e-01 3.572124e-01
      vertex -2.743858e+00 2.459842e-01 2.339556e-01
      vertex -2.901325e+00 1.494479e-01 3.572124e-01
    endloop
  endfacet
  facet normal 0.000000e+00 0.000000e+00 0.000000e+00
    outer loop
      vertex -2.901325e+00 1.494479e-01 3.572124e-01
      vertex -2.743858e+00 2.459842e-01 2.339556e-01
      vertex -2.780437e+00 1.254016e-01 2.339556e-01
    endloop
  endfacet
  facet normal 0.000000e+00 0.000000e+00 0.000000e+00
    outer loop
      vertex -2.901325e+00 1.494479e-01 3.572124e-01
      vertex -2.780437e+00 1.254016e-01 2.339556e-01
      vertex -2.916044e+00 9.381339e-17 3.572124e-01
    endloop
  endfacet
  facet normal 0.000000e+00 0.000000e+00 0.000000e+00
    outer loop
      vertex -2.916044e+00 9.381339e-17 3.572124e-01
      vertex -2.780437e+00 1.254016e-01 2.339556e-01
      vertex -2.792788e+00 7.871878e-17 2.339556e-01
    endloop
  endfacet
  facet normal 0.000000e+00 0.000000e+00 0.000000e+00
    outer loop
      vertex -2.916044e+00 9.381339e-17 3.572124e-01
      vertex -2.792788e+00 7.871878e-17 2.339556e-01
      vertex -2.901325e+00 -1.494479e-01 3.572124e-01
    endloop
  endfacet
  facet normal 0.000000e+00 0.000000e+00 0.000000e+00
    outer loop
      vertex -2.901325e+00 -1.494479e-01 3.572124e-01
      vertex -2.792788e+00 7.871878e-17 2.339556e-01
      vertex -2.780437e+00 -1.254016e-01 2.339556e-01
    endloop
  endfacet
  facet normal 0.000000e+00 0.000000e+00 0.000000e+00
    outer loop
      vertex -2.901325e+00 -1.494479e-01 3.572124e-01
      vertex -2.780437e+00 -1.254016e-01 2.339556e-01
      vertex -2.857733e+00 -2.931525e-01 3.572124e-01
    endloop
  endfacet
  facet normal 0.000000e+00 0.000000e+00 0.000000e+00
    outer loop
      vertex -2.857733e+00 -2.931525e-01 3.572124e-01
      vertex -2.780437e+00 -1.254016e-01 2.339556e-01
      vertex -2.743858e+00 -2.459842e-01 2.339556e-01
    endloop
  endfacet
  facet normal 0.000000e+00 0.000000e+00 0.000000e+00
    outer loop
      vertex -2.857733e+00 -2.931525e-01 3.572124e-01
      vertex -2.743858e+00 -2.459842e-01 2.339556e-01
      vertex -2.786943e+00 -4.255915e-01 3.572124e-01
    endloop
  endfacet
  facet normal 0.000000e+00 0.000000e+00 0.000000e+00
    outer loop
      vertex -2.786943e+00 -4.255915e-01 3.572124e-01
      vertex -2.743858e+00 -2.459842e-01 2.339556e-01
      vertex -2.684458e+00 -3.571137e-01 2.339556e-01
    endloop
  endfacet
  facet normal 0.000000e+00 0.000000e+00 0.000000e+00
    outer loop
      vertex -2.786943e+00 -4.255915e-01 3.572124e-01
      vertex -2.684458e+00 -3.571137e-01 2.339556e-01
      vertex -2.691675e+00 -5.416752e-01 3.572124e-01
    endloop
  endfacet
  facet normal 0.000000e+00 0.000000e+00 0.000000e+00
    outer loop
      vertex -2.691675e+00 -5.416752e-01 3.572124e-01
      vertex -2.684458e+00 -3.571137e-01 2.339556e-01
      vertex -2.604519e+00 -4.545195e-01 2.339556e-01
    endloop
  endfacet
  facet normal 0.000000e+00 0.000000e+00 0.000000e+00
    outer loop
      vertex -2.691675e+00 -5.416752e-01 3.572124e-01
      vertex -2.604519e+00 -4.545195e-01 2.339556e-01
      vertex -2.575592e+00 -6.369427e-01 3.572124e-01
    endloop
  endfacet
  facet normal 0.000000e+00 0.000000e+00 0.000000e+00
    outer loop
      vertex -2.575592e+00 -6.369427e-01 3.572124e-01
      vertex -2.604519e+00 -4.545195e-01 2.339556e-01
      vertex -2.507114e+00 -5.344583e-01 2.339556e-01
    endloop
  endfacet
  facet normal 0.000000e+00 0.000000e+00 0.000000e+00
    outer loop
      vertex -2.575592e+00 -6.369427e-01 3.572124e-01
      vertex -2.507114e+00 -5.344583e-01 2.339556e-01
      vertex -2.443152e+00 -7.077328e-01 3.572124e-01
    endloop
  endfacet
  facet normal 0.000000e+00 0.000000e+00 0.000000e+00
    outer loop
      vertex -2.443152e+00 -7.077328e-01 3.572124e-01
      vertex -2.507114e+00 -5.344583e-01 2.339556e-01
      vertex -2.395984e+00 -5.938583e-01 2.339556e-01
    endloop
  endfacet
  facet normal 0.000000e+00 0.000000e+00 0.000000e+00
    outer loop
      vertex -2.443152e+00 -7.077328e-01 3.572124e-01
      vertex -2.395984e+00 -5.938583e-01 2.339556e-01
      vertex -2.299448e+00 -7.513251e-01 3.572124e-01
    endloop
  endfacet
  facet normal 0.000000e+00 0.000000e+00 0.000000e+00
    outer loop
      vertex -2.299448e+00 -7.513251e-01 3.572124e-01
      vertex -2.395984e+00 -5.938583e-01 2.339556e-01
      vertex -2.275402e+00 -6.304366e-01 2.339556e-01
    endloop
  endfacet
  facet normal 0.000000e+00 0.000000e+00 0.000000e+00
    outer loop
      vertex -2.299448e+00 -7.513251e-01 3.572124e-01
      vertex -2.275402e+00 -6.304366e-01 2.339556e-01
      vertex -2.150000e+00 -7.660444e-01 3.572124e-01
    endloop
  endfacet
  facet normal 0.000000e+00 0.000000e+00 0.000000e+00
    outer loop
      vertex -2.150000e+00 -7.660444e-01 3.572124e-01
      vertex -2.275402e+00 -6.304366e-01 2.339556e-01
      vertex -2.150000e+00 -6.427876e-01 2.339556e-01
    endloop
  endfacet
  facet normal 0.000000e+00 0.000000e+00 0.000000e+00
    outer loop
      vertex -2.150000e+00 -7.660444e-01 3.572124e-01
      vertex -2.150000e+00 -6.427876e-01 2.339556e-01
      vertex -2.000552e+00 -7.513251e-01 3.572124e-01
    endloop
  endfacet
  facet normal 0.000000e+00 0.000000e+00 0.000000e+00
    outer loop
      vertex -2.000552e+00 -7.513251e-01 3.572124e-01
      vertex -2.150000e+00 -6.427876e-01 2.339556e-01
      vertex -2.024598e+00 -6.304366e-01 2.339556e-01
    endloop
  endfacet
  facet normal 0.000000e+00 0.000000e+00 0.000000e+00
    outer loop
      vertex -2.000552e+00 -7.513251e-01 3.572124e-01
      vertex -2.024598e+00 -6.304366e-01 2.339556e-01
      vertex -1.856848e+00 -7.077328e-01 3.572124e-01
    endloop
  endfacet
  facet normal 0.000000e+00 0.000000e+00 0.000000e+00
    outer loop
      vertex -1.856848e+00 -7.077328e-01 3.572124e-01
      vertex -2.024598e+00 -6.304366e-01 2.339556e-01
      vertex -1.904016e+00 -5.938583e-01 2.339556e-01
    endloop
  endfacet
  facet normal 0.000000e+00 0.000000e+00 0.000000e+00
    outer loop
      vertex -1.856848e+00 -7.077328e-01 3.572124e-01
      vertex -1.904016e+00 -5.938583e-01 2.339556e-01
      vertex -1.724409e+00 -6.369427e-01 3.572124e-01
    endloop
  endfacet
  facet normal 0.000000e+00 0.000000e+00 0.000000e+00
    outer loop
      vertex -1.724409e+00 -6.369427e-01 3.572124e-01
      vertex -1.904016e+00 -5.938583e-01 2.339556e-01
      vertex -1.792886e+00 -5.344583e-01 2.339556e-01
    endloop
  endfacet
  facet normal 0.000000e+00 0.000000e+00 0.000000e+00
    outer loop
      vertex -1.724409e+00 -6.369427e-01 3.572124e-01
      vertex -1.792886e+00 -5.344583e-01 2.339556e-01
      vertex -1.608325e+00 -5.416752e-01 3.572124e-01
    endloop
  endfacet
  facet normal 0.000000e+00 0.000000e+00 0.000000e+00
    outer loop
      vertex -1.608325e+00 -5.416752e-01 3.572124e-01
      vertex -1.792886e+00 -5.344583e-01 2.339556e-01
      vertex -1.695480e+00 -4.545195e-01 2.339556e-01
    endloop
  endfacet
  facet normal 0.000000e+00 0.000000e+00 0.000000e+00
    outer loop
      vertex -1.608325e+00 -5.416752e-01 3.572124e-01
      vertex -1.695480e+00 -4.545195e-01 2.339556e-01
      vertex -1.513057e+00 -4.255915e-01 3.572124e-01
    endloop
  endfacet
  facet normal 0.000000e+00 0.000000e+00 0.000000e+00
    outer loop
      vertex -1.513057e+00 -4.255915e-01 3.572124e-01
      vertex -1.695480e+00 -4.545195e-01 2.339556e-01
      vertex -1.615542e+00 -3.571137e-01 2.339556e-01
    endloop
  endfacet
  facet normal 0.000000e+00 0.000000e+00 0.000000e+00
    outer loop
      vertex -1.513057e+00 -4.255915e-01 3.572124e-01
      vertex -1.615542e+00 -3.571137e-01 2.339556e-01
      vertex -1.442267e+00 -2.931525e-01 3.572124e-01
    endloop
  endfacet
  facet normal 0.000000e+00 0.000000e+00 0.000000e+00
    outer loop
      vertex -1.442267e+00 -2.931525e-01 3.572124e-01
      vertex -1.615542e+00 -3.571137e-01 2.339556e-01
      vertex -1.556142e+00 -2.459842e-01 2.339556e-01
    endloop
  endfacet
  facet normal 0.000000e+00 0.000000e+00 0.000000e+00
    outer loop
      vertex -1.442267e+00 -2.931525e-01 3.572124e-01
      vertex -1.556142e+00 -2.459842e-01 2.339556e-01
      vertex -1.398675e+00 -1.494479e-01 3.572124e-01
    endloop
  endfacet
  facet normal 0.000000e+00 0.000000e+00 0.000000e+00
    outer loop
      vertex -1.398675e+00 -1.494479e-01 3.572124e-01
      vertex -1.556142e+00 -2.459842e-01 2.339556e-01
      vertex -1.519563e+00 -1.254016e-01 2.339556e-01
    endloop
  endfacet
  facet normal 0.000000e+00 0.000000e+00 0.000000e+00
    outer loop
      vertex -1.398675e+00 -1.494479e-01 3.572124e-01
      vertex -1.519563e+00 -1.254016e-01 2.339556e-01
      vertex -1.383956e+00 -1.876268e-16 3.572124e-01
    endloop
  endfacet
  facet normal 0.000000e+00 0.000000e+00 0.000000e+00
    outer loop
      vertex -1.383956e+00 -1.876268e-16 3.572124e-01
      vertex -1.519563e+00 -1.254016e-01 2.339556e-01
      vertex -1.507212e+00 -1.574376e-16 2.339556e-01
    endloop
  endfacet
  facet normal 0.000000e+00 0.000000e+00 0.000000e+00
    outer loop
      vertex -1.507212e+00 0.000000e+00 2.339556e-01
      vertex -1.650000e+00 0.000000e+00 1.339746e-01
      vertex -1.519563e+00 1.254016e-01 2.339556e-01
    endloop
  endfacet
  facet normal 0.000000e+00 0.000000e+00 0.000000e+00
    outer loop
      vertex -1.519563e+00 1.254016e-01 2.339556e-01
      vertex -1.650000e+00 0.000000e+00 1.339746e-01
      vertex -1.659607e+00 9.754516e-02 1.339746e-01
    endloop
  endfacet
  facet normal 0.000000e+00 0.000000e+00 0.000000e+00
    outer loop
      vertex -1.519563e+00 1.254016e-01 2.339556e-01
      vertex -1.659607e+00 9.754516e-02 1.339746e-01
      vertex -1.556142e+00 2.459842e-01 2.339556e-01
    endloop
  endfacet
  facet normal 0.000000e+00 0.000000e+00 0.000000e+00
    outer loop
      vertex -1.556142e+00 2.459842e-01 2.339556e-01
      vertex -1.659607e+00 9.754516e-02 1.339746e-01
      vertex -1.688060e+00 1.913417e-01 1.339746e-01
    endloop
  endfacet
  facet normal 0.000000e+00 0.000000e+00 0.000000e+00
    outer loop
      vertex -1.556142e+00 2.459842e-01 2.339556e-01
      vertex -1.688060e+00 1.913417e-01 1.339746e-01
      vertex -1.615542e+00 3.571137e-01 2.339556e-01
    endloop
  endfacet
  facet normal 0.000000e+00 0.000000e+00 0.000000e+00
    outer loop
      vertex -1.615542e+00 3.571137e-01 2.339556e-01
      vertex -1.688060e+00 1.913417e-01 1.339746e-01
      vertex -1.734265e+00 2.777851e-01 1.339746e-01
    endloop
  endfacet
  facet normal 0.000000e+00 0.000000e+00 0.000000e+00
    outer loop
      vertex -1.615542e+00 3.571137e-01 2.339556e-01
      vertex -1.734265e+00 2.777851e-01 1.339746e-01
      vertex -1.695480e+00 4.545195e-01 2.339556e-01
    endloop
  endfacet
  facet normal 0.000000e+00 0.000000e+00 0.000000e+00
    outer loop
      vertex -1.695480e+00 4.545195e-01 2.339556e-01
      vertex -1.734265e+00 2.777851e-01 1.339746e-01
      vertex -1.796447e+00 3.535534e-01 1.339746e-01
    endloop
  endfacet
  facet normal 0.000000e+00 0.000000e+00 0.000000e+00
    outer loop
      vertex -1.695480e+00 4.545195e-01 2.339556e-01
      vertex -1.796447e+00 3.535534e-01 1.339746e-01
      vertex -1.792886e+00 5.344583e-01 2.339556e-01
    endloop
  endfacet
  facet normal 0.000000e+00 0.000000e+00 0.000000e+00
    outer loop
      vertex -1.792886e+00 5.344583e-01 2.339556e-01
      vertex -1.796447e+00 3.535534e-01 1.339746e-01
      vertex -1.872215e+00 4.157348e-01 1.339746e-01
    endloop
  endfacet
  facet normal 0.000000e+00 0.000000e+00 0.000000e+00
    outer loop
      vertex -1.792886e+00 5.344583e-01 2.339556e-01
      vertex -1.872215e+00 4.157348e-01 1.339746e-01
      vertex -1.904016e+00 5.938583e-01 2.339556e-01
    endloop
  endfacet
  facet normal 0.000000e+00 0.000000e+00 0.000000e+00
    outer loop
      vertex -1.904016e+00 5.938583e-01 2.339556e-01
      vertex -1.872215e+00 4.157348e-01 1.339746e-01
      vertex -1.958658e+00 4.619398e-01 1.339746e-01
    endloop
  endfacet
  facet normal 0.000000e+00 0.000000e+00 0.000000e+00
    outer loop
      vertex -1.904016e+00 5.938583e-01 2.339556e-01
      vertex -1.958658e+00 4.619398e-01 1.339746e-01
      vertex -2.024598e+00 6.304366e-01 2.339556e-01
    endloop
  endfacet
  facet normal 0.000000e+00 0.000000e+00 0.000000e+00
    outer loop
      vertex -2.024598e+00 6.304366e-01 2.339556e-01
      vertex -1.958658e+00 4.619398e-01 1.339746e-01
      vertex -2.052455e+00 4.903926e-01 1.339746e-01
    endloop
  endfacet
  facet normal 0.000000e+00 0.000000e+00 0.000000e+00
    outer loop
      vertex -2.024598e+00 6.304366e-01 2.339556e-01
      vertex -2.052455e+00 4.903926e-01 1.339746e-01
      vertex -2.150000e+00 6.427876e-01 2.339556e-01
    endloop
  endfacet
  facet normal 0.000000e+00 0.000000e+00 0.000000e+00
    outer loop
      vertex -2.150000e+00 6.427876e-01 2.339556e-01
      vertex -2.052455e+00 4.903926e-01 1.339746e-01
      vertex -2.150000e+00 5.000000e-01 1.339746e-01
    endloop
  endfacet
  facet normal 0.000000e+00 0.000000e+00 0.000000e+00
    outer loop
      vertex -2.150000e+00 6.427876e-01 2.339556e-01
      vertex -2.150000e+00 5.000000e-01 1.339746e-01
      vertex -2.275402e+00 6.304366e-01 2.339556e-01
    endloop
  endfacet
  facet normal 0.000000e+00 0.000000e+00 0.000000e+00
    outer loop
      vertex -2.275402e+00 6.304366e-01 2.339556e-01
      vertex -2.150000e+00 5.000000e-01 1.339746e-01
      vertex -2.247545e+00 4.903926e-01 1.339746e-01
    endloop
  endfacet
  facet normal 0.000000e+00 0.000000e+00 0.000000e+00
    outer loop
      vertex -2.275402e+00 6.304366e-01 2.339556e-01
      vertex -2.247545e+00 4.903926e-01 1.339746e-01
      vertex -2.395984e+00 5.938583e-01 2.339556e-01
    endloop
  endfacet
  facet normal 0.000000e+00 0.000000e+00 0.000000e+00
    outer loop
      vertex -2.395984e+00 5.938583e-01 2.339556e-01
      vertex -2.247545e+00 4.903926e-01 1.339746e-01
      vertex -2.341342e+00 4.619398e-01 1.339746e-01
    endloop
  endfacet
  facet normal 0.000000e+00 0.000000e+00 0.000000e+00
    outer loop
      vertex -2.395984e+00 5.938583e-01 2.339556e-01
      vertex -2.341342e+00 4.619398e-01 1.339746e-01
      vertex -2.507114e+00 5.344583e-01 2.339556e-01
    endloop
  endfacet
  facet normal 0.000000e+00 0.000000e+00 0.000000e+00
    outer loop
      vertex -2.507114e+00 5.344583e-01 2.339556e-01
      vertex -2.341342e+00 4.619398e-01 1.339746e-01
      vertex -2.427785e+00 4.157348e-01 1.339746e-01
    endloop
  endfacet
  facet normal 0.000000e+00 0.000000e+00 0.000000e+00
    outer loop
      vertex -2.507114e+00 5.344583e-01 2.339556e-01
      vertex -2.427785e+00 4.157348e-01 1.339746e-01
      vertex -2.604519e+00 4.545195e-01 2.339556e-01
    endloop
  endfacet
  facet normal 0.000000e+00 0.000000e+00 0.000000e+00
    outer loop
      vertex -2.604519e+00 4.545195e-01 2.339556e-01
      vertex -2.427785e+00 4.157348e-01 1.339746e-01
      vertex -2.503553e+00 3.535534e-01 1.339746e-01
    endloop
  endfacet
  facet normal 0.000000e+00 0.000000e+00 0.000000e+00
    outer loop
      vertex -2.604519e+00 4.545195e-01 2.339556e-01
      vertex -2.503553e+00 3.535534e-01 1.339746e-01
      vertex -2.684458e+00 3.571137e-01 2.339556e-01
    endloop
  endfacet
  facet normal 0.000000e+00 0.000000e+00 0.000000e+00
    outer loop
      vertex -2.684458e+00 3.571137e-01 2.339556e-01
      vertex -2.503553e+00 3.535534e-01 1.339746e-01
      vertex -2.565735e+00 2.777851e-01 1.339746e-01
    endloop
  endfacet
  facet normal 0.000000e+00 0.000000e+00 0.000000e+00
    outer loop
      vertex -2.684458e+00 3.571137e-01 2.339556e-01
      vertex -2.565735e+00 2.777851e-01 1.339746e-01
      vertex -2.743858e+00 2.459842e-01 2.339556e-01
    endloop
  endfacet
  facet normal 0.000000e+00 0.000000e+00 0.000000e+00
    outer loop
      vertex -2.743858e+00 2.459842e-01 2.339556e-01
      vertex -2.565735e+00 2.777851e-01 1.339746e-01
      vertex -2.611940e+00 1.913417e-01 1.339746e-01
    endloop
  endfacet
  facet normal 0.000000e+00 0.000000e+00 0.000000e+00
    outer loop
      vertex -2.743858e+00 2.459842e-01 2.339556e-01
      vertex -2.611940e+00 1.913417e-01 1.339746e-01
      vertex -2.780437e+00 1.254016e-01 2.339556e-01
    endloop
  endfacet
  facet normal 0.000000e+00 0.000000e+00 0.000000e+00
    outer loop
      vertex -2.780437e+00 1.254016e-01 2.339556e-01
      vertex -2.611940e+00 1.913417e-01 1.339746e-01
      vertex -2.640393e+00 9.754516e-02 1.339746e-01
    endloop
  endfacet
  facet normal 0.000000e+00 0.000000e+00 0.000000e+00
    outer loop
      vertex -2.780437e+00 1.254016e-01 2.339556e-01
      vertex -2.640393e+00 9.754516e-02 1.339746e-01
      vertex -2.792788e+00 7.871878e-17 2.339556e-01
    endloop
  endfacet
  facet normal 0.000000e+00 0.000000e+00 0.000000e+00
    outer loop
      vertex -2.792788e+00 7.871878e-17 2.339556e-01
      vertex -2.640393e+00 9.754516e-02 1.339746e-01
      vertex -2.650000e+00 6.123234e-17 1.339746e-01
    endloop
  endfacet
  facet normal 0.000000e+00 0.000000e+00 0.000000e+00
    outer loop
      vertex -2.792788e+00 7.871878e-17 2.339556e-01
      vertex -2.650000e+00 6.123234e-17 1.339746e-01
      vertex -2.780437e+00 -1.254016e-01 2.339556e-01
    endloop
  endfacet
  facet normal 0.000000e+00 0.000000e+00 0.000000e+00
    outer loop
      vertex -2.780437e+00 -1.254016e-01 2.339556e-01
      vertex -2.650000e+00 6.123234e-17 1.339746e-01
      vertex -2.640393e+00 -9.754516e-02 1.339746e-01
    endloop
  endfacet
  facet normal 0.000000e+00 0.000000e+00 0.000000e+00
    outer loop
      vertex -2.780437e+00 -1.254016e-01 2.339556e-01
      vertex -2.640393e+00 -9.754516e-02 1.339746e-01
      vertex -2.743858e+00 -2.459842e-01 2.339556e-01
    endloop
  endfacet
  facet normal 0.000000e+00 0.000000e+00 0.000000e+00
    outer loop
      vertex -2.743858e+00 -2.459842e-01 2.339556e-01
      vertex -2.640393e+00 -9.754516e-02 1.339746e-01
      vertex -2.611940e+00 -1.913417e-01 1.339746e-01
    endloop
  endfacet
  facet normal 0.000000e+00 0.000000e+00 0.000000e+00
    outer loop
      vertex -2.743858e+00 -2.459842e-01 2.339556e-01
      vertex -2.611940e+00 -1.913417e-01 1.339746e-01
      vertex -2.684458e+00 -3.571137e-01 2.339556e-01
    endloop
  endfacet
  facet normal 0.000000e+00 0.000000e+00 0.000000e+00
    outer loop
      vertex -2.684458e+00 -3.571137e-01 2.339556e-01
      vertex -2.611940e+00 -1.913417e-01 1.339746e-01
      vertex -2.565735e+00 -2.777851e-01 1.339746e-01
    endloop
  endfacet
  facet normal 0.000000e+00 0.000000e+00 0.000000e+00
    outer loop
      vertex -2.684458e+00 -3.571137e-01 2.339556e-01
      vertex -2.565735e+00 -2.777851e-01 1.339746e-01
      vertex -2.604519e+00 -4.545195e-01 2.339556e-01
    endloop
  endfacet
  facet normal 0.000000e+00 0.000000e+00 0.000000e+00
    outer loop
      vertex -2.604519e+00 -4.545195e-01 2.339556e-01
      vertex -2.565735e+00 -2.777851e-01 1.339746e-01
      vertex -2.503553e+00 -3.535534e-01 1.339746e-01
    endloop
  endfacet
  facet normal 0.000000e+00 0.000000e+00 0.000000e+00
    outer loop
      vertex -2.604519e+00 -4.545195e-01 2.339556e-01
      vertex -2.503553e+00 -3.535534e-01 1.339746e-01
      vertex -2.507114e+00 -5.344583e-01 2.339556e-01
    endloop
  endfacet
  facet normal 0.000000e+00 0.000000e+00 0.000000e+00
    outer loop
      vertex -2.507114e+00 -5.344583e-01 2.339556e-01
      vertex -2.503553e+00 -3.535534e-01 1.339746e-01
      vertex -2.427785e+00 -4.157348e-01 1.339746e-01
    endloop
  endfacet
  facet normal 0.000000e+00 0.000000e+00 0.000000e+00
    outer loop
      vertex -2.507114e+00 -5.344583e-01 2.339556e-01
      vertex -2.427785e+00 -4.157348e-01 1.339746e-01
      vertex -2.395984e+00 -5.938583e-01 2.339556e-01
    endloop
  endfacet
  facet normal 0.000000e+00 0.000000e+00 0.000000e+00
    outer loop
      vertex -2.395984e+00 -5.938583e-01 2.339556e-01
      vertex -2.427785e+00 -4.157348e-01 1.339746e-01
      vertex -2.341342e+00 -4.619398e-01 1.339746e-01
    endloop
  endfacet
  facet normal 0.000000e+00 0.000000e+00 0.000000e+00
    outer loop
      vertex -2.395984e+00 -5.938583e-01 2.339556e-01
      vertex -2.341342e+00 -4.619398e-01 1.339746e-01
      vertex -2.275402e+00 -6.304366e-01 2.339556e-01
    endloop
  endfacet
  facet normal 0.000000e+00 0.000000e+00 0.000000e+00
    outer loop
      vertex -2.275402e+00 -6.304366e-01 2.339556e-01
      vertex -2.341342e+00 -4.619398e-01 1.339746e-01
      vertex -2.247545e+00 -4.903926e-01 1.339746e-01
    endloop
  endfacet
  facet normal 0.000000e+00 0.000000e+00 0.000000e+00
    outer loop
      vertex -2.275402e+00 -6.304366e-01 2.339556e-01
      vertex -2.247545e+00 -4.903926e-01 1.339746e-01
      vertex -2.150000e+00 -6.427876e-01 2.339556e-01
    endloop
  endfacet
  facet normal 0.000000e+00 0.000000e+00 0.000000e+00
    outer loop
      vertex -2.150000e+00 -6.427876e-01 2.339556e-01
      vertex -2.247545e+00 -4.903926e-01 1.339746e-01
      vertex -2.150000e+00 -5.000000e-01 1.339746e-01
    endloop
  endfacet
  facet normal 0.000000e+00 0.000000e+00 0.000000e+00
    outer loop
      vertex -2.150000e+00 -6.427876e-01 2.339556e-01
      vertex -2.150000e+00 -5.000000e-01 1.339746e-01
      vertex -2.024598e+00 -6.304366e-01 2.339556e-01
    endloop
  endfacet
  facet normal 0.000000e+00 0.000000e+00 0.000000e+00
    outer loop
      vertex -2.024598e+00 -6.304366e-01 2.339556e-01
      vertex -2.150000e+00 -5.000000e-01 1.339746e-01
      vertex -2.052455e+00 -4.903926e-01 1.339746e-01
    endloop
  endfacet
  facet normal 0.000000e+00 0.000000e+00 0.000000e+00
    outer loop
      vertex -2.024598e+00 -6.304366e-01 2.339556e-01
      vertex -2.052455e+00 -4.903926e-01 1.339746e-01
      vertex -1.904016e+00 -5.938583e-01 2.339556e-01
    endloop
  endfacet
  facet normal 0.000000e+00 0.000000e+00 0.000000e+00
    outer loop
      vertex -1.904016e+00 -5.938583e-01 2.339556e-01
      vertex -2.052455e+00 -4.903926e-01 1.339746e-01
      vertex -1.958658e+00 -4.619398e-01 1.339746e-01
    endloop
  endfacet
  facet normal 0.000000e+00 0.000000e+00 0.000000e+00
    outer loop
      vertex -1.904016e+00 -5.938583e-01 2.339556e-01
      vertex -1.958658e+00 -4.619398e-01 1.339746e-01
      vertex -1.792886e+00 -5.344583e-01 2.339556e-01
    endloop
  endfacet
  facet normal 0.000000e+00 0.000000e+00 0.000000e+00
    outer loop
      vertex -1.792886e+00 -5.344583e-01 2.339556e-01
      vertex -1.958658e+00 -4.619398e-01 1.339746e-01
      vertex -1.872215e+00 -4.157348e-01 1.339746e-01
    endloop
  endfacet
  facet normal 0.000000e+00 0.000000e+00 0.000000e+00
    outer loop
      vertex -1.792886e+00 -5.344583e-01 2.339556e-01
      vertex -1.872215e+00 -4.157348e-01 1.339746e-01
      vertex -1.695480e+00 -4.545195e-01 2.339556e-01
    endloop
  endfacet
  facet normal 0.000000e+00 0.000000e+00 0.000000e+00
    outer loop
      vertex -1.695480e+00 -4.545195e-01 2.339556e-01
      vertex -1.872215e+00 -4.157348e-01 1.339746e-01
      vertex -1.796447e+00 -3.535534e-01 1.339746e-01
    endloop
  endfacet
  facet normal 0.000000e+00 0.000000e+00 0.000000e+00
    outer loop
      vertex -1.695480e+00 -4.545195e-01 2.339556e-01
      vertex -1.796447e+00 -3.535534e-01 1.339746e-01
      vertex -1.615542e+00 -3.571137e-01 2.339556e-01
    endloop
  endfacet
  facet normal 0.000000e+00 0.000000e+00 0.000000e+00
    outer loop
      vertex -1.615542e+00 -3.571137e-01 2.339556e-01
      vertex -1.796447e+00 -3.535534e-01 1.339746e-01
      vertex -1.734265e+00 -2.777851e-01 1.339746e-01
    endloop
  endfacet
  facet normal 0.000000e+00 0.000000e+00 0.000000e+00
    outer loop
      vertex -1.615542e+00 -3.571137e-01 2.339556e-01
      vertex -1.734265e+00 -2.777851e-01 1.339746e-01
      vertex -1.556142e+00 -2.459842e-01 2.339556e-01
    endloop
  endfacet
  facet normal 0.000000e+00 0.000000e+00 0.000000e+00
    outer loop
      vertex -1.556142e+00 -2.459842e-01 2.339556e-01
      vertex -1.734265e+00 -2.777851e-01 1.339746e-01
      vertex -1.688060e+00 -1.913417e-01 1.339746e-01
    endloop
  endfacet
  facet normal 0.000000e+00 0.000000e+00 0.000000e+00
    outer loop
      vertex -1.556142e+00 -2.459842e-01 2.339556e-01
      vertex -1.688060e+00 -1.913417e-01 1.339746e-01
      vertex -1.519563e+00 -1.254016e-01 2.339556e-01
    endloop
  endfacet
  facet normal 0.000000e+00 0.000000e+00 0.000000e+00
    outer loop
      vertex -1.519563e+00 -1.254016e-01 2.339556e-01
      vertex -1.688060e+00 -1.913417e-01 1.339746e-01
      vertex -1.659607e+00 -9.754516e-02 1.339746e-01
    endloop
  endfacet
  facet normal 0.000000e+00 0.000000e+00 0.000000e+00
    outer loop
      vertex -1.519563e+00 -1.254016e-01 2.339556e-01
      vertex -1.659607e+00 -9.754516e-02 1.339746e-01
      vertex -1.507212e+00 -1.574376e-16 2.339556e-01
    endloop
  endfacet
  facet normal 0.000000e+00 0.000000e+00 0.000000e+00
    outer loop
      vertex -1.507212e+00 -1.574376e-16 2.339556e-01
      vertex -1.659607e+00 -9.754516e-02 1.339746e-01
      vertex -1.650000e+00 -1.224647e-16 1.339746e-01
    endloop
  endfacet
  facet normal 0.000000e+00 0.000000e+00 0.000000e+00
    outer loop
      vertex -1.650000e+00 0.000000e+00 1.339746e-01
      vertex -1.807980e+00 0.000000e+00 6.030738e-02
      vertex -1.659607e+00 9.754516e-02 1.339746e-01
    endloop
  endfacet
  facet normal 0.000000e+00 0.000000e+00 0.000000e+00
    outer loop
      vertex -1.659607e+00 9.754516e-02 1.339746e-01
      vertex -1.807980e+00 0.000000e+00 6.030738e-02
      vertex -1.814552e+00 6.672482e-02 6.030738e-02
    endloop
  endfacet
  facet normal 0.000000e+00 0.000000e+00 0.000000e+00
    outer loop
      vertex -1.659607e+00 9.754516e-02 1.339746e-01
      vertex -1.814552e+00 6.672482e-02 6.030738e-02
      vertex -1.688060e+00 1.913417e-01 1.339746e-01
    endloop
  endfacet
  facet normal 0.000000e+00 0.000000e+00 0.000000e+00
    outer loop
      vertex -1.688060e+00 1.913417e-01 1.339746e-01
      vertex -1.814552e+00 6.672482e-02 6.030738e-02
      vertex -1.834015e+00 1.308854e-01 6.030738e-02
    endloop
  endfacet
  facet normal 0.000000e+00 0.000000e+00 0.000000e+00
    outer loop
      vertex -1.688060e+00 1.913417e-01 1.339746e-01
      vertex -1.834015e+00 1.308854e-01 6.030738e-02
      vertex -1.734265e+00 2.777851e-01 1.339746e-01
    endloop
  endfacet
  facet normal 0.000000e+00 0.000000e+00 0.000000e+00
    outer loop
      vertex -1.734265e+00 2.777851e-01 1.339746e-01
      vertex -1.834015e+00 1.308854e-01 6.030738e-02
      vertex -1.865621e+00 1.900162e-01 6.030738e-02
    endloop
  endfacet
  facet normal 0.000000e+00 0.000000e+00 0.000000e+00
    outer loop
      vertex -1.734265e+00 2.777851e-01 1.339746e-01
      vertex -1.865621e+00 1.900162e-01 6.030738e-02
      vertex -1.796447e+00 3.535534e-01 1.339746e-01
    endloop
  endfacet
  facet normal 0.000000e+00 0.000000e+00 0.000000e+00
    outer loop
      vertex -1.796447e+00 3.535534e-01 1.339746e-01
      vertex -1.865621e+00 1.900162e-01 6.030738e-02
      vertex -1.908155e+00 2.418448e-01 6.030738e-02
    endloop
  endfacet
  facet normal 0.000000e+00 0.000000e+00 0.000000e+00
    outer loop
      vertex -1.796447e+00 3.535534e-01 1.339746e-01
      vertex -1.908155e+00 2.418448e-01 6.030738e-02
      vertex -1.872215e+00 4.157348e-01 1.339746e-01
    endloop
  endfacet
  facet normal 0.000000e+00 0.000000e+00 0.000000e+00
    outer loop
      vertex -1.872215e+00 4.157348e-01 1.339746e-01
      vertex -1.908155e+00 2.418448e-01 6.030738e-02
      vertex -1.959984e+00 2.843794e-01 6.030738e-02
    endloop
  endfacet
  facet normal 0.000000e+00 0.000000e+00 0.000000e+00
    outer loop
      vertex -1.872215e+00 4.157348e-01 1.339746e-01
      vertex -1.959984e+00 2.843794e-01 6.030738e-02
      vertex -1.958658e+00 4.619398e-01 1.339746e-01
    endloop
  endfacet
  facet normal 0.000000e+00 0.000000e+00 0.000000e+00
    outer loop
      vertex -1.958658e+00 4.619398e-01 1.339746e-01
      vertex -1.959984e+00 2.843794e-01 6.030738e-02
      vertex -2.019114e+00 3.159854e-01 6.030738e-02
    endloop
  endfacet
  facet normal 0.000000e+00 0.000000e+00 0.000000e+00
    outer loop
      vertex -1.958658e+00 4.619398e-01 1.339746e-01
      vertex -2.019114e+00 3.159854e-01 6.030738e-02
      vertex -2.052455e+00 4.903926e-01 1.339746e-01
    endloop
  endfacet
  facet normal 0.000000e+00 0.000000e+00 0.000000e+00
    outer loop
      vertex -2.052455e+00 4.903926e-01 1.339746e-01
      vertex -2.019114e+00 3.159854e-01 6.030738e-02
      vertex -2.083275e+00 3.354483e-01 6.030738e-02
    endloop
  endfacet
  facet normal 0.000000e+00 0.000000e+00 0.000000e+00
    outer loop
      vertex -2.052455e+00 4.903926e-01 1.339746e-01
      vertex -2.083275e+00 3.354483e-01 6.030738e-02
      vertex -2.150000e+00 5.000000e-01 1.339746e-01
    endloop
  endfacet
  facet normal 0.000000e+00 0.000000e+00 0.000000e+00
    outer loop
      vertex -2.150000e+00 5.000000e-01 1.339746e-01
      vertex -2.083275e+00 3.354483e-01 6.030738e-02
      vertex -2.150000e+00 3.420202e-01 6.030738e-02
    endloop
  endfacet
  facet normal 0.000000e+00 0.000000e+00 0.000000e+00
    outer loop
      vertex -2.150000e+00 5.000000e-01 1.339746e-01
      vertex -2.150000e+00 3.420202e-01 6.030738e-02
      vertex -2.247545e+00 4.903926e-01 1.339746e-01
    endloop
  endfacet
  facet normal 0.000000e+00 0.000000e+00 0.000000e+00
    outer loop
      vertex -2.247545e+00 4.903926e-01 1.339746e-01
      vertex -2.150000e+00 3.420202e-01 6.030738e-02
      vertex -2.216725e+00 3.354483e-01 6.030738e-02
    endloop
  endfacet
  facet normal 0.000000e+00 0.000000e+00 0.000000e+00
    outer loop
      vertex -2.247545e+00 4.903926e-01 1.339746e-01
      vertex -2.216725e+00 3.354483e-01 6.030738e-02
      vertex -2.341342e+00 4.619398e-01 1.339746e-01
    endloop
  endfacet
  facet normal 0.000000e+00 0.000000e+00 0.000000e+00
    outer loop
      vertex -2.341342e+00 4.619398e-01 1.339746e-01
      vertex -2.216725e+00 3.354483e-01 6.030738e-02
      vertex -2.280885e+00 3.159854e-01 6.030738e-02
    endloop
  endfacet
  facet normal 0.000000e+00 0.000000e+00 0.000000e+00
    outer loop
      vertex -2.341342e+00 4.619398e-01 1.339746e-01
      vertex -2.280885e+00 3.159854e-01 6.030738e-02
      vertex -2.427785e+00 4.157348e-01 1.339746e-01
    endloop
  endfacet
  facet normal 0.000000e+00 0.000000e+00 0.000000e+00
    outer loop
      vertex -2.427785e+00 4.157348e-01 1.339746e-01
      vertex -2.280885e+00 3.159854e-01 6.030738e-02
      vertex -2.340016e+00 2.843794e-01 6.030738e-02
    endloop
  endfacet
  facet normal 0.000000e+00 0.000000e+00 0.000000e+00
    outer loop
      vertex -2.427785e+00 4.157348e-01 1.339746e-01
      vertex -2.340016e+00 2.843794e-01 6.030738e-02
      vertex -2.503553e+00 3.535534e-01 1.339746e-01
    endloop
  endfacet
  facet normal 0.000000e+00 0.000000e+00 0.000000e+00
    outer loop
      vertex -2.503553e+00 3.535534e-01 1.339746e-01
      vertex -2.340016e+00 2.843794e-01 6.030738e-02
      vertex -2.391845e+00 2.418448e-01 6.030738e-02
    endloop
  endfacet
  facet normal 0.000000e+00 0.000000e+00 0.000000e+00
    outer loop
      vertex -2.503553e+00 3.535534e-01 1.339746e-01
      vertex -2.391845e+00 2.418448e-01 6.030738e-02
      vertex -2.565735e+00 2.777851e-01 1.339746e-01
    endloop
  endfacet
  facet normal 0.000000e+00 0.000000e+00 0.000000e+00
    outer loop
      vertex -2.565735e+00 2.777851e-01 1.339746e-01
      vertex -2.391845e+00 2.418448e-01 6.030738e-02
      vertex -2.434379e+00 1.900162e-01 6.030738e-02
    endloop
  endfacet
  facet normal 0.000000e+00 0.000000e+00 0.000000e+00
    outer loop
      vertex -2.565735e+00 2.777851e-01 1.339746e-01
      vertex -2.434379e+00 1.900162e-01 6.030738e-02
      vertex -2.611940e+00 1.913417e-01 1.339746e-01
    endloop
  endfacet
  facet normal 0.000000e+00 0.000000e+00 0.000000e+00
    outer loop
      vertex -2.611940e+00 1.913417e-01 1.339746e-01
      vertex -2.434379e+00 1.900162e-01 6.030738e-02
      vertex -2.465985e+00 1.308854e-01 6.030738e-02
    endloop
  endfacet
  facet normal 0.000000e+00 0.000000e+00 0.000000e+00
    outer loop
      vertex -2.611940e+00 1.913417e-01 1.339746e-01
      vertex -2.465985e+00 1.308854e-01 6.030738e-02
      vertex -2.640393e+00 9.754516e-02 1.339746e-01
    endloop
  endfacet
  facet normal 0.000000e+00 0.000000e+00 0.000000e+00
    outer loop
      vertex -2.640393e+00 9.754516e-02 1.339746e-01
      vertex -2.465985e+00 1.308854e-01 6.030738e-02
      vertex -2.485448e+00 6.672482e-02 6.030738e-02
    endloop
  endfacet
  facet normal 0.000000e+00 0.000000e+00 0.000000e+00
    outer loop
      vertex -2.640393e+00 9.754516e-02 1.339746e-01
      vertex -2.485448e+00 6.672482e-02 6.030738e-02
      vertex -2.650000e+00 6.123234e-17 1.339746e-01
    endloop
  endfacet
  facet normal 0.000000e+00 0.000000e+00 0.000000e+00
    outer loop
      vertex -2.650000e+00 6.123234e-17 1.339746e-01
      vertex -2.485448e+00 6.672482e-02 6.030738e-02
      vertex -2.492020e+00 4.188539e-17 6.030738e-02
    endloop
  endfacet
  facet normal 0.000000e+00 0.000000e+00 0.000000e+00
    outer loop
      vertex -2.650000e+00 6.123234e-17 1.339746e-01
      vertex -2.492020e+00 4.188539e-17 6.030738e-02
      vertex -2.640393e+00 -9.754516e-02 1.339746e-01
    endloop
  endfacet
  facet normal 0.000000e+00 0.000000e+00 0.000000e+00
    outer loop
      vertex -2.640393e+00 -9.754516e-02 1.339746e-01
      vertex -2.492020e+00 4.188539e-17 6.030738e-02
      vertex -2.485448e+00 -6.672482e-02 6.030738e-02
    endloop
  endfacet
  facet normal 0.000000e+00 0.000000e+00 0.000000e+00
    outer loop
      vertex -2.640393e+00 -9.754516e-02 1.339746e-01
      vertex -2.485448e+00 -6.672482e-02 6.030738e-02
      vertex -2.611940e+00 -1.913417e-01 1.339746e-01
    endloop
  endfacet
  facet normal 0.000000e+00 0.000000e+00 0.000000e+00
    outer loop
      vertex -2.611940e+00 -1.913417e-01 1.339746e-01
      vertex -2.485448e+00 -6.672482e-02 6.030738e-02
      vertex -2.465985e+00 -1.308854e-01 6.030738e-02
    endloop
  endfacet
  facet normal 0.000000e+00 0.000000e+00 0.000000e+00
    outer loop
      vertex -2.611940e+00 -1.913417e-01 1.339746e-01
      vertex -2.465985e+00 -1.308854e-01 6.030738e-02
      vertex -2.565735e+00 -2.777851e-01 1.339746e-01
    endloop
  endfacet
  facet normal 0.000000e+00 0.000000e+00 0.000000e+00
    outer loop
      vertex -2.565735e+00 -2.777851e-01 1.339746e-01
      vertex -2.465985e+00 -1.308854e-01 6.030738e-02
      vertex -2.434379e+00 -1.900162e-01 6.030738e-02
    endloop
  endfacet
  facet normal 0.000000e+00 0.000000e+00 0.000000e+00
    outer loop
      vertex -2.565735e+00 -2.777851e-01 1.339746e-01
      vertex -2.434379e+00 -1.900162e-01 6.030738e-02
      vertex -2.503553e+00 -3.535534e-01 1.339746e-01
    endloop
  endfacet
  facet normal 0.000000e+00 0.000000e+00 0.000000e+00
    outer loop
      vertex -2.503553e+00 -3.535534e-01 1.339746e-01
      vertex -2.434379e+00 -1.900162e-01 6.030738e-02
      vertex -2.391845e+00 -2.418448e-01 6.030738e-02
    endloop
  endfacet
  facet normal 0.000000e+00 0.000000e+00 0.000000e+00
    outer loop
      vertex -2.503553e+00 -3.535534e-01 1.339746e-01
      vertex -2.391845e+00 -2.418448e-01 6.030738e-02
      vertex -2.427785e+00 -4.157348e-01 1.339746e-01
    endloop
  endfacet
  facet normal 0.000000e+00 0.000000e+00 0.000000e+00
    outer loop
      vertex -2.427785e+00 -4.157348e-01 1.339746e-01
      vertex -2.391845e+00 -2.418448e-01 6.030738e-02
      vertex -2.340016e+00 -2.843794e-01 6.030738e-02
    endloop
  endfacet
  facet normal 0.000000e+00 0.000000e+00 0.000000e+00
    outer loop
      vertex -2.427785e+00 -4.157348e-01 1.339746e-01
      vertex -2.340016e+00 -2.843794e-01 6.030738e-02
      vertex -2.341342e+00 -4.619398e-01 1.339746e-01
    endloop
  endfacet
  facet normal 0.000000e+00 0.000000e+00 0.000000e+00
    outer loop
      vertex -2.341342e+00 -4.619398e-01 1.339746e-01
      vertex -2.340016e+00 -2.843794e-01 6.030738e-02
      vertex -2.280885e+00 -3.159854e-01 6.030738e-02
    endloop
  endfacet
  facet normal 0.000000e+00 0.000000e+00 0.000000e+00
    outer loop
      vertex -2.341342e+00 -4.619398e-01 1.339746e-01
      vertex -2.280885e+00 -3.159854e-01 6.030738e-02
      vertex -2.247545e+00 -4.903926e-01 1.339746e-01
    endloop
  endfacet
  facet normal 0.000000e+00 0.000000e+00 0.000000e+00
    outer loop
      vertex -2.247545e+00 -4.903926e-01 1.339746e-01
      vertex -2.280885e+00 -3.159854e-01 6.030738e-02
      vertex -2.216725e+00 -3.354483e-01 6.030738e-02
    endloop
  endfacet
  facet normal 0.000000e+00 0.000000e+00 0.000000e+00
    outer loop
      vertex -2.247545e+00 -4.903926e-01 1.339746e-01
      vertex -2.216725e+00 -3.354483e-01 6.030738e-02
      vertex -2.150000e+00 -5.000000e-01 1.339746e-01
    endloop
  endfacet
  facet normal 0.000000e+00 0.000000e+00 0.000000e+00
    outer loop
      vertex -2.150000e+00 -5.000000e-01 1.339746e-01
      vertex -2.216725e+00 -3.354483e-01 6.030738e-02
      vertex -2.150000e+00 -3.420202e-01 6.030738e-02
    endloop
  endfacet
  facet normal 0.000000e+00 0.000000e+00 0.000000e+00
    outer loop
      vertex -2.150000e+00 -5.000000e-01 1.339746e-01
      vertex -2.150000e+00 -3.420202e-01 6.030738e-02
      vertex -2.052455e+00 -4.903926e-01 1.339746e-01
    endloop
  endfacet
  facet normal 0.000000e+00 0.000000e+00 0.000000e+00
    outer loop
      vertex -2.052455e+00 -4.903926e-01 1.339746e-01
      vertex -2.150000e+00 -3.420202e-01 6.030738e-02
      vertex -2.083275e+00 -3.354483e-01 6.030738e-02
    endloop
  endfacet
  facet normal 0.000000e+00 0.000000e+00 0.000000e+00
    outer loop
      vertex -2.052455e+00 -4.903926e-01 1.339746e-01
      vertex -2.083275e+00 -3.354483e-01 6.030738e-02
      vertex -1.958658e+00 -4.619398e-01 1.339746e-01
    endloop
  endfacet
  facet normal 0.000000e+00 0.000000e+00 0.000000e+00
    outer loop
      vertex -1.958658e+00 -4.619398e-01 1.339746e-01
      vertex -2.083275e+00 -3.354483e-01 6.030738e-02
      vertex -2.019114e+00 -3.159854e-01 6.030738e-02
    endloop
  endfacet
  facet normal 0.000000e+00 0.000000e+00 0.000000e+00
    outer loop
      vertex -1.958658e+00 -4.619398e-01 1.339746e-01
      vertex -2.019114e+00 -3.159854e-01 6.030738e-02
      vertex -1.872215e+00 -4.157348e-01 1.339746e-01
    endloop
  endfacet
  facet normal 0.000000e+00 0.000000e+00 0.000000e+00
    outer loop
      vertex -1.872215e+00 -4.157348e-01 1.339746e-01
      vertex -2.019114e+00 -3.159854e-01 6.030738e-02
      vertex -1.959984e+00 -2.843794e-01 6.030738e-02
    endloop
  endfacet
  facet normal 0.000000e+00 0.000000e+00 0.000000e+00
    outer loop
      vertex -1.872215e+00 -4.157348e-01 1.339746e-01
      vertex -1.959984e+00 -2.843794e-01 6.030738e-02
      vertex -1.796447e+00 -3.535534e-01 1.339746e-01
    endloop
  endfacet
  facet normal 0.000000e+00 0.000000e+00 0.000000e+00
    outer loop
      vertex -1.796447e+00 -3.535534e-01 1.339746e-01
      vertex -1.959984e+00 -2.843794e-01 6.030738e-02
      vertex -1.908155e+00 -2.418448e-01 6.030738e-02
    endloop
  endfacet
  facet normal 0.000000e+00 0.000000e+00 0.000000e+00
    outer loop
      vertex -1.796447e+00 -3.535534e-01 1.339746e-01
      vertex -1.908155e+00 -2.418448e-01 6.030738e-02
      vertex -1.734265e+00 -2.777851e-01 1.339746e-01
    endloop
  endfacet
  facet normal 0.000000e+00 0.000000e+00 0.000000e+00
    outer loop
      vertex -1.734265e+00 -2.777851e-01 1.339746e-01
      vertex -1.908155e+00 -2.418448e-01 6.030738e-02
      vertex -1.865621e+00 -1.900162e-01 6.030738e-02
    endloop
  endfacet
  facet normal 0.000000e+00 0.000000e+00 0.000000e+00
    outer loop
      vertex -1.734265e+00 -2.777851e-01 1.339746e-01
      vertex -1.865621e+00 -1.900162e-01 6.030738e-02
      vertex -1.688060e+00 -1.913417e-01 1.339746e-01
    endloop
  endfacet
  facet normal 0.000000e+00 0.000000e+00 0.000000e+00
    outer loop
      vertex -1.688060e+00 -1.913417e-01 1.339746e-01
      vertex -1.865621e+00 -1.900162e-01 6.030738e-02
      vertex -1.834015e+00 -1.308854e-01 6.030738e-02
    endloop
  endfacet
  facet normal 0.000000e+00 0.000000e+00 0.000000e+00
    outer loop
      vertex -1.688060e+00 -1.913417e-01 1.339746e-01
      vertex -1.834015e+00 -1.308854e-01 6.030738e-02
      vertex -1.659607e+00 -9.754516e-02 1.339746e-01
    endloop
  endfacet
  facet normal 0.000000e+00 0.000000e+00 0.000000e+00
    outer loop
      vertex -1.659607e+00 -9.754516e-02 1.339746e-01
      vertex -1.834015e+00 -1.308854e-01 6.030738e-02
      vertex -1.814552e+00 -6.672482e-02 6.030738e-02
    endloop
  endfacet
  facet normal 0.000000e+00 0.000000e+00 0.000000e+00
    outer loop
      vertex -1.659607e+00 -9.754516e-02 1.339746e-01
      vertex -1.814552e+00 -6.672482e-02 6.030738e-02
      vertex -1.650000e+00 -1.224647e-16 1.339746e-01
    endloop
  endfacet
  facet normal 0.000000e+00 0.000000e+00 0.000000e+00
    outer loop
      vertex -1.650000e+00 -1.224647e-16 1.339746e-01
      vertex -1.814552e+00 -6.672482e-02 6.030738e-02
      vertex -1.807980e+00 -8.377078e-17 6.030738e-02
    endloop
  endfacet
  facet normal 0.000000e+00 0.000000e+00 0.000000e+00
    outer loop
      vertex -1.807980e+00 0.000000e+00 6.030738e-02
      vertex -1.976352e+00 0.000000e+00 1.519225e-02
      vertex -1.814552e+00 6.672482e-02 6.030738e-02
    endloop
  endfacet
  facet normal 0.000000e+00 0.000000e+00 0.000000e+00
    outer loop
      vertex -1.814552e+00 6.672482e-02 6.030738e-02
      vertex -1.976352e+00 0.000000e+00 1.519225e-02
      vertex -1.979688e+00 3.387708e-02 1.519225e-02
    endloop
  endfacet
  facet normal 0.000000e+00 0.000000e+00 0.000000e+00
    outer loop
      vertex -1.814552e+00 6.672482e-02 6.030738e-02
      vertex -1.979688e+00 3.387708e-02 1.519225e-02
      vertex -1.834015e+00 1.308854e-01 6.030738e-02
    endloop
  endfacet
  facet normal 0.000000e+00 0.000000e+00 0.000000e+00
    outer loop
      vertex -1.834015e+00 1.308854e-01 6.030738e-02
      vertex -1.979688e+00 3.387708e-02 1.519225e-02
      vertex -1.989570e+00 6.645228e-02 1.519225e-02
    endloop
  endfacet
  facet normal 0.000000e+00 0.000000e+00 0.000000e+00
    outer loop
      vertex -1.834015e+00 1.308854e-01 6.030738e-02
      vertex -1.989570e+00 6.645228e-02 1.519225e-02
      vertex -1.865621e+00 1.900162e-01 6.030738e-02
    endloop
  endfacet
  facet normal 0.000000e+00 0.000000e+00 0.000000e+00
    outer loop
      vertex -1.865621e+00 1.900162e-01 6.030738e-02
      vertex -1.989570e+00 6.645228e-02 1.519225e-02
      vertex -2.005617e+00 9.647376e-02 1.519225e-02
    endloop
  endfacet
  facet normal 0.000000e+00 0.000000e+00 0.000000e+00
    outer loop
      vertex -1.865621e+00 1.900162e-01 6.030738e-02
      vertex -2.005617e+00 9.647376e-02 1.519225e-02
      vertex -1.908155e+00 2.418448e-01 6.030738e-02
    endloop
  endfacet
  facet normal 0.000000e+00 0.000000e+00 0.000000e+00
    outer loop
      vertex -1.908155e+00 2.418448e-01 6.030738e-02
      vertex -2.005617e+00 9.647376e-02 1.519225e-02
      vertex -2.027212e+00 1.227878e-01 1.519225e-02
    endloop
  endfacet
  facet normal 0.000000e+00 0.000000e+00 0.000000e+00
    outer loop
      vertex -1.908155e+00 2.418448e-01 6.030738e-02
      vertex -2.027212e+00 1.227878e-01 1.519225e-02
      vertex -1.959984e+00 2.843794e-01 6.030738e-02
    endloop
  endfacet
  facet normal 0.000000e+00 0.000000e+00 0.000000e+00
    outer loop
      vertex -1.959984e+00 2.843794e-01 6.030738e-02
      vertex -2.027212e+00 1.227878e-01 1.519225e-02
      vertex -2.053526e+00 1.443832e-01 1.519225e-02
    endloop
  endfacet
  facet normal 0.000000e+00 0.000000e+00 0.000000e+00
    outer loop
      vertex -1.959984e+00 2.843794e-01 6.030738e-02
      vertex -2.053526e+00 1.443832e-01 1.519225e-02
      vertex -2.019114e+00 3.159854e-01 6.030738e-02
    endloop
  endfacet
  facet normal 0.000000e+00 0.000000e+00 0.000000e+00
    outer loop
      vertex -2.019114e+00 3.159854e-01 6.030738e-02
      vertex -2.053526e+00 1.443832e-01 1.519225e-02
      vertex -2.083548e+00 1.604300e-01 1.519225e-02
    endloop
  endfacet
  facet normal 0.000000e+00 0.000000e+00 0.000000e+00
    outer loop
      vertex -2.019114e+00 3.159854e-01 6.030738e-02
      vertex -2.083548e+00 1.604300e-01 1.519225e-02
      vertex -2.083275e+00 3.354483e-01 6.030738e-02
    endloop
  endfacet
  facet normal 0.000000e+00 0.000000e+00 0.000000e+00
    outer loop
      vertex -2.083275e+00 3.354483e-01 6.030738e-02
      vertex -2.083548e+00 1.604300e-01 1.519225e-02
      vertex -2.116123e+00 1.703116e-01 1.519225e-02
    endloop
  endfacet
  facet normal 0.000000e+00 0.000000e+00 0.000000e+00
    outer loop
      vertex -2.083275e+00 3.354483e-01 6.030738e-02
      vertex -2.116123e+00 1.703116e-01 1.519225e-02
      vertex -2.150000e+00 3.420202e-01 6.030738e-02
    endloop
  endfacet
  facet normal 0.000000e+00 0.000000e+00 0.000000e+00
    outer loop
      vertex -2.150000e+00 3.420202e-01 6.030738e-02
      vertex -2.116123e+00 1.703116e-01 1.519225e-02
      vertex -2.150000e+00 1.736482e-01 1.519225e-02
    endloop
  endfacet
  facet normal 0.000000e+00 0.000000e+00 0.000000e+00
    outer loop
      vertex -2.150000e+00 3.420202e-01 6.030738e-02
      vertex -2.150000e+00 1.736482e-01 1.519225e-02
      vertex -2.216725e+00 3.354483e-01 6.030738e-02
    endloop
  endfacet
  facet normal 0.000000e+00 0.000000e+00 0.000000e+00
    outer loop
      vertex -2.216725e+00 3.354483e-01 6.030738e-02
      vertex -2.150000e+00 1.736482e-01 1.519225e-02
      vertex -2.183877e+00 1.703116e-01 1.519225e-02
    endloop
  endfacet
  facet normal 0.000000e+00 0.000000e+00 0.000000e+00
    outer loop
      vertex -2.216725e+00 3.354483e-01 6.030738e-02
      vertex -2.183877e+00 1.703116e-01 1.519225e-02
      vertex -2.280885e+00 3.159854e-01 6.030738e-02
    endloop
  endfacet
  facet normal 0.000000e+00 0.000000e+00 0.000000e+00
    outer loop
      vertex -2.280885e+00 3.159854e-01 6.030738e-02
      vertex -2.183877e+00 1.703116e-01 1.519225e-02
      vertex -2.216452e+00 1.604300e-01 1.519225e-02
    endloop
  endfacet
  facet normal 0.000000e+00 0.000000e+00 0.000000e+00
    outer loop
      vertex -2.280885e+00 3.159854e-01 6.030738e-02
      vertex -2.216452e+00 1.604300e-01 1.519225e-02
      vertex -2.340016e+00 2.843794e-01 6.030738e-02
    endloop
  endfacet
  facet normal 0.000000e+00 0.000000e+00 0.000000e+00
    outer loop
      vertex -2.340016e+00 2.843794e-01 6.030738e-02
      vertex -2.216452e+00 1.604300e-01 1.519225e-02
      vertex -2.246474e+00 1.443832e-01 1.519225e-02
    endloop
  endfacet
  facet normal 0.000000e+00 0.000000e+00 0.000000e+00
    outer loop
      vertex -2.340016e+00 2.843794e-01 6.030738e-02
      vertex -2.246474e+00 1.443832e-01 1.519225e-02
      vertex -2.391845e+00 2.418448e-01 6.030738e-02
    endloop
  endfacet
  facet normal 0.000000e+00 0.000000e+00 0.000000e+00
    outer loop
      vertex -2.391845e+00 2.418448e-01 6.030738e-02
      vertex -2.246474e+00 1.443832e-01 1.519225e-02
      vertex -2.272788e+00 1.227878e-01 1.519225e-02
    endloop
  endfacet
  facet normal 0.000000e+00 0.000000e+00 0.000000e+00
    outer loop
      vertex -2.391845e+00 2.418448e-01 6.030738e-02
      vertex -2.272788e+00 1.227878e-01 1.519225e-02
      vertex -2.434379e+00 1.900162e-01 6.030738e-02
    endloop
  endfacet
  facet normal 0.000000e+00 0.000000e+00 0.000000e+00
    outer loop
      vertex -2.434379e+00 1.900162e-01 6.030738e-02
      vertex -2.272788e+00 1.227878e-01 1.519225e-02
      vertex -2.294383e+00 9.647376e-02 1.519225e-02
    endloop
  endfacet
  facet normal 0.000000e+00 0.000000e+00 0.000000e+00
    outer loop
      vertex -2.434379e+00 1.900162e-01 6.030738e-02
      vertex -2.294383e+00 9.647376e-02 1.519225e-02
      vertex -2.465985e+00 1.308854e-01 6.030738e-02
    endloop
  endfacet
  facet normal 0.000000e+00 0.000000e+00 0.000000e+00
    outer loop
      vertex -2.465985e+00 1.308854e-01 6.030738e-02
      vertex -2.294383e+00 9.647376e-02 1.519225e-02
      vertex -2.310430e+00 6.645228e-02 1.519225e-02
    endloop
  endfacet
  facet normal 0.000000e+00 0.000000e+00 0.000000e+00
    outer loop
      vertex -2.465985e+00 1.308854e-01 6.030738e-02
      vertex -2.310430e+00 6.645228e-02 1.519225e-02
      vertex -2.485448e+00 6.672482e-02 6.030738e-02
    endloop
  endfacet
  facet normal 0.000000e+00 0.000000e+00 0.000000e+00
    outer loop
      vertex -2.485448e+00 6.672482e-02 6.030738e-02
      vertex -2.310430e+00 6.645228e-02 1.519225e-02
      vertex -2.320312e+00 3.387708e-02 1.519225e-02
    endloop
  endfacet
  facet normal 0.000000e+00 0.000000e+00 0.000000e+00
    outer loop
      vertex -2.485448e+00 6.672482e-02 6.030738e-02
      vertex -2.320312e+00 3.387708e-02 1.519225e-02
      vertex -2.492020e+00 4.188539e-17 6.030738e-02
    endloop
  endfacet
  facet normal 0.000000e+00 0.000000e+00 0.000000e+00
    outer loop
      vertex -2.492020e+00 4.188539e-17 6.030738e-02
      vertex -2.320312e+00 3.387708e-02 1.519225e-02
      vertex -2.323648e+00 2.126577e-17 1.519225e-02
    endloop
  endfacet
  facet normal 0.000000e+00 0.000000e+00 0.000000e+00
    outer loop
      vertex -2.492020e+00 4.188539e-17 6.030738e-02
      vertex -2.323648e+00 2.126577e-17 1.519225e-02
      vertex -2.485448e+00 -6.672482e-02 6.030738e-02
    endloop
  endfacet
  facet normal 0.000000e+00 0.000000e+00 0.000000e+00
    outer loop
      vertex -2.485448e+00 -6.672482e-02 6.030738e-02
      vertex -2.323648e+00 2.126577e-17 1.519225e-02
      vertex -2.320312e+00 -3.387708e-02 1.519225e-02
    endloop
  endfacet
  facet normal 0.000000e+00 0.000000e+00 0.000000e+00
    outer loop
      vertex -2.485448e+00 -6.672482e-02 6.030738e-02
      vertex -2.320312e+00 -3.387708e-02 1.519225e-02
      vertex -2.465985e+00 -1.308854e-01 6.030738e-02
    endloop
  endfacet
  facet normal 0.000000e+00 0.000000e+00 0.000000e+00
    outer loop
      vertex -2.465985e+00 -1.308854e-01 6.030738e-02
      vertex -2.320312e+00 -3.387708e-02 1.519225e-02
      vertex -2.310430e+00 -6.645228e-02 1.519225e-02
    endloop
  endfacet
  facet normal 0.000000e+00 0.000000e+00 0.000000e+00
    outer loop
      vertex -2.465985e+00 -1.308854e-01 6.030738e-02
      vertex -2.310430e+00 -6.645228e-02 1.519225e-02
      vertex -2.434379e+00 -1.900162e-01 6.030738e-02
    endloop
  endfacet
  facet normal 0.000000e+00 0.000000e+00 0.000000e+00
    outer loop
      vertex -2.434379e+00 -1.900162e-01 6.030738e-02
      vertex -2.310430e+00 -6.645228e-02 1.519225e-02
      vertex -2.294383e+00 -9.647376e-02 1.519225e-02
    endloop
  endfacet
  facet normal 0.000000e+00 0.000000e+00 0.000000e+00
    outer loop
      vertex -2.434379e+00 -1.900162e-01 6.030738e-02
      vertex -2.294383e+00 -9.647376e-02 1.519225e-02
      vertex -2.391845e+00 -2.418448e-01 6.030738e-02
    endloop
  endfacet
  facet normal 0.000000e+00 0.000000e+00 0.000000e+00
    outer loop
      vertex -2.391845e+00 -2.418448e-01 6.030738e-02
      vertex -2.294383e+00 -9.647376e-02 1.519225e-02
      vertex -2.272788e+00 -1.227878e-01 1.519225e-02
    endloop
  endfacet
  facet normal 0.000000e+00 0.000000e+00 0.000000e+00
    outer loop
      vertex -2.391845e+00 -2.418448e-01 6.030738e-02
      vertex -2.272788e+00 -1.227878e-01 1.519225e-02
      vertex -2.340016e+00 -2.843794e-01 6.030738e-02
    endloop
  endfacet
  facet normal 0.000000e+00 0.000000e+00 0.000000e+00
    outer loop
      vertex -2.340016e+00 -2.843794e-01 6.030738e-02
      vertex -2.272788e+00 -1.227878e-01 1.519225e-02
      vertex -2.246474e+00 -1.443832e-01 1.519225e-02
    endloop
  endfacet
  facet normal 0.000000e+00 0.000000e+00 0.000000e+00
    outer loop
      vertex -2.340016e+00 -2.843794e-01 6.030738e-02
      vertex -2.246474e+00 -1.443832e-01 1.519225e-02
      vertex -2.280885e+00 -3.159854e-01 6.030738e-02
    endloop
  endfacet
  facet normal 0.000000e+00 0.000000e+00 0.000000e+00
    outer loop
      vertex -2.280885e+00 -3.159854e-01 6.030738e-02
      vertex -2.246474e+00 -1.443832e-01 1.519225e-02
      vertex -2.216452e+00 -1.604300e-01 1.519225e-02
    endloop
  endfacet
  facet normal 0.000000e+00 0.000000e+00 0.000000e+00
    outer loop
      vertex -2.280885e+00 -3.159854e-01 6.030738e-02
      vertex -2.216452e+00 -1.604300e-01 1.519225e-02
      vertex -2.216725e+00 -3.354483e-01 6.030738e-02
    endloop
  endfacet
  facet normal 0.000000e+00 0.000000e+00 0.000000e+00
    outer loop
      vertex -2.216725e+00 -3.354483e-01 6.030738e-02
      vertex -2.216452e+00 -1.604300e-01 1.519225e-02
      vertex -2.183877e+00 -1.703116e-01 1.519225e-02
    endloop
  endfacet
  facet normal 0.000000e+00 0.000000e+00 0.000000e+00
    outer loop
      vertex -2.216725e+00 -3.354483e-01 6.030738e-02
      vertex -2.183877e+00 -1.703116e-01 1.519225e-02
      vertex -2.150000e+00 -3.420202e-01 6.030738e-02
    endloop
  endfacet
  facet normal 0.000000e+00 0.000000e+00 0.000000e+00
    outer loop
      vertex -2.150000e+00 -3.420202e-01 6.030738e-02
      vertex -2.183877e+00 -1.703116e-01 1.519225e-02
      vertex -2.150000e+00 -1.736482e-01 1.519225e-02
    endloop
  endfacet
  facet normal 0.000000e+00 0.000000e+00 0.000000e+00
    outer loop
      vertex -2.150000e+00 -3.420202e-01 6.030738e-02
      vertex -2.150000e+00 -1.736482e-01 1.519225e-02
      vertex -2.083275e+00 -3.354483e-01 6.030738e-02
    endloop
  endfacet
  facet normal 0.000000e+00 0.000000e+00 0.000000e+00
    outer loop
      vertex -2.083275e+00 -3.354483e-01 6.030738e-02
      vertex -2.150000e+00 -1.736482e-01 1.519225e-02
      vertex -2.116123e+00 -1.703116e-01 1.519225e-02
    endloop
  endfacet
  facet normal 0.000000e+00 0.000000e+00 0.000000e+00
    outer loop
      vertex -2.083275e+00 -3.354483e-01 6.030738e-02
      vertex -2.116123e+00 -1.703116e-01 1.519225e-02
      vertex -2.019114e+00 -3.159854e-01 6.030738e-02
    endloop
  endfacet
  facet normal 0.000000e+00 0.000000e+00 0.000000e+00
    outer loop
      vertex -2.019114e+00 -3.159854e-01 6.030738e-02
      vertex -2.116123e+00 -1.703116e-01 1.519225e-02
      vertex -2.083548e+00 -1.604300e-01 1.519225e-02
    endloop
  endfacet
  facet normal 0.000000e+00 0.000000e+00 0.000000e+00
    outer loop
      vertex -2.019114e+00 -3.159854e-01 6.030738e-02
      vertex -2.083548e+00 -1.604300e-01 1.519225e-02
      vertex -1.959984e+00 -2.843794e-01 6.030738e-02
    endloop
  endfacet
  facet normal 0.000000e+00 0.000000e+00 0.000000e+00
    outer loop
      vertex -1.959984e+00 -2.843794e-01 6.030738e-02
      vertex -2.083548e+00 -1.604300e-01 1.519225e-02
      vertex -2.053526e+00 -1.443832e-01 1.519225e-02
    endloop
  endfacet
  facet normal 0.000000e+00 0.000000e+00 0.000000e+00
    outer loop
      vertex -1.959984e+00 -2.843794e-01 6.030738e-02
      vertex -2.053526e+00 -1.443832e-01 1.519225e-02
      vertex -1.908155e+00 -2.418448e-01 6.030738e-02
    endloop
  endfacet
  facet normal 0.000000e+00 0.000000e+00 0.000000e+00
    outer loop
      vertex -1.908155e+00 -2.418448e-01 6.030738e-02
      vertex -2.053526e+00 -1.443832e-01 1.519225e-02
      vertex -2.027212e+00 -1.227878e-01 1.519225e-02
    endloop
  endfacet
  facet normal 0.000000e+00 0.000000e+00 0.000000e+00
    outer loop
      vertex -1.908155e+00 -2.418448e-01 6.030738e-02
      vertex -2.027212e+00 -1.227878e-01 1.519225e-02
      vertex -1.865621e+00 -1.900162e-01 6.030738e-02
    endloop
  endfacet
  facet normal 0.000000e+00 0.000000e+00 0.000000e+00
    outer loop
      vertex -1.865621e+00 -1.900162e-01 6.030738e-02
      vertex -2.027212e+00 -1.227878e-01 1.519225e-02
      vertex -2.005617e+00 -9.647376e-02 1.519225e-02
    endloop
  endfacet
  facet normal 0.000000e+00 0.000000e+00 0.000000e+00
    outer loop
      vertex -1.865621e+00 -1.900162e-01 6.030738e-02
      vertex -2.005617e+00 -9.647376e-02 1.519225e-02
      vertex -1.834015e+00 -1.308854e-01 6.030738e-02
    endloop
  endfacet
  facet normal 0.000000e+00 0.000000e+00 0.000000e+00
    outer loop
      vertex -1.834015e+00 -1.308854e-01 6.030738e-02
      vertex -2.005617e+00 -9.647376e-02 1.519225e-02
      vertex -1.989570e+00 -6.645228e-02 1.519225e-02
    endloop
  endfacet
  facet normal 0.000000e+00 0.000000e+00 0.000000e+00
    outer loop
      vertex -1.834015e+00 -1.308854e-01 6.030738e-02
      vertex -1.989570e+00 -6.645228e-02 1.519225e-02
      vertex -1.814552e+00 -6.672482e-02 6.030738e-02
    endloop
  endfacet
  facet normal 0.000000e+00 0.000000e+00 0.000000e+00
    outer loop
      vertex -1.814552e+00 -6.672482e-02 6.030738e-02
      vertex -1.989570e+00 -6.645228e-02 1.519225e-02
      vertex -1.979688e+00 -3.387708e-02 1.519225e-02
    endloop
  endfacet
  facet normal 0.000000e+00 0.000000e+00 0.000000e+00
    outer loop
      vertex -1.814552e+00 -6.672482e-02 6.030738e-02
      vertex -1.979688e+00 -3.387708e-02 1.519225e-02
      vertex -1.807980e+00 -8.377078e-17 6.030738e-02
    endloop
  endfacet
  facet normal 0.000000e+00 0.000000e+00 0.000000e+00
    outer loop
      vertex -1.807980e+00 -8.377078e-17 6.030738e-02
      vertex -1.979688e+00 -3.387708e-02 1.519225e-02
      vertex -1.976352e+00 -4.253154e-17 1.519225e-02
    endloop
  endfacet
  facet normal 0.000000e+00 0.000000e+00 0.000000e+00
    outer loop
      vertex -1.976352e+00 0.000000e+00 1.519225e-02
      vertex -2.150000e+00 0.000000e+00 0.000000e+00
      vertex -1.979688e+00 3.387708e-02 1.519225e-02
    endloop
  endfacet
  facet normal 0.000000e+00 0.000000e+00 0.000000e+00
    outer loop
      vertex -1.979688e+00 3.387708e-02 1.519225e-02
      vertex -2.150000e+00 0.000000e+00 0.000000e+00
      vertex -2.150000e+00 2.389167e-17 0.000000e+00
    endloop
  endfacet
  facet normal 0.000000e+00 0.000000e+00 0.000000e+00
    outer loop
      vertex -1.979688e+00 3.387708e-02 1.519225e-02
      vertex -2.150000e+00 2.389167e-17 0.000000e+00
      vertex -1.989570e+00 6.645228e-02 1.519225e-02
    endloop
  endfacet
  facet normal 0.000000e+00 0.000000e+00 0.000000e+00
    outer loop
      vertex -1.989570e+00 6.645228e-02 1.519225e-02
      vertex -2.150000e+00 2.389167e-17 0.000000e+00
      vertex -2.150000e+00 4.686520e-17 0.000000e+00
    endloop
  endfacet
  facet normal 0.000000e+00 0.000000e+00 0.000000e+00
    outer loop
      vertex -1.989570e+00 6.645228e-02 1.519225e-02
      vertex -2.150000e+00 4.686520e-17 0.000000e+00
      vertex -2.005617e+00 9.647376e-02 1.519225e-02
    endloop
  endfacet
  facet normal 0.000000e+00 0.000000e+00 0.000000e+00
    outer loop
      vertex -2.005617e+00 9.647376e-02 1.519225e-02
      vertex -2.150000e+00 4.686520e-17 0.000000e+00
      vertex -2.150000e+00 6.803773e-17 0.000000e+00
    endloop
  endfacet
  facet normal 0.000000e+00 0.000000e+00 0.000000e+00
    outer loop
      vertex -2.005617e+00 9.647376e-02 1.519225e-02
      vertex -2.150000e+00 6.803773e-17 0.000000e+00
      vertex -2.027212e+00 1.227878e-01 1.519225e-02
    endloop
  endfacet
  facet normal 0.000000e+00 0.000000e+00 0.000000e+00
    outer loop
      vertex -2.027212e+00 1.227878e-01 1.519225e-02
      vertex -2.150000e+00 6.803773e-17 0.000000e+00
      vertex -2.150000e+00 8.659561e-17 0.000000e+00
    endloop
  endfacet
  facet normal 0.000000e+00 0.000000e+00 0.000000e+00
    outer loop
      vertex -2.027212e+00 1.227878e-01 1.519225e-02
      vertex -2.150000e+00 8.659561e-17 0.000000e+00
      vertex -2.053526e+00 1.443832e-01 1.519225e-02
    endloop
  endfacet
  facet normal 0.000000e+00 0.000000e+00 0.000000e+00
    outer loop
      vertex -2.053526e+00 1.443832e-01 1.519225e-02
      vertex -2.150000e+00 8.659561e-17 0.000000e+00
      vertex -2.150000e+00 1.018257e-16 0.000000e+00
    endloop
  endfacet
  facet normal 0.000000e+00 0.000000e+00 0.000000e+00
    outer loop
      vertex -2.053526e+00 1.443832e-01 1.519225e-02
      vertex -2.150000e+00 1.018257e-16 0.000000e+00
      vertex -2.083548e+00 1.604300e-01 1.519225e-02
    endloop
  endfacet
  facet normal 0.000000e+00 0.000000e+00 0.000000e+00
    outer loop
      vertex -2.083548e+00 1.604300e-01 1.519225e-02
      vertex -2.150000e+00 1.018257e-16 0.000000e+00
      vertex -2.150000e+00 1.131426e-16 0.000000e+00
    endloop
  endfacet
  facet normal 0.000000e+00 0.000000e+00 0.000000e+00
    outer loop
      vertex -2.083548e+00 1.604300e-01 1.519225e-02
      vertex -2.150000e+00 1.131426e-16 0.000000e+00
      vertex -2.116123e+00 1.703116e-01 1.519225e-02
    endloop
  endfacet
  facet normal 0.000000e+00 0.000000e+00 0.000000e+00
    outer loop
      vertex -2.116123e+00 1.703116e-01 1.519225e-02
      vertex -2.150000e+00 1.131426e-16 0.000000e+00
      vertex -2.150000e+00 1.201116e-16 0.000000e+00
    endloop
  endfacet
  facet normal 0.000000e+00 0.000000e+00 0.000000e+00
    outer loop
      vertex -2.116123e+00 1.703116e-01 1.519225e-02
      vertex -2.150000e+00 1.201116e-16 0.000000e+00
      vertex -2.150000e+00 1.736482e-01 1.519225e-02
    endloop
  endfacet
  facet normal 0.000000e+00 0.000000e+00 0.000000e+00
    outer loop
      vertex -2.150000e+00 1.736482e-01 1.519225e-02
      vertex -2.150000e+00 1.201116e-16 0.000000e+00
      vertex -2.150000e+00 1.224647e-16 0.000000e+00
    endloop
  endfacet
  facet normal 0.000000e+00 0.000000e+00 0.000000e+00
    outer loop
      vertex -2.150000e+00 1.736482e-01 1.519225e-02
      vertex -2.150000e+00 1.224647e-16 0.000000e+00
      vertex -2.183877e+00 1.703116e-01 1.519225e-02
    endloop
  endfacet
  facet normal 0.000000e+00 0.000000e+00 0.000000e+00
    outer loop
      vertex -2.183877e+00 1.703116e-01 1.519225e-02
      vertex -2.150000e+00 1.224647e-16 0.000000e+00
      vertex -2.150000e+00 1.201116e-16 0.000000e+00
    endloop
  endfacet
  facet normal 0.000000e+00 0.000000e+00 0.000000e+00
    outer loop
      vertex -2.183877e+00 1.703116e-01 1.519225e-02
      vertex -2.150000e+00 1.201116e-16 0.000000e+00
      vertex -2.216452e+00 1.604300e-01 1.519225e-02
    endloop
  endfacet
  facet normal 0.000000e+00 0.000000e+00 0.000000e+00
    outer loop
      vertex -2.216452e+00 1.604300e-01 1.519225e-02
      vertex -2.150000e+00 1.201116e-16 0.000000e+00
      vertex -2.150000e+00 1.131426e-16 0.000000e+00
    endloop
  endfacet
  facet normal 0.000000e+00 0.000000e+00 0.000000e+00
    outer loop
      vertex -2.216452e+00 1.604300e-01 1.519225e-02
      vertex -2.150000e+00 1.131426e-16 0.000000e+00
      vertex -2.246474e+00 1.443832e-01 1.519225e-02
    endloop
  endfacet
  facet normal 0.000000e+00 0.000000e+00 0.000000e+00
    outer loop
      vertex -2.246474e+00 1.443832e-01 1.519225e-02
      vertex -2.150000e+00 1.131426e-16 0.000000e+00
      vertex -2.150000e+00 1.018257e-16 0.000000e+00
    endloop
  endfacet
  facet normal 0.000000e+00 0.000000e+00 0.000000e+00
    outer loop
      vertex -2.246474e+00 1.443832e-01 1.519225e-02
      vertex -2.150000e+00 1.018257e-16 0.000000e+00
      vertex -2.272788e+00 1.227878e-01 1.519225e-02
    endloop
  endfacet
  facet normal 0.000000e+00 0.000000e+00 0.000000e+00
    outer loop
      vertex -2.272788e+00 1.227878e-01 1.519225e-02
      vertex -2.150000e+00 1.018257e-16 0.000000e+00
      vertex -2.150000e+00 8.659561e-17 0.000000e+00
    endloop
  endfacet
  facet normal 0.000000e+00 0.000000e+00 0.000000e+00
    outer loop
      vertex -2.272788e+00 1.227878e-01 1.519225e-02
      vertex -2.150000e+00 8.659561e-17 0.000000e+00
      vertex -2.294383e+00 9.647376e-02 1.519225e-02
    endloop
  endfacet
  facet normal 0.000000e+00 0.000000e+00 0.000000e+00
    outer loop
      vertex -2.294383e+00 9.647376e-02 1.519225e-02
      vertex -2.150000e+00 8.659561e-17 0.000000e+00
      vertex -2.150000e+00 6.803773e-17 0.000000e+00
    endloop
  endfacet
  facet normal 0.000000e+00 0.000000e+00 0.000000e+00
    outer loop
      vertex -2.294383e+00 9.647376e-02 1.519225e-02
      vertex -2.150000e+00 6.803773e-17 0.000000e+00
      vertex -2.310430e+00 6.645228e-02 1.519225e-02
    endloop
  endfacet
  facet normal 0.000000e+00 0.000000e+00 0.000000e+00
    outer loop
      vertex -2.310430e+00 6.645228e-02 1.519225e-02
      vertex -2.150000e+00 6.803773e-17 0.000000e+00
      vertex -2.150000e+00 4.686520e-17 0.000000e+00
    endloop
  endfacet
  facet normal 0.000000e+00 0.000000e+00 0.000000e+00
    outer loop
      vertex -2.310430e+00 6.645228e-02 1.519225e-02
      vertex -2.150000e+00 4.686520e-17 0.000000e+00
      vertex -2.320312e+00 3.387708e-02 1.519225e-02
    endloop
  endfacet
  facet normal 0.000000e+00 0.000000e+00 0.000000e+00
    outer loop
      vertex -2.320312e+00 3.387708e-02 1.519225e-02
      vertex -2.150000e+00 4.686520e-17 0.000000e+00
      vertex -2.150000e+00 2.389167e-17 0.000000e+00
    endloop
  endfacet
  facet normal 0.000000e+00 0.000000e+00 0.000000e+00
    outer loop
      vertex -2.320312e+00 3.387708e-02 1.519225e-02
      vertex -2.150000e+00 2.389167e-17 0.000000e+00
      vertex -2.323648e+00 2.126577e-17 1.519225e-02
    endloop
  endfacet
  facet normal 0.000000e+00 0.000000e+00 0.000000e+00
    outer loop
      vertex -2.323648e+00 2.126577e-17 1.519225e-02
      vertex -2.150000e+00 2.389167e-17 0.000000e+00
      vertex -2.150000e+00 1.499760e-32 0.000000e+00
    endloop
  endfacet
  facet normal 0.000000e+00 0.000000e+00 0.000000e+00
    outer loop
      vertex -2.323648e+00 2.126577e-17 1.519225e-02
      vertex -2.150000e+00 1.499760e-32 0.000000e+00
      vertex -2.320312e+00 -3.387708e-02 1.519225e-02
    endloop
  endfacet
  facet normal 0.000000e+00 0.000000e+00 0.000000e+00
    outer loop
      vertex -2.320312e+00 -3.387708e-02 1.519225e-02
      vertex -2.150000e+00 1.499760e-32 0.000000e+00
      vertex -2.150000e+00 -2.389167e-17 0.000000e+00
    endloop
  endfacet
  facet normal 0.000000e+00 0.000000e+00 0.000000e+00
    outer loop
      vertex -2.320312e+00 -3.387708e-02 1.519225e-02
      vertex -2.150000e+00 -2.389167e-17 0.000000e+00
      vertex -2.310430e+00 -6.645228e-02 1.519225e-02
    endloop
  endfacet
  facet normal 0.000000e+00 0.000000e+00 0.000000e+00
    outer loop
      vertex -2.310430e+00 -6.645228e-02 1.519225e-02
      vertex -2.150000e+00 -2.389167e-17 0.000000e+00
      vertex -2.150000e+00 -4.686520e-17 0.000000e+00
    endloop
  endfacet
  facet normal 0.000000e+00 0.000000e+00 0.000000e+00
    outer loop
      vertex -2.310430e+00 -6.645228e-02 1.519225e-02
      vertex -2.150000e+00 -4.686520e-17 0.000000e+00
      vertex -2.294383e+00 -9.647376e-02 1.519225e-02
    endloop
  endfacet
  facet normal 0.000000e+00 0.000000e+00 0.000000e+00
    outer loop
      vertex -2.294383e+00 -9.647376e-02 1.519225e-02
      vertex -2.150000e+00 -4.686520e-17 0.000000e+00
      vertex -2.150000e+00 -6.803773e-17 0.000000e+00
    endloop
  endfacet
  facet normal 0.000000e+00 0.000000e+00 0.000000e+00
    outer loop
      vertex -2.294383e+00 -9.647376e-02 1.519225e-02
      vertex -2.150000e+00 -6.803773e-17 0.000000e+00
      vertex -2.272788e+00 -1.227878e-01 1.519225e-02
    endloop
  endfacet
  facet normal 0.000000e+00 0.000000e+00 0.000000e+00
    outer loop
      vertex -2.272788e+00 -1.227878e-01 1.519225e-02
      vertex -2.150000e+00 -6.803773e-17 0.000000e+00
      vertex -2.150000e+00 -8.659561e-17 0.000000e+00
    endloop
  endfacet
  facet normal 0.000000e+00 0.000000e+00 0.000000e+00
    outer loop
      vertex -2.272788e+00 -1.227878e-01 1.519225e-02
      vertex -2.150000e+00 -8.659561e-17 0.000000e+00
      vertex -2.246474e+00 -1.443832e-01 1.519225e-02
    endloop
  endfacet
  facet normal 0.000000e+00 0.000000e+00 0.000000e+00
    outer loop
      vertex -2.246474e+00 -1.443832e-01 1.519225e-02
      vertex -2.150000e+00 -8.659561e-17 0.000000e+00
      vertex -2.150000e+00 -1.018257e-16 0.000000e+00
    endloop
  endfacet
  facet normal 0.000000e+00 0.000000e+00 0.000000e+00
    outer loop
      vertex -2.246474e+00 -1.443832e-01 1.519225e-02
      vertex -2.150000e+00 -1.018257e-16 0.000000e+00
      vertex -2.216452e+00 -1.604300e-01 1.519225e-02
    endloop
  endfacet
  facet normal 0.000000e+00 0.000000e+00 0.000000e+00
    outer loop
      vertex -2.216452e+00 -1.604300e-01 1.519225e-02
      vertex -2.150000e+00 -1.018257e-16 0.000000e+00
      vertex -2.150000e+00 -1.131426e-16 0.000000e+00
    endloop
  endfacet
  facet normal 0.000000e+00 0.000000e+00 0.000000e+00
    outer loop
      vertex -2.216452e+00 -1.604300e-01 1.519225e-02
      vertex -2.150000e+00 -1.131426e-16 0.000000e+00
      vertex -2.183877e+00 -1.703116e-01 1.519225e-02
    endloop
  endfacet
  facet normal 0.000000e+00 0.000000e+00 0.000000e+00
    outer loop
      vertex -2.183877e+00 -1.703116e-01 1.519225e-02
      vertex -2.150000e+00 -1.131426e-16 0.000000e+00
      vertex -2.150000e+00 -1.201116e-16 0.000000e+00
    endloop
  endfacet
  facet normal 0.000000e+00 0.000000e+00 0.000000e+00
    outer loop
      vertex -2.183877e+00 -1.703116e-01 1.519225e-02
      vertex -2.150000e+00 -1.201116e-16 0.000000e+00
      vertex -2.150000e+00 -1.736482e-01 1.519225e-02
    endloop
  endfacet
  facet normal 0.000000e+00 0.000000e+00 0.000000e+00
    outer loop
      vertex -2.150000e+00 -1.736482e-01 1.519225e-02
      vertex -2.150000e+00 -1.201116e-16 0.000000e+00
      vertex -2.150000e+00 -1.224647e-16 0.000000e+00
    endloop
  endfacet
  facet normal 0.000000e+00 0.000000e+00 0.000000e+00
    outer loop
      vertex -2.150000e+00 -1.736482e-01 1.519225e-02
      vertex -2.150000e+00 -1.224647e-16 0.000000e+00
      vertex -2.116123e+00 -1.703116e-01 1.519225e-02
    endloop
  endfacet
  facet normal 0.000000e+00 0.000000e+00 0.000000e+00
    outer loop
      vertex -2.116123e+00 -1.703116e-01 1.519225e-02
      vertex -2.150000e+00 -1.224647e-16 0.000000e+00
      vertex -2.150000e+00 -1.201116e-16 0.000000e+00
    endloop
  endfacet
  facet normal 0.000000e+00 0.000000e+00 0.000000e+00
    outer loop
      vertex -2.116123e+00 -1.703116e-01 1.519225e-02
      vertex -2.150000e+00 -1.201116e-16 0.000000e+00
      vertex -2.083548e+00 -1.604300e-01 1.519225e-02
    endloop
  endfacet
  facet normal 0.000000e+00 0.000000e+00 0.000000e+00
    outer loop
      vertex -2.083548e+00 -1.604300e-01 1.519225e-02
      vertex -2.150000e+00 -1.201116e-16 0.000000e+00
      vertex -2.150000e+00 -1.131426e-16 0.000000e+00
    endloop
  endfacet
  facet normal 0.000000e+00 0.000000e+00 0.000000e+00
    outer loop
      vertex -2.083548e+00 -1.604300e-01 1.519225e-02
      vertex -2.150000e+00 -1.131426e-16 0.000000e+00
      vertex -2.053526e+00 -1.443832e-01 1.519225e-02
    endloop
  endfacet
  facet normal 0.000000e+00 0.000000e+00 0.000000e+00
    outer loop
      vertex -2.053526e+00 -1.443832e-01 1.519225e-02
      vertex -2.150000e+00 -1.131426e-16 0.000000e+00
      vertex -2.150000e+00 -1.018257e-16 0.000000e+00
    endloop
  endfacet
  facet normal 0.000000e+00 0.000000e+00 0.000000e+00
    outer loop
      vertex -2.053526e+00 -1.443832e-01 1.519225e-02
      vertex -2.150000e+00 -1.018257e-16 0.000000e+00
      vertex -2.027212e+00 -1.227878e-01 1.519225e-02
    endloop
  endfacet
  facet normal 0.000000e+00 0.000000e+00 0.000000e+00
    outer loop
      vertex -2.027212e+00 -1.227878e-01 1.519225e-02
      vertex -2.150000e+00 -1.018257e-16 0.000000e+00
      vertex -2.150000e+00 -8.659561e-17 0.000000e+00
    endloop
  endfacet
  facet normal 0.000000e+00 0.000000e+00 0.000000e+00
    outer loop
      vertex -2.027212e+00 -1.227878e-01 1.519225e-02
      vertex -2.150000e+00 -8.659561e-17 0.000000e+00
      vertex -2.005617e+00 -9.647376e-02 1.519225e-02
    endloop
  endfacet
  facet normal 0.000000e+00 0.000000e+00 0.000000e+00
    outer loop
      vertex -2.005617e+00 -9.647376e-02 1.519225e-02
      vertex -2.150000e+00 -8.659561e-17 0.000000e+00
      vertex -2.150000e+00 -6.803773e-17 0.000000e+00
    endloop
  endfacet
  facet normal 0.000000e+00 0.000000e+00 0.000000e+00
    outer loop
      vertex -2.005617e+00 -9.647376e-02 1.519225e-02
      vertex -2.150000e+00 -6.803773e-17 0.000000e+00
      vertex -1.989570e+00 -6.645228e-02 1.519225e-02
    endloop
  endfacet
  facet normal 0.000000e+00 0.000000e+00 0.000000e+00
    outer loop
      vertex -1.989570e+00 -6.645228e-02 1.519225e-02
      vertex -2.150000e+00 -6.803773e-17 0.000000e+00
      vertex -2.150000e+00 -4.686520e-17 0.000000e+00
    endloop
  endfacet
  facet normal 0.000000e+00 0.000000e+00 0.000000e+00
    outer loop
      vertex -1.989570e+00 -6.645228e-02 1.519225e-02
      vertex -2.150000e+00 -4.686520e-17 0.000000e+00
      vertex -1.979688e+00 -3.387708e-02 1.519225e-02
    endloop
  endfacet
  facet normal 0.000000e+00 0.000000e+00 0.000000e+00
    outer loop
      vertex -1.979688e+00 -3.387708e-02 1.519225e-02
      vertex -2.150000e+00 -4.686520e-17 0.000000e+00
      vertex -2.150000e+00 -2.389167e-17 0.000000e+00
    endloop
  endfacet
  facet normal 0.000000e+00 0.000000e+00 0.000000e+00
    outer loop
      vertex -1.979688e+00 -3.387708e-02 1.519225e-02
      vertex -2.150000e+00 -2.389167e-17 0.000000e+00
      vertex -1.976352e+00 -4.253154e-17 1.519225e-02
    endloop
  endfacet
  facet normal 0.000000e+00 0.000000e+00 0.000000e+00
    outer loop
      vertex -1.976352e+00 -4.253154e-17 1.519225e-02
      vertex -2.150000e+00 -2.389167e-17 0.000000e+00
      vertex -2.150000e+00 -2.999520e-32 0.000000e+00
    endloop
  endfacet
endsolid solidlens
