solid solidlens
  facet normal 0.000000e+00 0.000000e+00 0.000000e+00
    outer loop
      vertex -1.010000e+00 0.000000e+00 1.300000e+00
      vertex -1.028838e+00 2.153237e-01 1.300000e+00
      vertex -1.038719e+00 0.000000e+00 1.425826e+00
    endloop
  endfacet
  facet normal 0.000000e+00 0.000000e+00 0.000000e+00
    outer loop
      vertex -1.038719e+00 0.000000e+00 1.425826e+00
      vertex -1.028838e+00 2.153237e-01 1.300000e+00
      vertex -1.057121e+00 2.103367e-01 1.425826e+00
    endloop
  endfacet
  facet normal 0.000000e+00 0.000000e+00 0.000000e+00
    outer loop
      vertex -1.038719e+00 0.000000e+00 1.425826e+00
      vertex -1.057121e+00 2.103367e-01 1.425826e+00
      vertex -1.119188e+00 0.000000e+00 1.526731e+00
    endloop
  endfacet
  facet normal 0.000000e+00 0.000000e+00 0.000000e+00
    outer loop
      vertex -1.119188e+00 0.000000e+00 1.526731e+00
      vertex -1.057121e+00 2.103367e-01 1.425826e+00
      vertex -1.136368e+00 1.963634e-01 1.526731e+00
    endloop
  endfacet
  facet normal 0.000000e+00 0.000000e+00 0.000000e+00
    outer loop
      vertex -1.119188e+00 0.000000e+00 1.526731e+00
      vertex -1.136368e+00 1.963634e-01 1.526731e+00
      vertex -1.235469e+00 0.000000e+00 1.582729e+00
    endloop
  endfacet
  facet normal 0.000000e+00 0.000000e+00 0.000000e+00
    outer loop
      vertex -1.235469e+00 0.000000e+00 1.582729e+00
      vertex -1.136368e+00 1.963634e-01 1.526731e+00
      vertex -1.250882e+00 1.761715e-01 1.582729e+00
    endloop
  endfacet
  facet normal 0.000000e+00 0.000000e+00 0.000000e+00
    outer loop
      vertex -1.235469e+00 0.000000e+00 1.582729e+00
      vertex -1.250882e+00 1.761715e-01 1.582729e+00
      vertex -1.364531e+00 0.000000e+00 1.582729e+00
    endloop
  endfacet
  facet normal 0.000000e+00 0.000000e+00 0.000000e+00
    outer loop
      vertex -1.364531e+00 0.000000e+00 1.582729e+00
      vertex -1.250882e+00 1.761715e-01 1.582729e+00
      vertex -1.377983e+00 1.537601e-01 1.582729e+00
    endloop
  endfacet
  facet normal 0.000000e+00 0.000000e+00 0.000000e+00
    outer loop
      vertex -1.364531e+00 0.000000e+00 1.582729e+00
      vertex -1.377983e+00 1.537601e-01 1.582729e+00
      vertex -1.480812e+00 0.000000e+00 1.526731e+00
    endloop
  endfacet
  facet normal 0.000000e+00 0.000000e+00 0.000000e+00
    outer loop
      vertex -1.480812e+00 0.000000e+00 1.526731e+00
      vertex -1.377983e+00 1.537601e-01 1.582729e+00
      vertex -1.492498e+00 1.335681e-01 1.526731e+00
    endloop
  endfacet
  facet normal 0.000000e+00 0.000000e+00 0.000000e+00
    outer loop
      vertex -1.480812e+00 0.000000e+00 1.526731e+00
      vertex -1.492498e+00 1.335681e-01 1.526731e+00
      vertex -1.561281e+00 0.000000e+00 1.425826e+00
    endloop
  endfacet
  facet normal 0.000000e+00 0.000000e+00 0.000000e+00
    outer loop
      vertex -1.561281e+00 0.000000e+00 1.425826e+00
      vertex -1.492498e+00 1.335681e-01 1.526731e+00
      vertex -1.571744e+00 1.195948e-01 1.425826e+00
    endloop
  endfacet
  facet normal 0.000000e+00 0.000000e+00 0.000000e+00
    outer loop
      vertex -1.561281e+00 0.000000e+00 1.425826e+00
      vertex -1.571744e+00 1.195948e-01 1.425826e+00
      vertex -1.590000e+00 0.000000e+00 1.300000e+00
    endloop
  endfacet
  facet normal 0.000000e+00 0.000000e+00 0.000000e+00
    outer loop
      vertex -1.590000e+00 0.000000e+00 1.300000e+00
      vertex -1.571744e+00 1.195948e-01 1.425826e+00
      vertex -1.600027e+00 1.146078e-01 1.300000e+00
    endloop
  endfacet
  facet normal 0.000000e+00 0.000000e+00 0.000000e+00
    outer loop
      vertex -1.590000e+00 0.000000e+00 1.300000e+00
      vertex -1.600027e+00 1.146078e-01 1.300000e+00
      vertex -1.561281e+00 0.000000e+00 1.174174e+00
    endloop
  endfacet
  facet normal 0.000000e+00 0.000000e+00 0.000000e+00
    outer loop
      vertex -1.561281e+00 0.000000e+00 1.174174e+00
      vertex -1.600027e+00 1.146078e-01 1.300000e+00
      vertex -1.571744e+00 1.195948e-01 1.174174e+00
    endloop
  endfacet
  facet normal 0.000000e+00 0.000000e+00 0.000000e+00
    outer loop
      vertex -1.561281e+00 0.000000e+00 1.174174e+00
      vertex -1.571744e+00 1.195948e-01 1.174174e+00
      vertex -1.480812e+00 0.000000e+00 1.073269e+00
    endloop
  endfacet
  facet normal 0.000000e+00 0.000000e+00 0.000000e+00
    outer loop
      vertex -1.480812e+00 0.000000e+00 1.073269e+00
      vertex -1.571744e+00 1.195948e-01 1.174174e+00
      vertex -1.492498e+00 1.335681e-01 1.073269e+00
    endloop
  endfacet
  facet normal 0.000000e+00 0.000000e+00 0.000000e+00
    outer loop
      vertex -1.480812e+00 0.000000e+00 1.073269e+00
      vertex -1.492498e+00 1.335681e-01 1.073269e+00
      vertex -1.364531e+00 0.000000e+00 1.017271e+00
    endloop
  endfacet
  facet normal 0.000000e+00 0.000000e+00 0.000000e+00
    outer loop
      vertex -1.364531e+00 0.000000e+00 1.017271e+00
      vertex -1.492498e+00 1.335681e-01 1.073269e+00
      vertex -1.377983e+00 1.537601e-01 1.017271e+00
    endloop
  endfacet
  facet normal 0.000000e+00 0.000000e+00 0.000000e+00
    outer loop
      vertex -1.364531e+00 0.000000e+00 1.017271e+00
      vertex -1.377983e+00 1.537601e-01 1.017271e+00
      vertex -1.235469e+00 0.000000e+00 1.017271e+00
    endloop
  endfacet
  facet normal 0.000000e+00 0.000000e+00 0.000000e+00
    outer loop
      vertex -1.235469e+00 0.000000e+00 1.017271e+00
      vertex -1.377983e+00 1.537601e-01 1.017271e+00
      vertex -1.250882e+00 1.761715e-01 1.017271e+00
    endloop
  endfacet
  facet normal 0.000000e+00 0.000000e+00 0.000000e+00
    outer loop
      vertex -1.235469e+00 0.000000e+00 1.017271e+00
      vertex -1.250882e+00 1.761715e-01 1.017271e+00
      vertex -1.119188e+00 0.000000e+00 1.073269e+00
    endloop
  endfacet
  facet normal 0.000000e+00 0.000000e+00 0.000000e+00
    outer loop
      vertex -1.119188e+00 0.000000e+00 1.073269e+00
      vertex -1.250882e+00 1.761715e-01 1.017271e+00
      vertex -1.136368e+00 1.963634e-01 1.073269e+00
    endloop
  endfacet
  facet normal 0.000000e+00 0.000000e+00 0.000000e+00
    outer loop
      vertex -1.119188e+00 0.000000e+00 1.073269e+00
      vertex -1.136368e+00 1.963634e-01 1.073269e+00
      vertex -1.038719e+00 0.000000e+00 1.174174e+00
    endloop
  endfacet
  facet normal 0.000000e+00 0.000000e+00 0.000000e+00
    outer loop
      vertex -1.038719e+00 0.000000e+00 1.174174e+00
      vertex -1.136368e+00 1.963634e-01 1.073269e+00
      vertex -1.057121e+00 2.103367e-01 1.174174e+00
    endloop
  endfacet
  facet normal 0.000000e+00 0.000000e+00 0.000000e+00
    outer loop
      vertex -1.038719e+00 0.000000e+00 1.174174e+00
      vertex -1.057121e+00 2.103367e-01 1.174174e+00
      vertex -1.010000e+00 0.000000e+00 1.300000e+00
    endloop
  endfacet
  facet normal 0.000000e+00 0.000000e+00 0.000000e+00
    outer loop
      vertex -1.010000e+00 0.000000e+00 1.300000e+00
      vertex -1.057121e+00 2.103367e-01 1.174174e+00
      vertex -1.028838e+00 2.153237e-01 1.300000e+00
    endloop
  endfacet
  facet normal 0.000000e+00 0.000000e+00 0.000000e+00
    outer loop
      vertex -1.028838e+00 2.153237e-01 1.300000e+00
      vertex -1.084781e+00 4.241050e-01 1.300000e+00
      vertex -1.057121e+00 2.103367e-01 1.425826e+00
    endloop
  endfacet
  facet normal 0.000000e+00 0.000000e+00 0.000000e+00
    outer loop
      vertex -1.057121e+00 2.103367e-01 1.425826e+00
      vertex -1.084781e+00 4.241050e-01 1.300000e+00
      vertex -1.111768e+00 4.142825e-01 1.425826e+00
    endloop
  endfacet
  facet normal 0.000000e+00 0.000000e+00 0.000000e+00
    outer loop
      vertex -1.057121e+00 2.103367e-01 1.425826e+00
      vertex -1.111768e+00 4.142825e-01 1.425826e+00
      vertex -1.136368e+00 1.963634e-01 1.526731e+00
    endloop
  endfacet
  facet normal 0.000000e+00 0.000000e+00 0.000000e+00
    outer loop
      vertex -1.136368e+00 1.963634e-01 1.526731e+00
      vertex -1.111768e+00 4.142825e-01 1.425826e+00
      vertex -1.187384e+00 3.867605e-01 1.526731e+00
    endloop
  endfacet
  facet normal 0.000000e+00 0.000000e+00 0.000000e+00
    outer loop
      vertex -1.136368e+00 1.963634e-01 1.526731e+00
      vertex -1.187384e+00 3.867605e-01 1.526731e+00
      vertex -1.250882e+00 1.761715e-01 1.582729e+00
    endloop
  endfacet
  facet normal 0.000000e+00 0.000000e+00 0.000000e+00
    outer loop
      vertex -1.250882e+00 1.761715e-01 1.582729e+00
      vertex -1.187384e+00 3.867605e-01 1.526731e+00
      vertex -1.296653e+00 3.469900e-01 1.582729e+00
    endloop
  endfacet
  facet normal 0.000000e+00 0.000000e+00 0.000000e+00
    outer loop
      vertex -1.250882e+00 1.761715e-01 1.582729e+00
      vertex -1.296653e+00 3.469900e-01 1.582729e+00
      vertex -1.377983e+00 1.537601e-01 1.582729e+00
    endloop
  endfacet
  facet normal 0.000000e+00 0.000000e+00 0.000000e+00
    outer loop
      vertex -1.377983e+00 1.537601e-01 1.582729e+00
      vertex -1.296653e+00 3.469900e-01 1.582729e+00
      vertex -1.417931e+00 3.028482e-01 1.582729e+00
    endloop
  endfacet
  facet normal 0.000000e+00 0.000000e+00 0.000000e+00
    outer loop
      vertex -1.377983e+00 1.537601e-01 1.582729e+00
      vertex -1.417931e+00 3.028482e-01 1.582729e+00
      vertex -1.492498e+00 1.335681e-01 1.526731e+00
    endloop
  endfacet
  facet normal 0.000000e+00 0.000000e+00 0.000000e+00
    outer loop
      vertex -1.492498e+00 1.335681e-01 1.526731e+00
      vertex -1.417931e+00 3.028482e-01 1.582729e+00
      vertex -1.527200e+00 2.630778e-01 1.526731e+00
    endloop
  endfacet
  facet normal 0.000000e+00 0.000000e+00 0.000000e+00
    outer loop
      vertex -1.492498e+00 1.335681e-01 1.526731e+00
      vertex -1.527200e+00 2.630778e-01 1.526731e+00
      vertex -1.571744e+00 1.195948e-01 1.425826e+00
    endloop
  endfacet
  facet normal 0.000000e+00 0.000000e+00 0.000000e+00
    outer loop
      vertex -1.571744e+00 1.195948e-01 1.425826e+00
      vertex -1.527200e+00 2.630778e-01 1.526731e+00
      vertex -1.602816e+00 2.355558e-01 1.425826e+00
    endloop
  endfacet
  facet normal 0.000000e+00 0.000000e+00 0.000000e+00
    outer loop
      vertex -1.571744e+00 1.195948e-01 1.425826e+00
      vertex -1.602816e+00 2.355558e-01 1.425826e+00
      vertex -1.600027e+00 1.146078e-01 1.300000e+00
    endloop
  endfacet
  facet normal 0.000000e+00 0.000000e+00 0.000000e+00
    outer loop
      vertex -1.600027e+00 1.146078e-01 1.300000e+00
      vertex -1.602816e+00 2.355558e-01 1.425826e+00
      vertex -1.629803e+00 2.257333e-01 1.300000e+00
    endloop
  endfacet
  facet normal 0.000000e+00 0.000000e+00 0.000000e+00
    outer loop
      vertex -1.600027e+00 1.146078e-01 1.300000e+00
      vertex -1.629803e+00 2.257333e-01 1.300000e+00
      vertex -1.571744e+00 1.195948e-01 1.174174e+00
    endloop
  endfacet
  facet normal 0.000000e+00 0.000000e+00 0.000000e+00
    outer loop
      vertex -1.571744e+00 1.195948e-01 1.174174e+00
      vertex -1.629803e+00 2.257333e-01 1.300000e+00
      vertex -1.602816e+00 2.355558e-01 1.174174e+00
    endloop
  endfacet
  facet normal 0.000000e+00 0.000000e+00 0.000000e+00
    outer loop
      vertex -1.571744e+00 1.195948e-01 1.174174e+00
      vertex -1.602816e+00 2.355558e-01 1.174174e+00
      vertex -1.492498e+00 1.335681e-01 1.073269e+00
    endloop
  endfacet
  facet normal 0.000000e+00 0.000000e+00 0.000000e+00
    outer loop
      vertex -1.492498e+00 1.335681e-01 1.073269e+00
      vertex -1.602816e+00 2.355558e-01 1.174174e+00
      vertex -1.527200e+00 2.630778e-01 1.073269e+00
    endloop
  endfacet
  facet normal 0.000000e+00 0.000000e+00 0.000000e+00
    outer loop
      vertex -1.492498e+00 1.335681e-01 1.073269e+00
      vertex -1.527200e+00 2.630778e-01 1.073269e+00
      vertex -1.377983e+00 1.537601e-01 1.017271e+00
    endloop
  endfacet
  facet normal 0.000000e+00 0.000000e+00 0.000000e+00
    outer loop
      vertex -1.377983e+00 1.537601e-01 1.017271e+00
      vertex -1.527200e+00 2.630778e-01 1.073269e+00
      vertex -1.417931e+00 3.028482e-01 1.017271e+00
    endloop
  endfacet
  facet normal 0.000000e+00 0.000000e+00 0.000000e+00
    outer loop
      vertex -1.377983e+00 1.537601e-01 1.017271e+00
      vertex -1.417931e+00 3.028482e-01 1.017271e+00
      vertex -1.250882e+00 1.761715e-01 1.017271e+00
    endloop
  endfacet
  facet normal 0.000000e+00 0.000000e+00 0.000000e+00
    outer loop
      vertex -1.250882e+00 1.761715e-01 1.017271e+00
      vertex -1.417931e+00 3.028482e-01 1.017271e+00
      vertex -1.296653e+00 3.469900e-01 1.017271e+00
    endloop
  endfacet
  facet normal 0.000000e+00 0.000000e+00 0.000000e+00
    outer loop
      vertex -1.250882e+00 1.761715e-01 1.017271e+00
      vertex -1.296653e+00 3.469900e-01 1.017271e+00
      vertex -1.136368e+00 1.963634e-01 1.073269e+00
    endloop
  endfacet
  facet normal 0.000000e+00 0.000000e+00 0.000000e+00
    outer loop
      vertex -1.136368e+00 1.963634e-01 1.073269e+00
      vertex -1.296653e+00 3.469900e-01 1.017271e+00
      vertex -1.187384e+00 3.867605e-01 1.073269e+00
    endloop
  endfacet
  facet normal 0.000000e+00 0.000000e+00 0.000000e+00
    outer loop
      vertex -1.136368e+00 1.963634e-01 1.073269e+00
      vertex -1.187384e+00 3.867605e-01 1.073269e+00
      vertex -1.057121e+00 2.103367e-01 1.174174e+00
    endloop
  endfacet
  facet normal 0.000000e+00 0.000000e+00 0.000000e+00
    outer loop
      vertex -1.057121e+00 2.103367e-01 1.174174e+00
      vertex -1.187384e+00 3.867605e-01 1.073269e+00
      vertex -1.111768e+00 4.142825e-01 1.174174e+00
    endloop
  endfacet
  facet normal 0.000000e+00 0.000000e+00 0.000000e+00
    outer loop
      vertex -1.057121e+00 2.103367e-01 1.174174e+00
      vertex -1.111768e+00 4.142825e-01 1.174174e+00
      vertex -1.028838e+00 2.153237e-01 1.300000e+00
    endloop
  endfacet
  facet normal 0.000000e+00 0.000000e+00 0.000000e+00
    outer loop
      vertex -1.028838e+00 2.153237e-01 1.300000e+00
      vertex -1.111768e+00 4.142825e-01 1.174174e+00
      vertex -1.084781e+00 4.241050e-01 1.300000e+00
    endloop
  endfacet
  facet normal 0.000000e+00 0.000000e+00 0.000000e+00
    outer loop
      vertex -1.084781e+00 4.241050e-01 1.300000e+00
      vertex -1.176129e+00 6.200000e-01 1.300000e+00
      vertex -1.111768e+00 4.142825e-01 1.425826e+00
    endloop
  endfacet
  facet normal 0.000000e+00 0.000000e+00 0.000000e+00
    outer loop
      vertex -1.111768e+00 4.142825e-01 1.425826e+00
      vertex -1.176129e+00 6.200000e-01 1.300000e+00
      vertex -1.201000e+00 6.056405e-01 1.425826e+00
    endloop
  endfacet
  facet normal 0.000000e+00 0.000000e+00 0.000000e+00
    outer loop
      vertex -1.111768e+00 4.142825e-01 1.425826e+00
      vertex -1.201000e+00 6.056405e-01 1.425826e+00
      vertex -1.187384e+00 3.867605e-01 1.526731e+00
    endloop
  endfacet
  facet normal 0.000000e+00 0.000000e+00 0.000000e+00
    outer loop
      vertex -1.187384e+00 3.867605e-01 1.526731e+00
      vertex -1.201000e+00 6.056405e-01 1.425826e+00
      vertex -1.270688e+00 5.654060e-01 1.526731e+00
    endloop
  endfacet
  facet normal 0.000000e+00 0.000000e+00 0.000000e+00
    outer loop
      vertex -1.187384e+00 3.867605e-01 1.526731e+00
      vertex -1.270688e+00 5.654060e-01 1.526731e+00
      vertex -1.296653e+00 3.469900e-01 1.582729e+00
    endloop
  endfacet
  facet normal 0.000000e+00 0.000000e+00 0.000000e+00
    outer loop
      vertex -1.296653e+00 3.469900e-01 1.582729e+00
      vertex -1.270688e+00 5.654060e-01 1.526731e+00
      vertex -1.371390e+00 5.072655e-01 1.582729e+00
    endloop
  endfacet
  facet normal 0.000000e+00 0.000000e+00 0.000000e+00
    outer loop
      vertex -1.296653e+00 3.469900e-01 1.582729e+00
      vertex -1.371390e+00 5.072655e-01 1.582729e+00
      vertex -1.417931e+00 3.028482e-01 1.582729e+00
    endloop
  endfacet
  facet normal 0.000000e+00 0.000000e+00 0.000000e+00
    outer loop
      vertex -1.417931e+00 3.028482e-01 1.582729e+00
      vertex -1.371390e+00 5.072655e-01 1.582729e+00
      vertex -1.483161e+00 4.427345e-01 1.582729e+00
    endloop
  endfacet
  facet normal 0.000000e+00 0.000000e+00 0.000000e+00
    outer loop
      vertex -1.417931e+00 3.028482e-01 1.582729e+00
      vertex -1.483161e+00 4.427345e-01 1.582729e+00
      vertex -1.527200e+00 2.630778e-01 1.526731e+00
    endloop
  endfacet
  facet normal 0.000000e+00 0.000000e+00 0.000000e+00
    outer loop
      vertex -1.527200e+00 2.630778e-01 1.526731e+00
      vertex -1.483161e+00 4.427345e-01 1.582729e+00
      vertex -1.583864e+00 3.845940e-01 1.526731e+00
    endloop
  endfacet
  facet normal 0.000000e+00 0.000000e+00 0.000000e+00
    outer loop
      vertex -1.527200e+00 2.630778e-01 1.526731e+00
      vertex -1.583864e+00 3.845940e-01 1.526731e+00
      vertex -1.602816e+00 2.355558e-01 1.425826e+00
    endloop
  endfacet
  facet normal 0.000000e+00 0.000000e+00 0.000000e+00
    outer loop
      vertex -1.602816e+00 2.355558e-01 1.425826e+00
      vertex -1.583864e+00 3.845940e-01 1.526731e+00
      vertex -1.653552e+00 3.443595e-01 1.425826e+00
    endloop
  endfacet
  facet normal 0.000000e+00 0.000000e+00 0.000000e+00
    outer loop
      vertex -1.602816e+00 2.355558e-01 1.425826e+00
      vertex -1.653552e+00 3.443595e-01 1.425826e+00
      vertex -1.629803e+00 2.257333e-01 1.300000e+00
    endloop
  endfacet
  facet normal 0.000000e+00 0.000000e+00 0.000000e+00
    outer loop
      vertex -1.629803e+00 2.257333e-01 1.300000e+00
      vertex -1.653552e+00 3.443595e-01 1.425826e+00
      vertex -1.678423e+00 3.300000e-01 1.300000e+00
    endloop
  endfacet
  facet normal 0.000000e+00 0.000000e+00 0.000000e+00
    outer loop
      vertex -1.629803e+00 2.257333e-01 1.300000e+00
      vertex -1.678423e+00 3.300000e-01 1.300000e+00
      vertex -1.602816e+00 2.355558e-01 1.174174e+00
    endloop
  endfacet
  facet normal 0.000000e+00 0.000000e+00 0.000000e+00
    outer loop
      vertex -1.602816e+00 2.355558e-01 1.174174e+00
      vertex -1.678423e+00 3.300000e-01 1.300000e+00
      vertex -1.653552e+00 3.443595e-01 1.174174e+00
    endloop
  endfacet
  facet normal 0.000000e+00 0.000000e+00 0.000000e+00
    outer loop
      vertex -1.602816e+00 2.355558e-01 1.174174e+00
      vertex -1.653552e+00 3.443595e-01 1.174174e+00
      vertex -1.527200e+00 2.630778e-01 1.073269e+00
    endloop
  endfacet
  facet normal 0.000000e+00 0.000000e+00 0.000000e+00
    outer loop
      vertex -1.527200e+00 2.630778e-01 1.073269e+00
      vertex -1.653552e+00 3.443595e-01 1.174174e+00
      vertex -1.583864e+00 3.845940e-01 1.073269e+00
    endloop
  endfacet
  facet normal 0.000000e+00 0.000000e+00 0.000000e+00
    outer loop
      vertex -1.527200e+00 2.630778e-01 1.073269e+00
      vertex -1.583864e+00 3.845940e-01 1.073269e+00
      vertex -1.417931e+00 3.028482e-01 1.017271e+00
    endloop
  endfacet
  facet normal 0.000000e+00 0.000000e+00 0.000000e+00
    outer loop
      vertex -1.417931e+00 3.028482e-01 1.017271e+00
      vertex -1.583864e+00 3.845940e-01 1.073269e+00
      vertex -1.483161e+00 4.427345e-01 1.017271e+00
    endloop
  endfacet
  facet normal 0.000000e+00 0.000000e+00 0.000000e+00
    outer loop
      vertex -1.417931e+00 3.028482e-01 1.017271e+00
      vertex -1.483161e+00 4.427345e-01 1.017271e+00
      vertex -1.296653e+00 3.469900e-01 1.017271e+00
    endloop
  endfacet
  facet normal 0.000000e+00 0.000000e+00 0.000000e+00
    outer loop
      vertex -1.296653e+00 3.469900e-01 1.017271e+00
      vertex -1.483161e+00 4.427345e-01 1.017271e+00
      vertex -1.371390e+00 5.072655e-01 1.017271e+00
    endloop
  endfacet
  facet normal 0.000000e+00 0.000000e+00 0.000000e+00
    outer loop
      vertex -1.296653e+00 3.469900e-01 1.017271e+00
      vertex -1.371390e+00 5.072655e-01 1.017271e+00
      vertex -1.187384e+00 3.867605e-01 1.073269e+00
    endloop
  endfacet
  facet normal 0.000000e+00 0.000000e+00 0.000000e+00
    outer loop
      vertex -1.187384e+00 3.867605e-01 1.073269e+00
      vertex -1.371390e+00 5.072655e-01 1.017271e+00
      vertex -1.270688e+00 5.654060e-01 1.073269e+00
    endloop
  endfacet
  facet normal 0.000000e+00 0.000000e+00 0.000000e+00
    outer loop
      vertex -1.187384e+00 3.867605e-01 1.073269e+00
      vertex -1.270688e+00 5.654060e-01 1.073269e+00
      vertex -1.111768e+00 4.142825e-01 1.174174e+00
    endloop
  endfacet
  facet normal 0.000000e+00 0.000000e+00 0.000000e+00
    outer loop
      vertex -1.111768e+00 4.142825e-01 1.174174e+00
      vertex -1.270688e+00 5.654060e-01 1.073269e+00
      vertex -1.201000e+00 6.056405e-01 1.174174e+00
    endloop
  endfacet
  facet normal 0.000000e+00 0.000000e+00 0.000000e+00
    outer loop
      vertex -1.111768e+00 4.142825e-01 1.174174e+00
      vertex -1.201000e+00 6.056405e-01 1.174174e+00
      vertex -1.084781e+00 4.241050e-01 1.300000e+00
    endloop
  endfacet
  facet normal 0.000000e+00 0.000000e+00 0.000000e+00
    outer loop
      vertex -1.084781e+00 4.241050e-01 1.300000e+00
      vertex -1.201000e+00 6.056405e-01 1.174174e+00
      vertex -1.176129e+00 6.200000e-01 1.300000e+00
    endloop
  endfacet
  facet normal 0.000000e+00 0.000000e+00 0.000000e+00
    outer loop
      vertex -1.176129e+00 6.200000e-01 1.300000e+00
      vertex -1.300105e+00 7.970566e-01 1.300000e+00
      vertex -1.201000e+00 6.056405e-01 1.425826e+00
    endloop
  endfacet
  facet normal 0.000000e+00 0.000000e+00 0.000000e+00
    outer loop
      vertex -1.201000e+00 6.056405e-01 1.425826e+00
      vertex -1.300105e+00 7.970566e-01 1.300000e+00
      vertex -1.322105e+00 7.785964e-01 1.425826e+00
    endloop
  endfacet
  facet normal 0.000000e+00 0.000000e+00 0.000000e+00
    outer loop
      vertex -1.201000e+00 6.056405e-01 1.425826e+00
      vertex -1.322105e+00 7.785964e-01 1.425826e+00
      vertex -1.270688e+00 5.654060e-01 1.526731e+00
    endloop
  endfacet
  facet normal 0.000000e+00 0.000000e+00 0.000000e+00
    outer loop
      vertex -1.270688e+00 5.654060e-01 1.526731e+00
      vertex -1.322105e+00 7.785964e-01 1.425826e+00
      vertex -1.383748e+00 7.268720e-01 1.526731e+00
    endloop
  endfacet
  facet normal 0.000000e+00 0.000000e+00 0.000000e+00
    outer loop
      vertex -1.270688e+00 5.654060e-01 1.526731e+00
      vertex -1.383748e+00 7.268720e-01 1.526731e+00
      vertex -1.371390e+00 5.072655e-01 1.582729e+00
    endloop
  endfacet
  facet normal 0.000000e+00 0.000000e+00 0.000000e+00
    outer loop
      vertex -1.371390e+00 5.072655e-01 1.582729e+00
      vertex -1.383748e+00 7.268720e-01 1.526731e+00
      vertex -1.472824e+00 6.521280e-01 1.582729e+00
    endloop
  endfacet
  facet normal 0.000000e+00 0.000000e+00 0.000000e+00
    outer loop
      vertex -1.371390e+00 5.072655e-01 1.582729e+00
      vertex -1.472824e+00 6.521280e-01 1.582729e+00
      vertex -1.483161e+00 4.427345e-01 1.582729e+00
    endloop
  endfacet
  facet normal 0.000000e+00 0.000000e+00 0.000000e+00
    outer loop
      vertex -1.483161e+00 4.427345e-01 1.582729e+00
      vertex -1.472824e+00 6.521280e-01 1.582729e+00
      vertex -1.571691e+00 5.691684e-01 1.582729e+00
    endloop
  endfacet
  facet normal 0.000000e+00 0.000000e+00 0.000000e+00
    outer loop
      vertex -1.483161e+00 4.427345e-01 1.582729e+00
      vertex -1.571691e+00 5.691684e-01 1.582729e+00
      vertex -1.583864e+00 3.845940e-01 1.526731e+00
    endloop
  endfacet
  facet normal 0.000000e+00 0.000000e+00 0.000000e+00
    outer loop
      vertex -1.583864e+00 3.845940e-01 1.526731e+00
      vertex -1.571691e+00 5.691684e-01 1.582729e+00
      vertex -1.660768e+00 4.944245e-01 1.526731e+00
    endloop
  endfacet
  facet normal 0.000000e+00 0.000000e+00 0.000000e+00
    outer loop
      vertex -1.583864e+00 3.845940e-01 1.526731e+00
      vertex -1.660768e+00 4.944245e-01 1.526731e+00
      vertex -1.653552e+00 3.443595e-01 1.425826e+00
    endloop
  endfacet
  facet normal 0.000000e+00 0.000000e+00 0.000000e+00
    outer loop
      vertex -1.653552e+00 3.443595e-01 1.425826e+00
      vertex -1.660768e+00 4.944245e-01 1.526731e+00
      vertex -1.722411e+00 4.427001e-01 1.425826e+00
    endloop
  endfacet
  facet normal 0.000000e+00 0.000000e+00 0.000000e+00
    outer loop
      vertex -1.653552e+00 3.443595e-01 1.425826e+00
      vertex -1.722411e+00 4.427001e-01 1.425826e+00
      vertex -1.678423e+00 3.300000e-01 1.300000e+00
    endloop
  endfacet
  facet normal 0.000000e+00 0.000000e+00 0.000000e+00
    outer loop
      vertex -1.678423e+00 3.300000e-01 1.300000e+00
      vertex -1.722411e+00 4.427001e-01 1.425826e+00
      vertex -1.744411e+00 4.242398e-01 1.300000e+00
    endloop
  endfacet
  facet normal 0.000000e+00 0.000000e+00 0.000000e+00
    outer loop
      vertex -1.678423e+00 3.300000e-01 1.300000e+00
      vertex -1.744411e+00 4.242398e-01 1.300000e+00
      vertex -1.653552e+00 3.443595e-01 1.174174e+00
    endloop
  endfacet
  facet normal 0.000000e+00 0.000000e+00 0.000000e+00
    outer loop
      vertex -1.653552e+00 3.443595e-01 1.174174e+00
      vertex -1.744411e+00 4.242398e-01 1.300000e+00
      vertex -1.722411e+00 4.427001e-01 1.174174e+00
    endloop
  endfacet
  facet normal 0.000000e+00 0.000000e+00 0.000000e+00
    outer loop
      vertex -1.653552e+00 3.443595e-01 1.174174e+00
      vertex -1.722411e+00 4.427001e-01 1.174174e+00
      vertex -1.583864e+00 3.845940e-01 1.073269e+00
    endloop
  endfacet
  facet normal 0.000000e+00 0.000000e+00 0.000000e+00
    outer loop
      vertex -1.583864e+00 3.845940e-01 1.073269e+00
      vertex -1.722411e+00 4.427001e-01 1.174174e+00
      vertex -1.660768e+00 4.944245e-01 1.073269e+00
    endloop
  endfacet
  facet normal 0.000000e+00 0.000000e+00 0.000000e+00
    outer loop
      vertex -1.583864e+00 3.845940e-01 1.073269e+00
      vertex -1.660768e+00 4.944245e-01 1.073269e+00
      vertex -1.483161e+00 4.427345e-01 1.017271e+00
    endloop
  endfacet
  facet normal 0.000000e+00 0.000000e+00 0.000000e+00
    outer loop
      vertex -1.483161e+00 4.427345e-01 1.017271e+00
      vertex -1.660768e+00 4.944245e-01 1.073269e+00
      vertex -1.571691e+00 5.691684e-01 1.017271e+00
    endloop
  endfacet
  facet normal 0.000000e+00 0.000000e+00 0.000000e+00
    outer loop
      vertex -1.483161e+00 4.427345e-01 1.017271e+00
      vertex -1.571691e+00 5.691684e-01 1.017271e+00
      vertex -1.371390e+00 5.072655e-01 1.017271e+00
    endloop
  endfacet
  facet normal 0.000000e+00 0.000000e+00 0.000000e+00
    outer loop
      vertex -1.371390e+00 5.072655e-01 1.017271e+00
      vertex -1.571691e+00 5.691684e-01 1.017271e+00
      vertex -1.472824e+00 6.521280e-01 1.017271e+00
    endloop
  endfacet
  facet normal 0.000000e+00 0.000000e+00 0.000000e+00
    outer loop
      vertex -1.371390e+00 5.072655e-01 1.017271e+00
      vertex -1.472824e+00 6.521280e-01 1.017271e+00
      vertex -1.270688e+00 5.654060e-01 1.073269e+00
    endloop
  endfacet
  facet normal 0.000000e+00 0.000000e+00 0.000000e+00
    outer loop
      vertex -1.270688e+00 5.654060e-01 1.073269e+00
      vertex -1.472824e+00 6.521280e-01 1.017271e+00
      vertex -1.383748e+00 7.268720e-01 1.073269e+00
    endloop
  endfacet
  facet normal 0.000000e+00 0.000000e+00 0.000000e+00
    outer loop
      vertex -1.270688e+00 5.654060e-01 1.073269e+00
      vertex -1.383748e+00 7.268720e-01 1.073269e+00
      vertex -1.201000e+00 6.056405e-01 1.174174e+00
    endloop
  endfacet
  facet normal 0.000000e+00 0.000000e+00 0.000000e+00
    outer loop
      vertex -1.201000e+00 6.056405e-01 1.174174e+00
      vertex -1.383748e+00 7.268720e-01 1.073269e+00
      vertex -1.322105e+00 7.785964e-01 1.174174e+00
    endloop
  endfacet
  facet normal 0.000000e+00 0.000000e+00 0.000000e+00
    outer loop
      vertex -1.201000e+00 6.056405e-01 1.174174e+00
      vertex -1.322105e+00 7.785964e-01 1.174174e+00
      vertex -1.176129e+00 6.200000e-01 1.300000e+00
    endloop
  endfacet
  facet normal 0.000000e+00 0.000000e+00 0.000000e+00
    outer loop
      vertex -1.176129e+00 6.200000e-01 1.300000e+00
      vertex -1.322105e+00 7.785964e-01 1.174174e+00
      vertex -1.300105e+00 7.970566e-01 1.300000e+00
    endloop
  endfacet
  facet normal 0.000000e+00 0.000000e+00 0.000000e+00
    outer loop
      vertex -1.300105e+00 7.970566e-01 1.300000e+00
      vertex -1.452943e+00 9.498951e-01 1.300000e+00
      vertex -1.322105e+00 7.785964e-01 1.425826e+00
    endloop
  endfacet
  facet normal 0.000000e+00 0.000000e+00 0.000000e+00
    outer loop
      vertex -1.322105e+00 7.785964e-01 1.425826e+00
      vertex -1.452943e+00 9.498951e-01 1.300000e+00
      vertex -1.471404e+00 9.278951e-01 1.425826e+00
    endloop
  endfacet
  facet normal 0.000000e+00 0.000000e+00 0.000000e+00
    outer loop
      vertex -1.322105e+00 7.785964e-01 1.425826e+00
      vertex -1.471404e+00 9.278951e-01 1.425826e+00
      vertex -1.383748e+00 7.268720e-01 1.526731e+00
    endloop
  endfacet
  facet normal 0.000000e+00 0.000000e+00 0.000000e+00
    outer loop
      vertex -1.383748e+00 7.268720e-01 1.526731e+00
      vertex -1.471404e+00 9.278951e-01 1.425826e+00
      vertex -1.523128e+00 8.662523e-01 1.526731e+00
    endloop
  endfacet
  facet normal 0.000000e+00 0.000000e+00 0.000000e+00
    outer loop
      vertex -1.383748e+00 7.268720e-01 1.526731e+00
      vertex -1.523128e+00 8.662523e-01 1.526731e+00
      vertex -1.472824e+00 6.521280e-01 1.582729e+00
    endloop
  endfacet
  facet normal 0.000000e+00 0.000000e+00 0.000000e+00
    outer loop
      vertex -1.472824e+00 6.521280e-01 1.582729e+00
      vertex -1.523128e+00 8.662523e-01 1.526731e+00
      vertex -1.597872e+00 7.771759e-01 1.582729e+00
    endloop
  endfacet
  facet normal 0.000000e+00 0.000000e+00 0.000000e+00
    outer loop
      vertex -1.472824e+00 6.521280e-01 1.582729e+00
      vertex -1.597872e+00 7.771759e-01 1.582729e+00
      vertex -1.571691e+00 5.691684e-01 1.582729e+00
    endloop
  endfacet
  facet normal 0.000000e+00 0.000000e+00 0.000000e+00
    outer loop
      vertex -1.571691e+00 5.691684e-01 1.582729e+00
      vertex -1.597872e+00 7.771759e-01 1.582729e+00
      vertex -1.680832e+00 6.783085e-01 1.582729e+00
    endloop
  endfacet
  facet normal 0.000000e+00 0.000000e+00 0.000000e+00
    outer loop
      vertex -1.571691e+00 5.691684e-01 1.582729e+00
      vertex -1.680832e+00 6.783085e-01 1.582729e+00
      vertex -1.660768e+00 4.944245e-01 1.526731e+00
    endloop
  endfacet
  facet normal 0.000000e+00 0.000000e+00 0.000000e+00
    outer loop
      vertex -1.660768e+00 4.944245e-01 1.526731e+00
      vertex -1.680832e+00 6.783085e-01 1.582729e+00
      vertex -1.755576e+00 5.892321e-01 1.526731e+00
    endloop
  endfacet
  facet normal 0.000000e+00 0.000000e+00 0.000000e+00
    outer loop
      vertex -1.660768e+00 4.944245e-01 1.526731e+00
      vertex -1.755576e+00 5.892321e-01 1.526731e+00
      vertex -1.722411e+00 4.427001e-01 1.425826e+00
    endloop
  endfacet
  facet normal 0.000000e+00 0.000000e+00 0.000000e+00
    outer loop
      vertex -1.722411e+00 4.427001e-01 1.425826e+00
      vertex -1.755576e+00 5.892321e-01 1.526731e+00
      vertex -1.807300e+00 5.275894e-01 1.425826e+00
    endloop
  endfacet
  facet normal 0.000000e+00 0.000000e+00 0.000000e+00
    outer loop
      vertex -1.722411e+00 4.427001e-01 1.425826e+00
      vertex -1.807300e+00 5.275894e-01 1.425826e+00
      vertex -1.744411e+00 4.242398e-01 1.300000e+00
    endloop
  endfacet
  facet normal 0.000000e+00 0.000000e+00 0.000000e+00
    outer loop
      vertex -1.744411e+00 4.242398e-01 1.300000e+00
      vertex -1.807300e+00 5.275894e-01 1.425826e+00
      vertex -1.825760e+00 5.055893e-01 1.300000e+00
    endloop
  endfacet
  facet normal 0.000000e+00 0.000000e+00 0.000000e+00
    outer loop
      vertex -1.744411e+00 4.242398e-01 1.300000e+00
      vertex -1.825760e+00 5.055893e-01 1.300000e+00
      vertex -1.722411e+00 4.427001e-01 1.174174e+00
    endloop
  endfacet
  facet normal 0.000000e+00 0.000000e+00 0.000000e+00
    outer loop
      vertex -1.722411e+00 4.427001e-01 1.174174e+00
      vertex -1.825760e+00 5.055893e-01 1.300000e+00
      vertex -1.807300e+00 5.275894e-01 1.174174e+00
    endloop
  endfacet
  facet normal 0.000000e+00 0.000000e+00 0.000000e+00
    outer loop
      vertex -1.722411e+00 4.427001e-01 1.174174e+00
      vertex -1.807300e+00 5.275894e-01 1.174174e+00
      vertex -1.660768e+00 4.944245e-01 1.073269e+00
    endloop
  endfacet
  facet normal 0.000000e+00 0.000000e+00 0.000000e+00
    outer loop
      vertex -1.660768e+00 4.944245e-01 1.073269e+00
      vertex -1.807300e+00 5.275894e-01 1.174174e+00
      vertex -1.755576e+00 5.892321e-01 1.073269e+00
    endloop
  endfacet
  facet normal 0.000000e+00 0.000000e+00 0.000000e+00
    outer loop
      vertex -1.660768e+00 4.944245e-01 1.073269e+00
      vertex -1.755576e+00 5.892321e-01 1.073269e+00
      vertex -1.571691e+00 5.691684e-01 1.017271e+00
    endloop
  endfacet
  facet normal 0.000000e+00 0.000000e+00 0.000000e+00
    outer loop
      vertex -1.571691e+00 5.691684e-01 1.017271e+00
      vertex -1.755576e+00 5.892321e-01 1.073269e+00
      vertex -1.680832e+00 6.783085e-01 1.017271e+00
    endloop
  endfacet
  facet normal 0.000000e+00 0.000000e+00 0.000000e+00
    outer loop
      vertex -1.571691e+00 5.691684e-01 1.017271e+00
      vertex -1.680832e+00 6.783085e-01 1.017271e+00
      vertex -1.472824e+00 6.521280e-01 1.017271e+00
    endloop
  endfacet
  facet normal 0.000000e+00 0.000000e+00 0.000000e+00
    outer loop
      vertex -1.472824e+00 6.521280e-01 1.017271e+00
      vertex -1.680832e+00 6.783085e-01 1.017271e+00
      vertex -1.597872e+00 7.771759e-01 1.017271e+00
    endloop
  endfacet
  facet normal 0.000000e+00 0.000000e+00 0.000000e+00
    outer loop
      vertex -1.472824e+00 6.521280e-01 1.017271e+00
      vertex -1.597872e+00 7.771759e-01 1.017271e+00
      vertex -1.383748e+00 7.268720e-01 1.073269e+00
    endloop
  endfacet
  facet normal 0.000000e+00 0.000000e+00 0.000000e+00
    outer loop
      vertex -1.383748e+00 7.268720e-01 1.073269e+00
      vertex -1.597872e+00 7.771759e-01 1.017271e+00
      vertex -1.523128e+00 8.662523e-01 1.073269e+00
    endloop
  endfacet
  facet normal 0.000000e+00 0.000000e+00 0.000000e+00
    outer loop
      vertex -1.383748e+00 7.268720e-01 1.073269e+00
      vertex -1.523128e+00 8.662523e-01 1.073269e+00
      vertex -1.322105e+00 7.785964e-01 1.174174e+00
    endloop
  endfacet
  facet normal 0.000000e+00 0.000000e+00 0.000000e+00
    outer loop
      vertex -1.322105e+00 7.785964e-01 1.174174e+00
      vertex -1.523128e+00 8.662523e-01 1.073269e+00
      vertex -1.471404e+00 9.278951e-01 1.174174e+00
    endloop
  endfacet
  facet normal 0.000000e+00 0.000000e+00 0.000000e+00
    outer loop
      vertex -1.322105e+00 7.785964e-01 1.174174e+00
      vertex -1.471404e+00 9.278951e-01 1.174174e+00
      vertex -1.300105e+00 7.970566e-01 1.300000e+00
    endloop
  endfacet
  facet normal 0.000000e+00 0.000000e+00 0.000000e+00
    outer loop
      vertex -1.300105e+00 7.970566e-01 1.300000e+00
      vertex -1.471404e+00 9.278951e-01 1.174174e+00
      vertex -1.452943e+00 9.498951e-01 1.300000e+00
    endloop
  endfacet
  facet normal 0.000000e+00 0.000000e+00 0.000000e+00
    outer loop
      vertex -1.452943e+00 9.498951e-01 1.300000e+00
      vertex -1.630000e+00 1.073871e+00 1.300000e+00
      vertex -1.471404e+00 9.278951e-01 1.425826e+00
    endloop
  endfacet
  facet normal 0.000000e+00 0.000000e+00 0.000000e+00
    outer loop
      vertex -1.471404e+00 9.278951e-01 1.425826e+00
      vertex -1.630000e+00 1.073871e+00 1.300000e+00
      vertex -1.644359e+00 1.049000e+00 1.425826e+00
    endloop
  endfacet
  facet normal 0.000000e+00 0.000000e+00 0.000000e+00
    outer loop
      vertex -1.471404e+00 9.278951e-01 1.425826e+00
      vertex -1.644359e+00 1.049000e+00 1.425826e+00
      vertex -1.523128e+00 8.662523e-01 1.526731e+00
    endloop
  endfacet
  facet normal 0.000000e+00 0.000000e+00 0.000000e+00
    outer loop
      vertex -1.523128e+00 8.662523e-01 1.526731e+00
      vertex -1.644359e+00 1.049000e+00 1.425826e+00
      vertex -1.684594e+00 9.793119e-01 1.526731e+00
    endloop
  endfacet
  facet normal 0.000000e+00 0.000000e+00 0.000000e+00
    outer loop
      vertex -1.523128e+00 8.662523e-01 1.526731e+00
      vertex -1.684594e+00 9.793119e-01 1.526731e+00
      vertex -1.597872e+00 7.771759e-01 1.582729e+00
    endloop
  endfacet
  facet normal 0.000000e+00 0.000000e+00 0.000000e+00
    outer loop
      vertex -1.597872e+00 7.771759e-01 1.582729e+00
      vertex -1.684594e+00 9.793119e-01 1.526731e+00
      vertex -1.742734e+00 8.786097e-01 1.582729e+00
    endloop
  endfacet
  facet normal 0.000000e+00 0.000000e+00 0.000000e+00
    outer loop
      vertex -1.597872e+00 7.771759e-01 1.582729e+00
      vertex -1.742734e+00 8.786097e-01 1.582729e+00
      vertex -1.680832e+00 6.783085e-01 1.582729e+00
    endloop
  endfacet
  facet normal 0.000000e+00 0.000000e+00 0.000000e+00
    outer loop
      vertex -1.680832e+00 6.783085e-01 1.582729e+00
      vertex -1.742734e+00 8.786097e-01 1.582729e+00
      vertex -1.807266e+00 7.668386e-01 1.582729e+00
    endloop
  endfacet
  facet normal 0.000000e+00 0.000000e+00 0.000000e+00
    outer loop
      vertex -1.680832e+00 6.783085e-01 1.582729e+00
      vertex -1.807266e+00 7.668386e-01 1.582729e+00
      vertex -1.755576e+00 5.892321e-01 1.526731e+00
    endloop
  endfacet
  facet normal 0.000000e+00 0.000000e+00 0.000000e+00
    outer loop
      vertex -1.755576e+00 5.892321e-01 1.526731e+00
      vertex -1.807266e+00 7.668386e-01 1.582729e+00
      vertex -1.865406e+00 6.661363e-01 1.526731e+00
    endloop
  endfacet
  facet normal 0.000000e+00 0.000000e+00 0.000000e+00
    outer loop
      vertex -1.755576e+00 5.892321e-01 1.526731e+00
      vertex -1.865406e+00 6.661363e-01 1.526731e+00
      vertex -1.807300e+00 5.275894e-01 1.425826e+00
    endloop
  endfacet
  facet normal 0.000000e+00 0.000000e+00 0.000000e+00
    outer loop
      vertex -1.807300e+00 5.275894e-01 1.425826e+00
      vertex -1.865406e+00 6.661363e-01 1.526731e+00
      vertex -1.905640e+00 5.964482e-01 1.425826e+00
    endloop
  endfacet
  facet normal 0.000000e+00 0.000000e+00 0.000000e+00
    outer loop
      vertex -1.807300e+00 5.275894e-01 1.425826e+00
      vertex -1.905640e+00 5.964482e-01 1.425826e+00
      vertex -1.825760e+00 5.055893e-01 1.300000e+00
    endloop
  endfacet
  facet normal 0.000000e+00 0.000000e+00 0.000000e+00
    outer loop
      vertex -1.825760e+00 5.055893e-01 1.300000e+00
      vertex -1.905640e+00 5.964482e-01 1.425826e+00
      vertex -1.920000e+00 5.715768e-01 1.300000e+00
    endloop
  endfacet
  facet normal 0.000000e+00 0.000000e+00 0.000000e+00
    outer loop
      vertex -1.825760e+00 5.055893e-01 1.300000e+00
      vertex -1.920000e+00 5.715768e-01 1.300000e+00
      vertex -1.807300e+00 5.275894e-01 1.174174e+00
    endloop
  endfacet
  facet normal 0.000000e+00 0.000000e+00 0.000000e+00
    outer loop
      vertex -1.807300e+00 5.275894e-01 1.174174e+00
      vertex -1.920000e+00 5.715768e-01 1.300000e+00
      vertex -1.905640e+00 5.964482e-01 1.174174e+00
    endloop
  endfacet
  facet normal 0.000000e+00 0.000000e+00 0.000000e+00
    outer loop
      vertex -1.807300e+00 5.275894e-01 1.174174e+00
      vertex -1.905640e+00 5.964482e-01 1.174174e+00
      vertex -1.755576e+00 5.892321e-01 1.073269e+00
    endloop
  endfacet
  facet normal 0.000000e+00 0.000000e+00 0.000000e+00
    outer loop
      vertex -1.755576e+00 5.892321e-01 1.073269e+00
      vertex -1.905640e+00 5.964482e-01 1.174174e+00
      vertex -1.865406e+00 6.661363e-01 1.073269e+00
    endloop
  endfacet
  facet normal 0.000000e+00 0.000000e+00 0.000000e+00
    outer loop
      vertex -1.755576e+00 5.892321e-01 1.073269e+00
      vertex -1.865406e+00 6.661363e-01 1.073269e+00
      vertex -1.680832e+00 6.783085e-01 1.017271e+00
    endloop
  endfacet
  facet normal 0.000000e+00 0.000000e+00 0.000000e+00
    outer loop
      vertex -1.680832e+00 6.783085e-01 1.017271e+00
      vertex -1.865406e+00 6.661363e-01 1.073269e+00
      vertex -1.807266e+00 7.668386e-01 1.017271e+00
    endloop
  endfacet
  facet normal 0.000000e+00 0.000000e+00 0.000000e+00
    outer loop
      vertex -1.680832e+00 6.783085e-01 1.017271e+00
      vertex -1.807266e+00 7.668386e-01 1.017271e+00
      vertex -1.597872e+00 7.771759e-01 1.017271e+00
    endloop
  endfacet
  facet normal 0.000000e+00 0.000000e+00 0.000000e+00
    outer loop
      vertex -1.597872e+00 7.771759e-01 1.017271e+00
      vertex -1.807266e+00 7.668386e-01 1.017271e+00
      vertex -1.742734e+00 8.786097e-01 1.017271e+00
    endloop
  endfacet
  facet normal 0.000000e+00 0.000000e+00 0.000000e+00
    outer loop
      vertex -1.597872e+00 7.771759e-01 1.017271e+00
      vertex -1.742734e+00 8.786097e-01 1.017271e+00
      vertex -1.523128e+00 8.662523e-01 1.073269e+00
    endloop
  endfacet
  facet normal 0.000000e+00 0.000000e+00 0.000000e+00
    outer loop
      vertex -1.523128e+00 8.662523e-01 1.073269e+00
      vertex -1.742734e+00 8.786097e-01 1.017271e+00
      vertex -1.684594e+00 9.793119e-01 1.073269e+00
    endloop
  endfacet
  facet normal 0.000000e+00 0.000000e+00 0.000000e+00
    outer loop
      vertex -1.523128e+00 8.662523e-01 1.073269e+00
      vertex -1.684594e+00 9.793119e-01 1.073269e+00
      vertex -1.471404e+00 9.278951e-01 1.174174e+00
    endloop
  endfacet
  facet normal 0.000000e+00 0.000000e+00 0.000000e+00
    outer loop
      vertex -1.471404e+00 9.278951e-01 1.174174e+00
      vertex -1.684594e+00 9.793119e-01 1.073269e+00
      vertex -1.644359e+00 1.049000e+00 1.174174e+00
    endloop
  endfacet
  facet normal 0.000000e+00 0.000000e+00 0.000000e+00
    outer loop
      vertex -1.471404e+00 9.278951e-01 1.174174e+00
      vertex -1.644359e+00 1.049000e+00 1.174174e+00
      vertex -1.452943e+00 9.498951e-01 1.300000e+00
    endloop
  endfacet
  facet normal 0.000000e+00 0.000000e+00 0.000000e+00
    outer loop
      vertex -1.452943e+00 9.498951e-01 1.300000e+00
      vertex -1.644359e+00 1.049000e+00 1.174174e+00
      vertex -1.630000e+00 1.073871e+00 1.300000e+00
    endloop
  endfacet
  facet normal 0.000000e+00 0.000000e+00 0.000000e+00
    outer loop
      vertex -1.630000e+00 1.073871e+00 1.300000e+00
      vertex -1.825895e+00 1.165219e+00 1.300000e+00
      vertex -1.644359e+00 1.049000e+00 1.425826e+00
    endloop
  endfacet
  facet normal 0.000000e+00 0.000000e+00 0.000000e+00
    outer loop
      vertex -1.644359e+00 1.049000e+00 1.425826e+00
      vertex -1.825895e+00 1.165219e+00 1.300000e+00
      vertex -1.835718e+00 1.138232e+00 1.425826e+00
    endloop
  endfacet
  facet normal 0.000000e+00 0.000000e+00 0.000000e+00
    outer loop
      vertex -1.644359e+00 1.049000e+00 1.425826e+00
      vertex -1.835718e+00 1.138232e+00 1.425826e+00
      vertex -1.684594e+00 9.793119e-01 1.526731e+00
    endloop
  endfacet
  facet normal 0.000000e+00 0.000000e+00 0.000000e+00
    outer loop
      vertex -1.684594e+00 9.793119e-01 1.526731e+00
      vertex -1.835718e+00 1.138232e+00 1.425826e+00
      vertex -1.863240e+00 1.062616e+00 1.526731e+00
    endloop
  endfacet
  facet normal 0.000000e+00 0.000000e+00 0.000000e+00
    outer loop
      vertex -1.684594e+00 9.793119e-01 1.526731e+00
      vertex -1.863240e+00 1.062616e+00 1.526731e+00
      vertex -1.742734e+00 8.786097e-01 1.582729e+00
    endloop
  endfacet
  facet normal 0.000000e+00 0.000000e+00 0.000000e+00
    outer loop
      vertex -1.742734e+00 8.786097e-01 1.582729e+00
      vertex -1.863240e+00 1.062616e+00 1.526731e+00
      vertex -1.903010e+00 9.533474e-01 1.582729e+00
    endloop
  endfacet
  facet normal 0.000000e+00 0.000000e+00 0.000000e+00
    outer loop
      vertex -1.742734e+00 8.786097e-01 1.582729e+00
      vertex -1.903010e+00 9.533474e-01 1.582729e+00
      vertex -1.807266e+00 7.668386e-01 1.582729e+00
    endloop
  endfacet
  facet normal 0.000000e+00 0.000000e+00 0.000000e+00
    outer loop
      vertex -1.807266e+00 7.668386e-01 1.582729e+00
      vertex -1.903010e+00 9.533474e-01 1.582729e+00
      vertex -1.947152e+00 8.320686e-01 1.582729e+00
    endloop
  endfacet
  facet normal 0.000000e+00 0.000000e+00 0.000000e+00
    outer loop
      vertex -1.807266e+00 7.668386e-01 1.582729e+00
      vertex -1.947152e+00 8.320686e-01 1.582729e+00
      vertex -1.865406e+00 6.661363e-01 1.526731e+00
    endloop
  endfacet
  facet normal 0.000000e+00 0.000000e+00 0.000000e+00
    outer loop
      vertex -1.865406e+00 6.661363e-01 1.526731e+00
      vertex -1.947152e+00 8.320686e-01 1.582729e+00
      vertex -1.986922e+00 7.228003e-01 1.526731e+00
    endloop
  endfacet
  facet normal 0.000000e+00 0.000000e+00 0.000000e+00
    outer loop
      vertex -1.865406e+00 6.661363e-01 1.526731e+00
      vertex -1.986922e+00 7.228003e-01 1.526731e+00
      vertex -1.905640e+00 5.964482e-01 1.425826e+00
    endloop
  endfacet
  facet normal 0.000000e+00 0.000000e+00 0.000000e+00
    outer loop
      vertex -1.905640e+00 5.964482e-01 1.425826e+00
      vertex -1.986922e+00 7.228003e-01 1.526731e+00
      vertex -2.014444e+00 6.471842e-01 1.425826e+00
    endloop
  endfacet
  facet normal 0.000000e+00 0.000000e+00 0.000000e+00
    outer loop
      vertex -1.905640e+00 5.964482e-01 1.425826e+00
      vertex -2.014444e+00 6.471842e-01 1.425826e+00
      vertex -1.920000e+00 5.715768e-01 1.300000e+00
    endloop
  endfacet
  facet normal 0.000000e+00 0.000000e+00 0.000000e+00
    outer loop
      vertex -1.920000e+00 5.715768e-01 1.300000e+00
      vertex -2.014444e+00 6.471842e-01 1.425826e+00
      vertex -2.024267e+00 6.201971e-01 1.300000e+00
    endloop
  endfacet
  facet normal 0.000000e+00 0.000000e+00 0.000000e+00
    outer loop
      vertex -1.920000e+00 5.715768e-01 1.300000e+00
      vertex -2.024267e+00 6.201971e-01 1.300000e+00
      vertex -1.905640e+00 5.964482e-01 1.174174e+00
    endloop
  endfacet
  facet normal 0.000000e+00 0.000000e+00 0.000000e+00
    outer loop
      vertex -1.905640e+00 5.964482e-01 1.174174e+00
      vertex -2.024267e+00 6.201971e-01 1.300000e+00
      vertex -2.014444e+00 6.471842e-01 1.174174e+00
    endloop
  endfacet
  facet normal 0.000000e+00 0.000000e+00 0.000000e+00
    outer loop
      vertex -1.905640e+00 5.964482e-01 1.174174e+00
      vertex -2.014444e+00 6.471842e-01 1.174174e+00
      vertex -1.865406e+00 6.661363e-01 1.073269e+00
    endloop
  endfacet
  facet normal 0.000000e+00 0.000000e+00 0.000000e+00
    outer loop
      vertex -1.865406e+00 6.661363e-01 1.073269e+00
      vertex -2.014444e+00 6.471842e-01 1.174174e+00
      vertex -1.986922e+00 7.228003e-01 1.073269e+00
    endloop
  endfacet
  facet normal 0.000000e+00 0.000000e+00 0.000000e+00
    outer loop
      vertex -1.865406e+00 6.661363e-01 1.073269e+00
      vertex -1.986922e+00 7.228003e-01 1.073269e+00
      vertex -1.807266e+00 7.668386e-01 1.017271e+00
    endloop
  endfacet
  facet normal 0.000000e+00 0.000000e+00 0.000000e+00
    outer loop
      vertex -1.807266e+00 7.668386e-01 1.017271e+00
      vertex -1.986922e+00 7.228003e-01 1.073269e+00
      vertex -1.947152e+00 8.320686e-01 1.017271e+00
    endloop
  endfacet
  facet normal 0.000000e+00 0.000000e+00 0.000000e+00
    outer loop
      vertex -1.807266e+00 7.668386e-01 1.017271e+00
      vertex -1.947152e+00 8.320686e-01 1.017271e+00
      vertex -1.742734e+00 8.786097e-01 1.017271e+00
    endloop
  endfacet
  facet normal 0.000000e+00 0.000000e+00 0.000000e+00
    outer loop
      vertex -1.742734e+00 8.786097e-01 1.017271e+00
      vertex -1.947152e+00 8.320686e-01 1.017271e+00
      vertex -1.903010e+00 9.533474e-01 1.017271e+00
    endloop
  endfacet
  facet normal 0.000000e+00 0.000000e+00 0.000000e+00
    outer loop
      vertex -1.742734e+00 8.786097e-01 1.017271e+00
      vertex -1.903010e+00 9.533474e-01 1.017271e+00
      vertex -1.684594e+00 9.793119e-01 1.073269e+00
    endloop
  endfacet
  facet normal 0.000000e+00 0.000000e+00 0.000000e+00
    outer loop
      vertex -1.684594e+00 9.793119e-01 1.073269e+00
      vertex -1.903010e+00 9.533474e-01 1.017271e+00
      vertex -1.863240e+00 1.062616e+00 1.073269e+00
    endloop
  endfacet
  facet normal 0.000000e+00 0.000000e+00 0.000000e+00
    outer loop
      vertex -1.684594e+00 9.793119e-01 1.073269e+00
      vertex -1.863240e+00 1.062616e+00 1.073269e+00
      vertex -1.644359e+00 1.049000e+00 1.174174e+00
    endloop
  endfacet
  facet normal 0.000000e+00 0.000000e+00 0.000000e+00
    outer loop
      vertex -1.644359e+00 1.049000e+00 1.174174e+00
      vertex -1.863240e+00 1.062616e+00 1.073269e+00
      vertex -1.835718e+00 1.138232e+00 1.174174e+00
    endloop
  endfacet
  facet normal 0.000000e+00 0.000000e+00 0.000000e+00
    outer loop
      vertex -1.644359e+00 1.049000e+00 1.174174e+00
      vertex -1.835718e+00 1.138232e+00 1.174174e+00
      vertex -1.630000e+00 1.073871e+00 1.300000e+00
    endloop
  endfacet
  facet normal 0.000000e+00 0.000000e+00 0.000000e+00
    outer loop
      vertex -1.630000e+00 1.073871e+00 1.300000e+00
      vertex -1.835718e+00 1.138232e+00 1.174174e+00
      vertex -1.825895e+00 1.165219e+00 1.300000e+00
    endloop
  endfacet
  facet normal 0.000000e+00 0.000000e+00 0.000000e+00
    outer loop
      vertex -1.825895e+00 1.165219e+00 1.300000e+00
      vertex -2.034676e+00 1.221162e+00 1.300000e+00
      vertex -1.835718e+00 1.138232e+00 1.425826e+00
    endloop
  endfacet
  facet normal 0.000000e+00 0.000000e+00 0.000000e+00
    outer loop
      vertex -1.835718e+00 1.138232e+00 1.425826e+00
      vertex -2.034676e+00 1.221162e+00 1.300000e+00
      vertex -2.039663e+00 1.192879e+00 1.425826e+00
    endloop
  endfacet
  facet normal 0.000000e+00 0.000000e+00 0.000000e+00
    outer loop
      vertex -1.835718e+00 1.138232e+00 1.425826e+00
      vertex -2.039663e+00 1.192879e+00 1.425826e+00
      vertex -1.863240e+00 1.062616e+00 1.526731e+00
    endloop
  endfacet
  facet normal 0.000000e+00 0.000000e+00 0.000000e+00
    outer loop
      vertex -1.863240e+00 1.062616e+00 1.526731e+00
      vertex -2.039663e+00 1.192879e+00 1.425826e+00
      vertex -2.053637e+00 1.113632e+00 1.526731e+00
    endloop
  endfacet
  facet normal 0.000000e+00 0.000000e+00 0.000000e+00
    outer loop
      vertex -1.863240e+00 1.062616e+00 1.526731e+00
      vertex -2.053637e+00 1.113632e+00 1.526731e+00
      vertex -1.903010e+00 9.533474e-01 1.582729e+00
    endloop
  endfacet
  facet normal 0.000000e+00 0.000000e+00 0.000000e+00
    outer loop
      vertex -1.903010e+00 9.533474e-01 1.582729e+00
      vertex -2.053637e+00 1.113632e+00 1.526731e+00
      vertex -2.073828e+00 9.991181e-01 1.582729e+00
    endloop
  endfacet
  facet normal 0.000000e+00 0.000000e+00 0.000000e+00
    outer loop
      vertex -1.903010e+00 9.533474e-01 1.582729e+00
      vertex -2.073828e+00 9.991181e-01 1.582729e+00
      vertex -1.947152e+00 8.320686e-01 1.582729e+00
    endloop
  endfacet
  facet normal 0.000000e+00 0.000000e+00 0.000000e+00
    outer loop
      vertex -1.947152e+00 8.320686e-01 1.582729e+00
      vertex -2.073828e+00 9.991181e-01 1.582729e+00
      vertex -2.096240e+00 8.720167e-01 1.582729e+00
    endloop
  endfacet
  facet normal 0.000000e+00 0.000000e+00 0.000000e+00
    outer loop
      vertex -1.947152e+00 8.320686e-01 1.582729e+00
      vertex -2.096240e+00 8.720167e-01 1.582729e+00
      vertex -1.986922e+00 7.228003e-01 1.526731e+00
    endloop
  endfacet
  facet normal 0.000000e+00 0.000000e+00 0.000000e+00
    outer loop
      vertex -1.986922e+00 7.228003e-01 1.526731e+00
      vertex -2.096240e+00 8.720167e-01 1.582729e+00
      vertex -2.116432e+00 7.575023e-01 1.526731e+00
    endloop
  endfacet
  facet normal 0.000000e+00 0.000000e+00 0.000000e+00
    outer loop
      vertex -1.986922e+00 7.228003e-01 1.526731e+00
      vertex -2.116432e+00 7.575023e-01 1.526731e+00
      vertex -2.014444e+00 6.471842e-01 1.425826e+00
    endloop
  endfacet
  facet normal 0.000000e+00 0.000000e+00 0.000000e+00
    outer loop
      vertex -2.014444e+00 6.471842e-01 1.425826e+00
      vertex -2.116432e+00 7.575023e-01 1.526731e+00
      vertex -2.130405e+00 6.782559e-01 1.425826e+00
    endloop
  endfacet
  facet normal 0.000000e+00 0.000000e+00 0.000000e+00
    outer loop
      vertex -2.014444e+00 6.471842e-01 1.425826e+00
      vertex -2.130405e+00 6.782559e-01 1.425826e+00
      vertex -2.024267e+00 6.201971e-01 1.300000e+00
    endloop
  endfacet
  facet normal 0.000000e+00 0.000000e+00 0.000000e+00
    outer loop
      vertex -2.024267e+00 6.201971e-01 1.300000e+00
      vertex -2.130405e+00 6.782559e-01 1.425826e+00
      vertex -2.135392e+00 6.499731e-01 1.300000e+00
    endloop
  endfacet
  facet normal 0.000000e+00 0.000000e+00 0.000000e+00
    outer loop
      vertex -2.024267e+00 6.201971e-01 1.300000e+00
      vertex -2.135392e+00 6.499731e-01 1.300000e+00
      vertex -2.014444e+00 6.471842e-01 1.174174e+00
    endloop
  endfacet
  facet normal 0.000000e+00 0.000000e+00 0.000000e+00
    outer loop
      vertex -2.014444e+00 6.471842e-01 1.174174e+00
      vertex -2.135392e+00 6.499731e-01 1.300000e+00
      vertex -2.130405e+00 6.782559e-01 1.174174e+00
    endloop
  endfacet
  facet normal 0.000000e+00 0.000000e+00 0.000000e+00
    outer loop
      vertex -2.014444e+00 6.471842e-01 1.174174e+00
      vertex -2.130405e+00 6.782559e-01 1.174174e+00
      vertex -1.986922e+00 7.228003e-01 1.073269e+00
    endloop
  endfacet
  facet normal 0.000000e+00 0.000000e+00 0.000000e+00
    outer loop
      vertex -1.986922e+00 7.228003e-01 1.073269e+00
      vertex -2.130405e+00 6.782559e-01 1.174174e+00
      vertex -2.116432e+00 7.575023e-01 1.073269e+00
    endloop
  endfacet
  facet normal 0.000000e+00 0.000000e+00 0.000000e+00
    outer loop
      vertex -1.986922e+00 7.228003e-01 1.073269e+00
      vertex -2.116432e+00 7.575023e-01 1.073269e+00
      vertex -1.947152e+00 8.320686e-01 1.017271e+00
    endloop
  endfacet
  facet normal 0.000000e+00 0.000000e+00 0.000000e+00
    outer loop
      vertex -1.947152e+00 8.320686e-01 1.017271e+00
      vertex -2.116432e+00 7.575023e-01 1.073269e+00
      vertex -2.096240e+00 8.720167e-01 1.017271e+00
    endloop
  endfacet
  facet normal 0.000000e+00 0.000000e+00 0.000000e+00
    outer loop
      vertex -1.947152e+00 8.320686e-01 1.017271e+00
      vertex -2.096240e+00 8.720167e-01 1.017271e+00
      vertex -1.903010e+00 9.533474e-01 1.017271e+00
    endloop
  endfacet
  facet normal 0.000000e+00 0.000000e+00 0.000000e+00
    outer loop
      vertex -1.903010e+00 9.533474e-01 1.017271e+00
      vertex -2.096240e+00 8.720167e-01 1.017271e+00
      vertex -2.073828e+00 9.991181e-01 1.017271e+00
    endloop
  endfacet
  facet normal 0.000000e+00 0.000000e+00 0.000000e+00
    outer loop
      vertex -1.903010e+00 9.533474e-01 1.017271e+00
      vertex -2.073828e+00 9.991181e-01 1.017271e+00
      vertex -1.863240e+00 1.062616e+00 1.073269e+00
    endloop
  endfacet
  facet normal 0.000000e+00 0.000000e+00 0.000000e+00
    outer loop
      vertex -1.863240e+00 1.062616e+00 1.073269e+00
      vertex -2.073828e+00 9.991181e-01 1.017271e+00
      vertex -2.053637e+00 1.113632e+00 1.073269e+00
    endloop
  endfacet
  facet normal 0.000000e+00 0.000000e+00 0.000000e+00
    outer loop
      vertex -1.863240e+00 1.062616e+00 1.073269e+00
      vertex -2.053637e+00 1.113632e+00 1.073269e+00
      vertex -1.835718e+00 1.138232e+00 1.174174e+00
    endloop
  endfacet
  facet normal 0.000000e+00 0.000000e+00 0.000000e+00
    outer loop
      vertex -1.835718e+00 1.138232e+00 1.174174e+00
      vertex -2.053637e+00 1.113632e+00 1.073269e+00
      vertex -2.039663e+00 1.192879e+00 1.174174e+00
    endloop
  endfacet
  facet normal 0.000000e+00 0.000000e+00 0.000000e+00
    outer loop
      vertex -1.835718e+00 1.138232e+00 1.174174e+00
      vertex -2.039663e+00 1.192879e+00 1.174174e+00
      vertex -1.825895e+00 1.165219e+00 1.300000e+00
    endloop
  endfacet
  facet normal 0.000000e+00 0.000000e+00 0.000000e+00
    outer loop
      vertex -1.825895e+00 1.165219e+00 1.300000e+00
      vertex -2.039663e+00 1.192879e+00 1.174174e+00
      vertex -2.034676e+00 1.221162e+00 1.300000e+00
    endloop
  endfacet
  facet normal 0.000000e+00 0.000000e+00 0.000000e+00
    outer loop
      vertex -2.034676e+00 1.221162e+00 1.300000e+00
      vertex -2.250000e+00 1.240000e+00 1.300000e+00
      vertex -2.039663e+00 1.192879e+00 1.425826e+00
    endloop
  endfacet
  facet normal 0.000000e+00 0.000000e+00 0.000000e+00
    outer loop
      vertex -2.039663e+00 1.192879e+00 1.425826e+00
      vertex -2.250000e+00 1.240000e+00 1.300000e+00
      vertex -2.250000e+00 1.211281e+00 1.425826e+00
    endloop
  endfacet
  facet normal 0.000000e+00 0.000000e+00 0.000000e+00
    outer loop
      vertex -2.039663e+00 1.192879e+00 1.425826e+00
      vertex -2.250000e+00 1.211281e+00 1.425826e+00
      vertex -2.053637e+00 1.113632e+00 1.526731e+00
    endloop
  endfacet
  facet normal 0.000000e+00 0.000000e+00 0.000000e+00
    outer loop
      vertex -2.053637e+00 1.113632e+00 1.526731e+00
      vertex -2.250000e+00 1.211281e+00 1.425826e+00
      vertex -2.250000e+00 1.130812e+00 1.526731e+00
    endloop
  endfacet
  facet normal 0.000000e+00 0.000000e+00 0.000000e+00
    outer loop
      vertex -2.053637e+00 1.113632e+00 1.526731e+00
      vertex -2.250000e+00 1.130812e+00 1.526731e+00
      vertex -2.073828e+00 9.991181e-01 1.582729e+00
    endloop
  endfacet
  facet normal 0.000000e+00 0.000000e+00 0.000000e+00
    outer loop
      vertex -2.073828e+00 9.991181e-01 1.582729e+00
      vertex -2.250000e+00 1.130812e+00 1.526731e+00
      vertex -2.250000e+00 1.014531e+00 1.582729e+00
    endloop
  endfacet
  facet normal 0.000000e+00 0.000000e+00 0.000000e+00
    outer loop
      vertex -2.073828e+00 9.991181e-01 1.582729e+00
      vertex -2.250000e+00 1.014531e+00 1.582729e+00
      vertex -2.096240e+00 8.720167e-01 1.582729e+00
    endloop
  endfacet
  facet normal 0.000000e+00 0.000000e+00 0.000000e+00
    outer loop
      vertex -2.096240e+00 8.720167e-01 1.582729e+00
      vertex -2.250000e+00 1.014531e+00 1.582729e+00
      vertex -2.250000e+00 8.854689e-01 1.582729e+00
    endloop
  endfacet
  facet normal 0.000000e+00 0.000000e+00 0.000000e+00
    outer loop
      vertex -2.096240e+00 8.720167e-01 1.582729e+00
      vertex -2.250000e+00 8.854689e-01 1.582729e+00
      vertex -2.116432e+00 7.575023e-01 1.526731e+00
    endloop
  endfacet
  facet normal 0.000000e+00 0.000000e+00 0.000000e+00
    outer loop
      vertex -2.116432e+00 7.575023e-01 1.526731e+00
      vertex -2.250000e+00 8.854689e-01 1.582729e+00
      vertex -2.250000e+00 7.691880e-01 1.526731e+00
    endloop
  endfacet
  facet normal 0.000000e+00 0.000000e+00 0.000000e+00
    outer loop
      vertex -2.116432e+00 7.575023e-01 1.526731e+00
      vertex -2.250000e+00 7.691880e-01 1.526731e+00
      vertex -2.130405e+00 6.782559e-01 1.425826e+00
    endloop
  endfacet
  facet normal 0.000000e+00 0.000000e+00 0.000000e+00
    outer loop
      vertex -2.130405e+00 6.782559e-01 1.425826e+00
      vertex -2.250000e+00 7.691880e-01 1.526731e+00
      vertex -2.250000e+00 6.887190e-01 1.425826e+00
    endloop
  endfacet
  facet normal 0.000000e+00 0.000000e+00 0.000000e+00
    outer loop
      vertex -2.130405e+00 6.782559e-01 1.425826e+00
      vertex -2.250000e+00 6.887190e-01 1.425826e+00
      vertex -2.135392e+00 6.499731e-01 1.300000e+00
    endloop
  endfacet
  facet normal 0.000000e+00 0.000000e+00 0.000000e+00
    outer loop
      vertex -2.135392e+00 6.499731e-01 1.300000e+00
      vertex -2.250000e+00 6.887190e-01 1.425826e+00
      vertex -2.250000e+00 6.600000e-01 1.300000e+00
    endloop
  endfacet
  facet normal 0.000000e+00 0.000000e+00 0.000000e+00
    outer loop
      vertex -2.135392e+00 6.499731e-01 1.300000e+00
      vertex -2.250000e+00 6.600000e-01 1.300000e+00
      vertex -2.130405e+00 6.782559e-01 1.174174e+00
    endloop
  endfacet
  facet normal 0.000000e+00 0.000000e+00 0.000000e+00
    outer loop
      vertex -2.130405e+00 6.782559e-01 1.174174e+00
      vertex -2.250000e+00 6.600000e-01 1.300000e+00
      vertex -2.250000e+00 6.887190e-01 1.174174e+00
    endloop
  endfacet
  facet normal 0.000000e+00 0.000000e+00 0.000000e+00
    outer loop
      vertex -2.130405e+00 6.782559e-01 1.174174e+00
      vertex -2.250000e+00 6.887190e-01 1.174174e+00
      vertex -2.116432e+00 7.575023e-01 1.073269e+00
    endloop
  endfacet
  facet normal 0.000000e+00 0.000000e+00 0.000000e+00
    outer loop
      vertex -2.116432e+00 7.575023e-01 1.073269e+00
      vertex -2.250000e+00 6.887190e-01 1.174174e+00
      vertex -2.250000e+00 7.691880e-01 1.073269e+00
    endloop
  endfacet
  facet normal 0.000000e+00 0.000000e+00 0.000000e+00
    outer loop
      vertex -2.116432e+00 7.575023e-01 1.073269e+00
      vertex -2.250000e+00 7.691880e-01 1.073269e+00
      vertex -2.096240e+00 8.720167e-01 1.017271e+00
    endloop
  endfacet
  facet normal 0.000000e+00 0.000000e+00 0.000000e+00
    outer loop
      vertex -2.096240e+00 8.720167e-01 1.017271e+00
      vertex -2.250000e+00 7.691880e-01 1.073269e+00
      vertex -2.250000e+00 8.854689e-01 1.017271e+00
    endloop
  endfacet
  facet normal 0.000000e+00 0.000000e+00 0.000000e+00
    outer loop
      vertex -2.096240e+00 8.720167e-01 1.017271e+00
      vertex -2.250000e+00 8.854689e-01 1.017271e+00
      vertex -2.073828e+00 9.991181e-01 1.017271e+00
    endloop
  endfacet
  facet normal 0.000000e+00 0.000000e+00 0.000000e+00
    outer loop
      vertex -2.073828e+00 9.991181e-01 1.017271e+00
      vertex -2.250000e+00 8.854689e-01 1.017271e+00
      vertex -2.250000e+00 1.014531e+00 1.017271e+00
    endloop
  endfacet
  facet normal 0.000000e+00 0.000000e+00 0.000000e+00
    outer loop
      vertex -2.073828e+00 9.991181e-01 1.017271e+00
      vertex -2.250000e+00 1.014531e+00 1.017271e+00
      vertex -2.053637e+00 1.113632e+00 1.073269e+00
    endloop
  endfacet
  facet normal 0.000000e+00 0.000000e+00 0.000000e+00
    outer loop
      vertex -2.053637e+00 1.113632e+00 1.073269e+00
      vertex -2.250000e+00 1.014531e+00 1.017271e+00
      vertex -2.250000e+00 1.130812e+00 1.073269e+00
    endloop
  endfacet
  facet normal 0.000000e+00 0.000000e+00 0.000000e+00
    outer loop
      vertex -2.053637e+00 1.113632e+00 1.073269e+00
      vertex -2.250000e+00 1.130812e+00 1.073269e+00
      vertex -2.039663e+00 1.192879e+00 1.174174e+00
    endloop
  endfacet
  facet normal 0.000000e+00 0.000000e+00 0.000000e+00
    outer loop
      vertex -2.039663e+00 1.192879e+00 1.174174e+00
      vertex -2.250000e+00 1.130812e+00 1.073269e+00
      vertex -2.250000e+00 1.211281e+00 1.174174e+00
    endloop
  endfacet
  facet normal 0.000000e+00 0.000000e+00 0.000000e+00
    outer loop
      vertex -2.039663e+00 1.192879e+00 1.174174e+00
      vertex -2.250000e+00 1.211281e+00 1.174174e+00
      vertex -2.034676e+00 1.221162e+00 1.300000e+00
    endloop
  endfacet
  facet normal 0.000000e+00 0.000000e+00 0.000000e+00
    outer loop
      vertex -2.034676e+00 1.221162e+00 1.300000e+00
      vertex -2.250000e+00 1.211281e+00 1.174174e+00
      vertex -2.250000e+00 1.240000e+00 1.300000e+00
    endloop
  endfacet
  facet normal 0.000000e+00 0.000000e+00 0.000000e+00
    outer loop
      vertex -2.250000e+00 1.240000e+00 1.300000e+00
      vertex -2.465324e+00 1.221162e+00 1.300000e+00
      vertex -2.250000e+00 1.211281e+00 1.425826e+00
    endloop
  endfacet
  facet normal 0.000000e+00 0.000000e+00 0.000000e+00
    outer loop
      vertex -2.250000e+00 1.211281e+00 1.425826e+00
      vertex -2.465324e+00 1.221162e+00 1.300000e+00
      vertex -2.460337e+00 1.192879e+00 1.425826e+00
    endloop
  endfacet
  facet normal 0.000000e+00 0.000000e+00 0.000000e+00
    outer loop
      vertex -2.250000e+00 1.211281e+00 1.425826e+00
      vertex -2.460337e+00 1.192879e+00 1.425826e+00
      vertex -2.250000e+00 1.130812e+00 1.526731e+00
    endloop
  endfacet
  facet normal 0.000000e+00 0.000000e+00 0.000000e+00
    outer loop
      vertex -2.250000e+00 1.130812e+00 1.526731e+00
      vertex -2.460337e+00 1.192879e+00 1.425826e+00
      vertex -2.446363e+00 1.113632e+00 1.526731e+00
    endloop
  endfacet
  facet normal 0.000000e+00 0.000000e+00 0.000000e+00
    outer loop
      vertex -2.250000e+00 1.130812e+00 1.526731e+00
      vertex -2.446363e+00 1.113632e+00 1.526731e+00
      vertex -2.250000e+00 1.014531e+00 1.582729e+00
    endloop
  endfacet
  facet normal 0.000000e+00 0.000000e+00 0.000000e+00
    outer loop
      vertex -2.250000e+00 1.014531e+00 1.582729e+00
      vertex -2.446363e+00 1.113632e+00 1.526731e+00
      vertex -2.426172e+00 9.991181e-01 1.582729e+00
    endloop
  endfacet
  facet normal 0.000000e+00 0.000000e+00 0.000000e+00
    outer loop
      vertex -2.250000e+00 1.014531e+00 1.582729e+00
      vertex -2.426172e+00 9.991181e-01 1.582729e+00
      vertex -2.250000e+00 8.854689e-01 1.582729e+00
    endloop
  endfacet
  facet normal 0.000000e+00 0.000000e+00 0.000000e+00
    outer loop
      vertex -2.250000e+00 8.854689e-01 1.582729e+00
      vertex -2.426172e+00 9.991181e-01 1.582729e+00
      vertex -2.403760e+00 8.720167e-01 1.582729e+00
    endloop
  endfacet
  facet normal 0.000000e+00 0.000000e+00 0.000000e+00
    outer loop
      vertex -2.250000e+00 8.854689e-01 1.582729e+00
      vertex -2.403760e+00 8.720167e-01 1.582729e+00
      vertex -2.250000e+00 7.691880e-01 1.526731e+00
    endloop
  endfacet
  facet normal 0.000000e+00 0.000000e+00 0.000000e+00
    outer loop
      vertex -2.250000e+00 7.691880e-01 1.526731e+00
      vertex -2.403760e+00 8.720167e-01 1.582729e+00
      vertex -2.383568e+00 7.575023e-01 1.526731e+00
    endloop
  endfacet
  facet normal 0.000000e+00 0.000000e+00 0.000000e+00
    outer loop
      vertex -2.250000e+00 7.691880e-01 1.526731e+00
      vertex -2.383568e+00 7.575023e-01 1.526731e+00
      vertex -2.250000e+00 6.887190e-01 1.425826e+00
    endloop
  endfacet
  facet normal 0.000000e+00 0.000000e+00 0.000000e+00
    outer loop
      vertex -2.250000e+00 6.887190e-01 1.425826e+00
      vertex -2.383568e+00 7.575023e-01 1.526731e+00
      vertex -2.369595e+00 6.782559e-01 1.425826e+00
    endloop
  endfacet
  facet normal 0.000000e+00 0.000000e+00 0.000000e+00
    outer loop
      vertex -2.250000e+00 6.887190e-01 1.425826e+00
      vertex -2.369595e+00 6.782559e-01 1.425826e+00
      vertex -2.250000e+00 6.600000e-01 1.300000e+00
    endloop
  endfacet
  facet normal 0.000000e+00 0.000000e+00 0.000000e+00
    outer loop
      vertex -2.250000e+00 6.600000e-01 1.300000e+00
      vertex -2.369595e+00 6.782559e-01 1.425826e+00
      vertex -2.364608e+00 6.499731e-01 1.300000e+00
    endloop
  endfacet
  facet normal 0.000000e+00 0.000000e+00 0.000000e+00
    outer loop
      vertex -2.250000e+00 6.600000e-01 1.300000e+00
      vertex -2.364608e+00 6.499731e-01 1.300000e+00
      vertex -2.250000e+00 6.887190e-01 1.174174e+00
    endloop
  endfacet
  facet normal 0.000000e+00 0.000000e+00 0.000000e+00
    outer loop
      vertex -2.250000e+00 6.887190e-01 1.174174e+00
      vertex -2.364608e+00 6.499731e-01 1.300000e+00
      vertex -2.369595e+00 6.782559e-01 1.174174e+00
    endloop
  endfacet
  facet normal 0.000000e+00 0.000000e+00 0.000000e+00
    outer loop
      vertex -2.250000e+00 6.887190e-01 1.174174e+00
      vertex -2.369595e+00 6.782559e-01 1.174174e+00
      vertex -2.250000e+00 7.691880e-01 1.073269e+00
    endloop
  endfacet
  facet normal 0.000000e+00 0.000000e+00 0.000000e+00
    outer loop
      vertex -2.250000e+00 7.691880e-01 1.073269e+00
      vertex -2.369595e+00 6.782559e-01 1.174174e+00
      vertex -2.383568e+00 7.575023e-01 1.073269e+00
    endloop
  endfacet
  facet normal 0.000000e+00 0.000000e+00 0.000000e+00
    outer loop
      vertex -2.250000e+00 7.691880e-01 1.073269e+00
      vertex -2.383568e+00 7.575023e-01 1.073269e+00
      vertex -2.250000e+00 8.854689e-01 1.017271e+00
    endloop
  endfacet
  facet normal 0.000000e+00 0.000000e+00 0.000000e+00
    outer loop
      vertex -2.250000e+00 8.854689e-01 1.017271e+00
      vertex -2.383568e+00 7.575023e-01 1.073269e+00
      vertex -2.403760e+00 8.720167e-01 1.017271e+00
    endloop
  endfacet
  facet normal 0.000000e+00 0.000000e+00 0.000000e+00
    outer loop
      vertex -2.250000e+00 8.854689e-01 1.017271e+00
      vertex -2.403760e+00 8.720167e-01 1.017271e+00
      vertex -2.250000e+00 1.014531e+00 1.017271e+00
    endloop
  endfacet
  facet normal 0.000000e+00 0.000000e+00 0.000000e+00
    outer loop
      vertex -2.250000e+00 1.014531e+00 1.017271e+00
      vertex -2.403760e+00 8.720167e-01 1.017271e+00
      vertex -2.426172e+00 9.991181e-01 1.017271e+00
    endloop
  endfacet
  facet normal 0.000000e+00 0.000000e+00 0.000000e+00
    outer loop
      vertex -2.250000e+00 1.014531e+00 1.017271e+00
      vertex -2.426172e+00 9.991181e-01 1.017271e+00
      vertex -2.250000e+00 1.130812e+00 1.073269e+00
    endloop
  endfacet
  facet normal 0.000000e+00 0.000000e+00 0.000000e+00
    outer loop
      vertex -2.250000e+00 1.130812e+00 1.073269e+00
      vertex -2.426172e+00 9.991181e-01 1.017271e+00
      vertex -2.446363e+00 1.113632e+00 1.073269e+00
    endloop
  endfacet
  facet normal 0.000000e+00 0.000000e+00 0.000000e+00
    outer loop
      vertex -2.250000e+00 1.130812e+00 1.073269e+00
      vertex -2.446363e+00 1.113632e+00 1.073269e+00
      vertex -2.250000e+00 1.211281e+00 1.174174e+00
    endloop
  endfacet
  facet normal 0.000000e+00 0.000000e+00 0.000000e+00
    outer loop
      vertex -2.250000e+00 1.211281e+00 1.174174e+00
      vertex -2.446363e+00 1.113632e+00 1.073269e+00
      vertex -2.460337e+00 1.192879e+00 1.174174e+00
    endloop
  endfacet
  facet normal 0.000000e+00 0.000000e+00 0.000000e+00
    outer loop
      vertex -2.250000e+00 1.211281e+00 1.174174e+00
      vertex -2.460337e+00 1.192879e+00 1.174174e+00
      vertex -2.250000e+00 1.240000e+00 1.300000e+00
    endloop
  endfacet
  facet normal 0.000000e+00 0.000000e+00 0.000000e+00
    outer loop
      vertex -2.250000e+00 1.240000e+00 1.300000e+00
      vertex -2.460337e+00 1.192879e+00 1.174174e+00
      vertex -2.465324e+00 1.221162e+00 1.300000e+00
    endloop
  endfacet
  facet normal 0.000000e+00 0.000000e+00 0.000000e+00
    outer loop
      vertex -2.465324e+00 1.221162e+00 1.300000e+00
      vertex -2.674105e+00 1.165219e+00 1.300000e+00
      vertex -2.460337e+00 1.192879e+00 1.425826e+00
    endloop
  endfacet
  facet normal 0.000000e+00 0.000000e+00 0.000000e+00
    outer loop
      vertex -2.460337e+00 1.192879e+00 1.425826e+00
      vertex -2.674105e+00 1.165219e+00 1.300000e+00
      vertex -2.664283e+00 1.138232e+00 1.425826e+00
    endloop
  endfacet
  facet normal 0.000000e+00 0.000000e+00 0.000000e+00
    outer loop
      vertex -2.460337e+00 1.192879e+00 1.425826e+00
      vertex -2.664283e+00 1.138232e+00 1.425826e+00
      vertex -2.446363e+00 1.113632e+00 1.526731e+00
    endloop
  endfacet
  facet normal 0.000000e+00 0.000000e+00 0.000000e+00
    outer loop
      vertex -2.446363e+00 1.113632e+00 1.526731e+00
      vertex -2.664283e+00 1.138232e+00 1.425826e+00
      vertex -2.636760e+00 1.062616e+00 1.526731e+00
    endloop
  endfacet
  facet normal 0.000000e+00 0.000000e+00 0.000000e+00
    outer loop
      vertex -2.446363e+00 1.113632e+00 1.526731e+00
      vertex -2.636760e+00 1.062616e+00 1.526731e+00
      vertex -2.426172e+00 9.991181e-01 1.582729e+00
    endloop
  endfacet
  facet normal 0.000000e+00 0.000000e+00 0.000000e+00
    outer loop
      vertex -2.426172e+00 9.991181e-01 1.582729e+00
      vertex -2.636760e+00 1.062616e+00 1.526731e+00
      vertex -2.596990e+00 9.533474e-01 1.582729e+00
    endloop
  endfacet
  facet normal 0.000000e+00 0.000000e+00 0.000000e+00
    outer loop
      vertex -2.426172e+00 9.991181e-01 1.582729e+00
      vertex -2.596990e+00 9.533474e-01 1.582729e+00
      vertex -2.403760e+00 8.720167e-01 1.582729e+00
    endloop
  endfacet
  facet normal 0.000000e+00 0.000000e+00 0.000000e+00
    outer loop
      vertex -2.403760e+00 8.720167e-01 1.582729e+00
      vertex -2.596990e+00 9.533474e-01 1.582729e+00
      vertex -2.552848e+00 8.320686e-01 1.582729e+00
    endloop
  endfacet
  facet normal 0.000000e+00 0.000000e+00 0.000000e+00
    outer loop
      vertex -2.403760e+00 8.720167e-01 1.582729e+00
      vertex -2.552848e+00 8.320686e-01 1.582729e+00
      vertex -2.383568e+00 7.575023e-01 1.526731e+00
    endloop
  endfacet
  facet normal 0.000000e+00 0.000000e+00 0.000000e+00
    outer loop
      vertex -2.383568e+00 7.575023e-01 1.526731e+00
      vertex -2.552848e+00 8.320686e-01 1.582729e+00
      vertex -2.513078e+00 7.228003e-01 1.526731e+00
    endloop
  endfacet
  facet normal 0.000000e+00 0.000000e+00 0.000000e+00
    outer loop
      vertex -2.383568e+00 7.575023e-01 1.526731e+00
      vertex -2.513078e+00 7.228003e-01 1.526731e+00
      vertex -2.369595e+00 6.782559e-01 1.425826e+00
    endloop
  endfacet
  facet normal 0.000000e+00 0.000000e+00 0.000000e+00
    outer loop
      vertex -2.369595e+00 6.782559e-01 1.425826e+00
      vertex -2.513078e+00 7.228003e-01 1.526731e+00
      vertex -2.485556e+00 6.471842e-01 1.425826e+00
    endloop
  endfacet
  facet normal 0.000000e+00 0.000000e+00 0.000000e+00
    outer loop
      vertex -2.369595e+00 6.782559e-01 1.425826e+00
      vertex -2.485556e+00 6.471842e-01 1.425826e+00
      vertex -2.364608e+00 6.499731e-01 1.300000e+00
    endloop
  endfacet
  facet normal 0.000000e+00 0.000000e+00 0.000000e+00
    outer loop
      vertex -2.364608e+00 6.499731e-01 1.300000e+00
      vertex -2.485556e+00 6.471842e-01 1.425826e+00
      vertex -2.475733e+00 6.201971e-01 1.300000e+00
    endloop
  endfacet
  facet normal 0.000000e+00 0.000000e+00 0.000000e+00
    outer loop
      vertex -2.364608e+00 6.499731e-01 1.300000e+00
      vertex -2.475733e+00 6.201971e-01 1.300000e+00
      vertex -2.369595e+00 6.782559e-01 1.174174e+00
    endloop
  endfacet
  facet normal 0.000000e+00 0.000000e+00 0.000000e+00
    outer loop
      vertex -2.369595e+00 6.782559e-01 1.174174e+00
      vertex -2.475733e+00 6.201971e-01 1.300000e+00
      vertex -2.485556e+00 6.471842e-01 1.174174e+00
    endloop
  endfacet
  facet normal 0.000000e+00 0.000000e+00 0.000000e+00
    outer loop
      vertex -2.369595e+00 6.782559e-01 1.174174e+00
      vertex -2.485556e+00 6.471842e-01 1.174174e+00
      vertex -2.383568e+00 7.575023e-01 1.073269e+00
    endloop
  endfacet
  facet normal 0.000000e+00 0.000000e+00 0.000000e+00
    outer loop
      vertex -2.383568e+00 7.575023e-01 1.073269e+00
      vertex -2.485556e+00 6.471842e-01 1.174174e+00
      vertex -2.513078e+00 7.228003e-01 1.073269e+00
    endloop
  endfacet
  facet normal 0.000000e+00 0.000000e+00 0.000000e+00
    outer loop
      vertex -2.383568e+00 7.575023e-01 1.073269e+00
      vertex -2.513078e+00 7.228003e-01 1.073269e+00
      vertex -2.403760e+00 8.720167e-01 1.017271e+00
    endloop
  endfacet
  facet normal 0.000000e+00 0.000000e+00 0.000000e+00
    outer loop
      vertex -2.403760e+00 8.720167e-01 1.017271e+00
      vertex -2.513078e+00 7.228003e-01 1.073269e+00
      vertex -2.552848e+00 8.320686e-01 1.017271e+00
    endloop
  endfacet
  facet normal 0.000000e+00 0.000000e+00 0.000000e+00
    outer loop
      vertex -2.403760e+00 8.720167e-01 1.017271e+00
      vertex -2.552848e+00 8.320686e-01 1.017271e+00
      vertex -2.426172e+00 9.991181e-01 1.017271e+00
    endloop
  endfacet
  facet normal 0.000000e+00 0.000000e+00 0.000000e+00
    outer loop
      vertex -2.426172e+00 9.991181e-01 1.017271e+00
      vertex -2.552848e+00 8.320686e-01 1.017271e+00
      vertex -2.596990e+00 9.533474e-01 1.017271e+00
    endloop
  endfacet
  facet normal 0.000000e+00 0.000000e+00 0.000000e+00
    outer loop
      vertex -2.426172e+00 9.991181e-01 1.017271e+00
      vertex -2.596990e+00 9.533474e-01 1.017271e+00
      vertex -2.446363e+00 1.113632e+00 1.073269e+00
    endloop
  endfacet
  facet normal 0.000000e+00 0.000000e+00 0.000000e+00
    outer loop
      vertex -2.446363e+00 1.113632e+00 1.073269e+00
      vertex -2.596990e+00 9.533474e-01 1.017271e+00
      vertex -2.636760e+00 1.062616e+00 1.073269e+00
    endloop
  endfacet
  facet normal 0.000000e+00 0.000000e+00 0.000000e+00
    outer loop
      vertex -2.446363e+00 1.113632e+00 1.073269e+00
      vertex -2.636760e+00 1.062616e+00 1.073269e+00
      vertex -2.460337e+00 1.192879e+00 1.174174e+00
    endloop
  endfacet
  facet normal 0.000000e+00 0.000000e+00 0.000000e+00
    outer loop
      vertex -2.460337e+00 1.192879e+00 1.174174e+00
      vertex -2.636760e+00 1.062616e+00 1.073269e+00
      vertex -2.664283e+00 1.138232e+00 1.174174e+00
    endloop
  endfacet
  facet normal 0.000000e+00 0.000000e+00 0.000000e+00
    outer loop
      vertex -2.460337e+00 1.192879e+00 1.174174e+00
      vertex -2.664283e+00 1.138232e+00 1.174174e+00
      vertex -2.465324e+00 1.221162e+00 1.300000e+00
    endloop
  endfacet
  facet normal 0.000000e+00 0.000000e+00 0.000000e+00
    outer loop
      vertex -2.465324e+00 1.221162e+00 1.300000e+00
      vertex -2.664283e+00 1.138232e+00 1.174174e+00
      vertex -2.674105e+00 1.165219e+00 1.300000e+00
    endloop
  endfacet
  facet normal 0.000000e+00 0.000000e+00 0.000000e+00
    outer loop
      vertex -2.674105e+00 1.165219e+00 1.300000e+00
      vertex -2.870000e+00 1.073871e+00 1.300000e+00
      vertex -2.664283e+00 1.138232e+00 1.425826e+00
    endloop
  endfacet
  facet normal 0.000000e+00 0.000000e+00 0.000000e+00
    outer loop
      vertex -2.664283e+00 1.138232e+00 1.425826e+00
      vertex -2.870000e+00 1.073871e+00 1.300000e+00
      vertex -2.855640e+00 1.049000e+00 1.425826e+00
    endloop
  endfacet
  facet normal 0.000000e+00 0.000000e+00 0.000000e+00
    outer loop
      vertex -2.664283e+00 1.138232e+00 1.425826e+00
      vertex -2.855640e+00 1.049000e+00 1.425826e+00
      vertex -2.636760e+00 1.062616e+00 1.526731e+00
    endloop
  endfacet
  facet normal 0.000000e+00 0.000000e+00 0.000000e+00
    outer loop
      vertex -2.636760e+00 1.062616e+00 1.526731e+00
      vertex -2.855640e+00 1.049000e+00 1.425826e+00
      vertex -2.815406e+00 9.793119e-01 1.526731e+00
    endloop
  endfacet
  facet normal 0.000000e+00 0.000000e+00 0.000000e+00
    outer loop
      vertex -2.636760e+00 1.062616e+00 1.526731e+00
      vertex -2.815406e+00 9.793119e-01 1.526731e+00
      vertex -2.596990e+00 9.533474e-01 1.582729e+00
    endloop
  endfacet
  facet normal 0.000000e+00 0.000000e+00 0.000000e+00
    outer loop
      vertex -2.596990e+00 9.533474e-01 1.582729e+00
      vertex -2.815406e+00 9.793119e-01 1.526731e+00
      vertex -2.757266e+00 8.786097e-01 1.582729e+00
    endloop
  endfacet
  facet normal 0.000000e+00 0.000000e+00 0.000000e+00
    outer loop
      vertex -2.596990e+00 9.533474e-01 1.582729e+00
      vertex -2.757266e+00 8.786097e-01 1.582729e+00
      vertex -2.552848e+00 8.320686e-01 1.582729e+00
    endloop
  endfacet
  facet normal 0.000000e+00 0.000000e+00 0.000000e+00
    outer loop
      vertex -2.552848e+00 8.320686e-01 1.582729e+00
      vertex -2.757266e+00 8.786097e-01 1.582729e+00
      vertex -2.692734e+00 7.668386e-01 1.582729e+00
    endloop
  endfacet
  facet normal 0.000000e+00 0.000000e+00 0.000000e+00
    outer loop
      vertex -2.552848e+00 8.320686e-01 1.582729e+00
      vertex -2.692734e+00 7.668386e-01 1.582729e+00
      vertex -2.513078e+00 7.228003e-01 1.526731e+00
    endloop
  endfacet
  facet normal 0.000000e+00 0.000000e+00 0.000000e+00
    outer loop
      vertex -2.513078e+00 7.228003e-01 1.526731e+00
      vertex -2.692734e+00 7.668386e-01 1.582729e+00
      vertex -2.634594e+00 6.661363e-01 1.526731e+00
    endloop
  endfacet
  facet normal 0.000000e+00 0.000000e+00 0.000000e+00
    outer loop
      vertex -2.513078e+00 7.228003e-01 1.526731e+00
      vertex -2.634594e+00 6.661363e-01 1.526731e+00
      vertex -2.485556e+00 6.471842e-01 1.425826e+00
    endloop
  endfacet
  facet normal 0.000000e+00 0.000000e+00 0.000000e+00
    outer loop
      vertex -2.485556e+00 6.471842e-01 1.425826e+00
      vertex -2.634594e+00 6.661363e-01 1.526731e+00
      vertex -2.594359e+00 5.964482e-01 1.425826e+00
    endloop
  endfacet
  facet normal 0.000000e+00 0.000000e+00 0.000000e+00
    outer loop
      vertex -2.485556e+00 6.471842e-01 1.425826e+00
      vertex -2.594359e+00 5.964482e-01 1.425826e+00
      vertex -2.475733e+00 6.201971e-01 1.300000e+00
    endloop
  endfacet
  facet normal 0.000000e+00 0.000000e+00 0.000000e+00
    outer loop
      vertex -2.475733e+00 6.201971e-01 1.300000e+00
      vertex -2.594359e+00 5.964482e-01 1.425826e+00
      vertex -2.580000e+00 5.715768e-01 1.300000e+00
    endloop
  endfacet
  facet normal 0.000000e+00 0.000000e+00 0.000000e+00
    outer loop
      vertex -2.475733e+00 6.201971e-01 1.300000e+00
      vertex -2.580000e+00 5.715768e-01 1.300000e+00
      vertex -2.485556e+00 6.471842e-01 1.174174e+00
    endloop
  endfacet
  facet normal 0.000000e+00 0.000000e+00 0.000000e+00
    outer loop
      vertex -2.485556e+00 6.471842e-01 1.174174e+00
      vertex -2.580000e+00 5.715768e-01 1.300000e+00
      vertex -2.594359e+00 5.964482e-01 1.174174e+00
    endloop
  endfacet
  facet normal 0.000000e+00 0.000000e+00 0.000000e+00
    outer loop
      vertex -2.485556e+00 6.471842e-01 1.174174e+00
      vertex -2.594359e+00 5.964482e-01 1.174174e+00
      vertex -2.513078e+00 7.228003e-01 1.073269e+00
    endloop
  endfacet
  facet normal 0.000000e+00 0.000000e+00 0.000000e+00
    outer loop
      vertex -2.513078e+00 7.228003e-01 1.073269e+00
      vertex -2.594359e+00 5.964482e-01 1.174174e+00
      vertex -2.634594e+00 6.661363e-01 1.073269e+00
    endloop
  endfacet
  facet normal 0.000000e+00 0.000000e+00 0.000000e+00
    outer loop
      vertex -2.513078e+00 7.228003e-01 1.073269e+00
      vertex -2.634594e+00 6.661363e-01 1.073269e+00
      vertex -2.552848e+00 8.320686e-01 1.017271e+00
    endloop
  endfacet
  facet normal 0.000000e+00 0.000000e+00 0.000000e+00
    outer loop
      vertex -2.552848e+00 8.320686e-01 1.017271e+00
      vertex -2.634594e+00 6.661363e-01 1.073269e+00
      vertex -2.692734e+00 7.668386e-01 1.017271e+00
    endloop
  endfacet
  facet normal 0.000000e+00 0.000000e+00 0.000000e+00
    outer loop
      vertex -2.552848e+00 8.320686e-01 1.017271e+00
      vertex -2.692734e+00 7.668386e-01 1.017271e+00
      vertex -2.596990e+00 9.533474e-01 1.017271e+00
    endloop
  endfacet
  facet normal 0.000000e+00 0.000000e+00 0.000000e+00
    outer loop
      vertex -2.596990e+00 9.533474e-01 1.017271e+00
      vertex -2.692734e+00 7.668386e-01 1.017271e+00
      vertex -2.757266e+00 8.786097e-01 1.017271e+00
    endloop
  endfacet
  facet normal 0.000000e+00 0.000000e+00 0.000000e+00
    outer loop
      vertex -2.596990e+00 9.533474e-01 1.017271e+00
      vertex -2.757266e+00 8.786097e-01 1.017271e+00
      vertex -2.636760e+00 1.062616e+00 1.073269e+00
    endloop
  endfacet
  facet normal 0.000000e+00 0.000000e+00 0.000000e+00
    outer loop
      vertex -2.636760e+00 1.062616e+00 1.073269e+00
      vertex -2.757266e+00 8.786097e-01 1.017271e+00
      vertex -2.815406e+00 9.793119e-01 1.073269e+00
    endloop
  endfacet
  facet normal 0.000000e+00 0.000000e+00 0.000000e+00
    outer loop
      vertex -2.636760e+00 1.062616e+00 1.073269e+00
      vertex -2.815406e+00 9.793119e-01 1.073269e+00
      vertex -2.664283e+00 1.138232e+00 1.174174e+00
    endloop
  endfacet
  facet normal 0.000000e+00 0.000000e+00 0.000000e+00
    outer loop
      vertex -2.664283e+00 1.138232e+00 1.174174e+00
      vertex -2.815406e+00 9.793119e-01 1.073269e+00
      vertex -2.855640e+00 1.049000e+00 1.174174e+00
    endloop
  endfacet
  facet normal 0.000000e+00 0.000000e+00 0.000000e+00
    outer loop
      vertex -2.664283e+00 1.138232e+00 1.174174e+00
      vertex -2.855640e+00 1.049000e+00 1.174174e+00
      vertex -2.674105e+00 1.165219e+00 1.300000e+00
    endloop
  endfacet
  facet normal 0.000000e+00 0.000000e+00 0.000000e+00
    outer loop
      vertex -2.674105e+00 1.165219e+00 1.300000e+00
      vertex -2.855640e+00 1.049000e+00 1.174174e+00
      vertex -2.870000e+00 1.073871e+00 1.300000e+00
    endloop
  endfacet
  facet normal 0.000000e+00 0.000000e+00 0.000000e+00
    outer loop
      vertex -2.870000e+00 1.073871e+00 1.300000e+00
      vertex -3.047057e+00 9.498951e-01 1.300000e+00
      vertex -2.855640e+00 1.049000e+00 1.425826e+00
    endloop
  endfacet
  facet normal 0.000000e+00 0.000000e+00 0.000000e+00
    outer loop
      vertex -2.855640e+00 1.049000e+00 1.425826e+00
      vertex -3.047057e+00 9.498951e-01 1.300000e+00
      vertex -3.028596e+00 9.278951e-01 1.425826e+00
    endloop
  endfacet
  facet normal 0.000000e+00 0.000000e+00 0.000000e+00
    outer loop
      vertex -2.855640e+00 1.049000e+00 1.425826e+00
      vertex -3.028596e+00 9.278951e-01 1.425826e+00
      vertex -2.815406e+00 9.793119e-01 1.526731e+00
    endloop
  endfacet
  facet normal 0.000000e+00 0.000000e+00 0.000000e+00
    outer loop
      vertex -2.815406e+00 9.793119e-01 1.526731e+00
      vertex -3.028596e+00 9.278951e-01 1.425826e+00
      vertex -2.976872e+00 8.662523e-01 1.526731e+00
    endloop
  endfacet
  facet normal 0.000000e+00 0.000000e+00 0.000000e+00
    outer loop
      vertex -2.815406e+00 9.793119e-01 1.526731e+00
      vertex -2.976872e+00 8.662523e-01 1.526731e+00
      vertex -2.757266e+00 8.786097e-01 1.582729e+00
    endloop
  endfacet
  facet normal 0.000000e+00 0.000000e+00 0.000000e+00
    outer loop
      vertex -2.757266e+00 8.786097e-01 1.582729e+00
      vertex -2.976872e+00 8.662523e-01 1.526731e+00
      vertex -2.902128e+00 7.771759e-01 1.582729e+00
    endloop
  endfacet
  facet normal 0.000000e+00 0.000000e+00 0.000000e+00
    outer loop
      vertex -2.757266e+00 8.786097e-01 1.582729e+00
      vertex -2.902128e+00 7.771759e-01 1.582729e+00
      vertex -2.692734e+00 7.668386e-01 1.582729e+00
    endloop
  endfacet
  facet normal 0.000000e+00 0.000000e+00 0.000000e+00
    outer loop
      vertex -2.692734e+00 7.668386e-01 1.582729e+00
      vertex -2.902128e+00 7.771759e-01 1.582729e+00
      vertex -2.819169e+00 6.783085e-01 1.582729e+00
    endloop
  endfacet
  facet normal 0.000000e+00 0.000000e+00 0.000000e+00
    outer loop
      vertex -2.692734e+00 7.668386e-01 1.582729e+00
      vertex -2.819169e+00 6.783085e-01 1.582729e+00
      vertex -2.634594e+00 6.661363e-01 1.526731e+00
    endloop
  endfacet
  facet normal 0.000000e+00 0.000000e+00 0.000000e+00
    outer loop
      vertex -2.634594e+00 6.661363e-01 1.526731e+00
      vertex -2.819169e+00 6.783085e-01 1.582729e+00
      vertex -2.744425e+00 5.892321e-01 1.526731e+00
    endloop
  endfacet
  facet normal 0.000000e+00 0.000000e+00 0.000000e+00
    outer loop
      vertex -2.634594e+00 6.661363e-01 1.526731e+00
      vertex -2.744425e+00 5.892321e-01 1.526731e+00
      vertex -2.594359e+00 5.964482e-01 1.425826e+00
    endloop
  endfacet
  facet normal 0.000000e+00 0.000000e+00 0.000000e+00
    outer loop
      vertex -2.594359e+00 5.964482e-01 1.425826e+00
      vertex -2.744425e+00 5.892321e-01 1.526731e+00
      vertex -2.692700e+00 5.275894e-01 1.425826e+00
    endloop
  endfacet
  facet normal 0.000000e+00 0.000000e+00 0.000000e+00
    outer loop
      vertex -2.594359e+00 5.964482e-01 1.425826e+00
      vertex -2.692700e+00 5.275894e-01 1.425826e+00
      vertex -2.580000e+00 5.715768e-01 1.300000e+00
    endloop
  endfacet
  facet normal 0.000000e+00 0.000000e+00 0.000000e+00
    outer loop
      vertex -2.580000e+00 5.715768e-01 1.300000e+00
      vertex -2.692700e+00 5.275894e-01 1.425826e+00
      vertex -2.674240e+00 5.055893e-01 1.300000e+00
    endloop
  endfacet
  facet normal 0.000000e+00 0.000000e+00 0.000000e+00
    outer loop
      vertex -2.580000e+00 5.715768e-01 1.300000e+00
      vertex -2.674240e+00 5.055893e-01 1.300000e+00
      vertex -2.594359e+00 5.964482e-01 1.174174e+00
    endloop
  endfacet
  facet normal 0.000000e+00 0.000000e+00 0.000000e+00
    outer loop
      vertex -2.594359e+00 5.964482e-01 1.174174e+00
      vertex -2.674240e+00 5.055893e-01 1.300000e+00
      vertex -2.692700e+00 5.275894e-01 1.174174e+00
    endloop
  endfacet
  facet normal 0.000000e+00 0.000000e+00 0.000000e+00
    outer loop
      vertex -2.594359e+00 5.964482e-01 1.174174e+00
      vertex -2.692700e+00 5.275894e-01 1.174174e+00
      vertex -2.634594e+00 6.661363e-01 1.073269e+00
    endloop
  endfacet
  facet normal 0.000000e+00 0.000000e+00 0.000000e+00
    outer loop
      vertex -2.634594e+00 6.661363e-01 1.073269e+00
      vertex -2.692700e+00 5.275894e-01 1.174174e+00
      vertex -2.744425e+00 5.892321e-01 1.073269e+00
    endloop
  endfacet
  facet normal 0.000000e+00 0.000000e+00 0.000000e+00
    outer loop
      vertex -2.634594e+00 6.661363e-01 1.073269e+00
      vertex -2.744425e+00 5.892321e-01 1.073269e+00
      vertex -2.692734e+00 7.668386e-01 1.017271e+00
    endloop
  endfacet
  facet normal 0.000000e+00 0.000000e+00 0.000000e+00
    outer loop
      vertex -2.692734e+00 7.668386e-01 1.017271e+00
      vertex -2.744425e+00 5.892321e-01 1.073269e+00
      vertex -2.819169e+00 6.783085e-01 1.017271e+00
    endloop
  endfacet
  facet normal 0.000000e+00 0.000000e+00 0.000000e+00
    outer loop
      vertex -2.692734e+00 7.668386e-01 1.017271e+00
      vertex -2.819169e+00 6.783085e-01 1.017271e+00
      vertex -2.757266e+00 8.786097e-01 1.017271e+00
    endloop
  endfacet
  facet normal 0.000000e+00 0.000000e+00 0.000000e+00
    outer loop
      vertex -2.757266e+00 8.786097e-01 1.017271e+00
      vertex -2.819169e+00 6.783085e-01 1.017271e+00
      vertex -2.902128e+00 7.771759e-01 1.017271e+00
    endloop
  endfacet
  facet normal 0.000000e+00 0.000000e+00 0.000000e+00
    outer loop
      vertex -2.757266e+00 8.786097e-01 1.017271e+00
      vertex -2.902128e+00 7.771759e-01 1.017271e+00
      vertex -2.815406e+00 9.793119e-01 1.073269e+00
    endloop
  endfacet
  facet normal 0.000000e+00 0.000000e+00 0.000000e+00
    outer loop
      vertex -2.815406e+00 9.793119e-01 1.073269e+00
      vertex -2.902128e+00 7.771759e-01 1.017271e+00
      vertex -2.976872e+00 8.662523e-01 1.073269e+00
    endloop
  endfacet
  facet normal 0.000000e+00 0.000000e+00 0.000000e+00
    outer loop
      vertex -2.815406e+00 9.793119e-01 1.073269e+00
      vertex -2.976872e+00 8.662523e-01 1.073269e+00
      vertex -2.855640e+00 1.049000e+00 1.174174e+00
    endloop
  endfacet
  facet normal 0.000000e+00 0.000000e+00 0.000000e+00
    outer loop
      vertex -2.855640e+00 1.049000e+00 1.174174e+00
      vertex -2.976872e+00 8.662523e-01 1.073269e+00
      vertex -3.028596e+00 9.278951e-01 1.174174e+00
    endloop
  endfacet
  facet normal 0.000000e+00 0.000000e+00 0.000000e+00
    outer loop
      vertex -2.855640e+00 1.049000e+00 1.174174e+00
      vertex -3.028596e+00 9.278951e-01 1.174174e+00
      vertex -2.870000e+00 1.073871e+00 1.300000e+00
    endloop
  endfacet
  facet normal 0.000000e+00 0.000000e+00 0.000000e+00
    outer loop
      vertex -2.870000e+00 1.073871e+00 1.300000e+00
      vertex -3.028596e+00 9.278951e-01 1.174174e+00
      vertex -3.047057e+00 9.498951e-01 1.300000e+00
    endloop
  endfacet
  facet normal 0.000000e+00 0.000000e+00 0.000000e+00
    outer loop
      vertex -3.047057e+00 9.498951e-01 1.300000e+00
      vertex -3.199895e+00 7.970566e-01 1.300000e+00
      vertex -3.028596e+00 9.278951e-01 1.425826e+00
    endloop
  endfacet
  facet normal 0.000000e+00 0.000000e+00 0.000000e+00
    outer loop
      vertex -3.028596e+00 9.278951e-01 1.425826e+00
      vertex -3.199895e+00 7.970566e-01 1.300000e+00
      vertex -3.177895e+00 7.785964e-01 1.425826e+00
    endloop
  endfacet
  facet normal 0.000000e+00 0.000000e+00 0.000000e+00
    outer loop
      vertex -3.028596e+00 9.278951e-01 1.425826e+00
      vertex -3.177895e+00 7.785964e-01 1.425826e+00
      vertex -2.976872e+00 8.662523e-01 1.526731e+00
    endloop
  endfacet
  facet normal 0.000000e+00 0.000000e+00 0.000000e+00
    outer loop
      vertex -2.976872e+00 8.662523e-01 1.526731e+00
      vertex -3.177895e+00 7.785964e-01 1.425826e+00
      vertex -3.116252e+00 7.268720e-01 1.526731e+00
    endloop
  endfacet
  facet normal 0.000000e+00 0.000000e+00 0.000000e+00
    outer loop
      vertex -2.976872e+00 8.662523e-01 1.526731e+00
      vertex -3.116252e+00 7.268720e-01 1.526731e+00
      vertex -2.902128e+00 7.771759e-01 1.582729e+00
    endloop
  endfacet
  facet normal 0.000000e+00 0.000000e+00 0.000000e+00
    outer loop
      vertex -2.902128e+00 7.771759e-01 1.582729e+00
      vertex -3.116252e+00 7.268720e-01 1.526731e+00
      vertex -3.027176e+00 6.521280e-01 1.582729e+00
    endloop
  endfacet
  facet normal 0.000000e+00 0.000000e+00 0.000000e+00
    outer loop
      vertex -2.902128e+00 7.771759e-01 1.582729e+00
      vertex -3.027176e+00 6.521280e-01 1.582729e+00
      vertex -2.819169e+00 6.783085e-01 1.582729e+00
    endloop
  endfacet
  facet normal 0.000000e+00 0.000000e+00 0.000000e+00
    outer loop
      vertex -2.819169e+00 6.783085e-01 1.582729e+00
      vertex -3.027176e+00 6.521280e-01 1.582729e+00
      vertex -2.928308e+00 5.691684e-01 1.582729e+00
    endloop
  endfacet
  facet normal 0.000000e+00 0.000000e+00 0.000000e+00
    outer loop
      vertex -2.819169e+00 6.783085e-01 1.582729e+00
      vertex -2.928308e+00 5.691684e-01 1.582729e+00
      vertex -2.744425e+00 5.892321e-01 1.526731e+00
    endloop
  endfacet
  facet normal 0.000000e+00 0.000000e+00 0.000000e+00
    outer loop
      vertex -2.744425e+00 5.892321e-01 1.526731e+00
      vertex -2.928308e+00 5.691684e-01 1.582729e+00
      vertex -2.839232e+00 4.944245e-01 1.526731e+00
    endloop
  endfacet
  facet normal 0.000000e+00 0.000000e+00 0.000000e+00
    outer loop
      vertex -2.744425e+00 5.892321e-01 1.526731e+00
      vertex -2.839232e+00 4.944245e-01 1.526731e+00
      vertex -2.692700e+00 5.275894e-01 1.425826e+00
    endloop
  endfacet
  facet normal 0.000000e+00 0.000000e+00 0.000000e+00
    outer loop
      vertex -2.692700e+00 5.275894e-01 1.425826e+00
      vertex -2.839232e+00 4.944245e-01 1.526731e+00
      vertex -2.777589e+00 4.427001e-01 1.425826e+00
    endloop
  endfacet
  facet normal 0.000000e+00 0.000000e+00 0.000000e+00
    outer loop
      vertex -2.692700e+00 5.275894e-01 1.425826e+00
      vertex -2.777589e+00 4.427001e-01 1.425826e+00
      vertex -2.674240e+00 5.055893e-01 1.300000e+00
    endloop
  endfacet
  facet normal 0.000000e+00 0.000000e+00 0.000000e+00
    outer loop
      vertex -2.674240e+00 5.055893e-01 1.300000e+00
      vertex -2.777589e+00 4.427001e-01 1.425826e+00
      vertex -2.755589e+00 4.242398e-01 1.300000e+00
    endloop
  endfacet
  facet normal 0.000000e+00 0.000000e+00 0.000000e+00
    outer loop
      vertex -2.674240e+00 5.055893e-01 1.300000e+00
      vertex -2.755589e+00 4.242398e-01 1.300000e+00
      vertex -2.692700e+00 5.275894e-01 1.174174e+00
    endloop
  endfacet
  facet normal 0.000000e+00 0.000000e+00 0.000000e+00
    outer loop
      vertex -2.692700e+00 5.275894e-01 1.174174e+00
      vertex -2.755589e+00 4.242398e-01 1.300000e+00
      vertex -2.777589e+00 4.427001e-01 1.174174e+00
    endloop
  endfacet
  facet normal 0.000000e+00 0.000000e+00 0.000000e+00
    outer loop
      vertex -2.692700e+00 5.275894e-01 1.174174e+00
      vertex -2.777589e+00 4.427001e-01 1.174174e+00
      vertex -2.744425e+00 5.892321e-01 1.073269e+00
    endloop
  endfacet
  facet normal 0.000000e+00 0.000000e+00 0.000000e+00
    outer loop
      vertex -2.744425e+00 5.892321e-01 1.073269e+00
      vertex -2.777589e+00 4.427001e-01 1.174174e+00
      vertex -2.839232e+00 4.944245e-01 1.073269e+00
    endloop
  endfacet
  facet normal 0.000000e+00 0.000000e+00 0.000000e+00
    outer loop
      vertex -2.744425e+00 5.892321e-01 1.073269e+00
      vertex -2.839232e+00 4.944245e-01 1.073269e+00
      vertex -2.819169e+00 6.783085e-01 1.017271e+00
    endloop
  endfacet
  facet normal 0.000000e+00 0.000000e+00 0.000000e+00
    outer loop
      vertex -2.819169e+00 6.783085e-01 1.017271e+00
      vertex -2.839232e+00 4.944245e-01 1.073269e+00
      vertex -2.928308e+00 5.691684e-01 1.017271e+00
    endloop
  endfacet
  facet normal 0.000000e+00 0.000000e+00 0.000000e+00
    outer loop
      vertex -2.819169e+00 6.783085e-01 1.017271e+00
      vertex -2.928308e+00 5.691684e-01 1.017271e+00
      vertex -2.902128e+00 7.771759e-01 1.017271e+00
    endloop
  endfacet
  facet normal 0.000000e+00 0.000000e+00 0.000000e+00
    outer loop
      vertex -2.902128e+00 7.771759e-01 1.017271e+00
      vertex -2.928308e+00 5.691684e-01 1.017271e+00
      vertex -3.027176e+00 6.521280e-01 1.017271e+00
    endloop
  endfacet
  facet normal 0.000000e+00 0.000000e+00 0.000000e+00
    outer loop
      vertex -2.902128e+00 7.771759e-01 1.017271e+00
      vertex -3.027176e+00 6.521280e-01 1.017271e+00
      vertex -2.976872e+00 8.662523e-01 1.073269e+00
    endloop
  endfacet
  facet normal 0.000000e+00 0.000000e+00 0.000000e+00
    outer loop
      vertex -2.976872e+00 8.662523e-01 1.073269e+00
      vertex -3.027176e+00 6.521280e-01 1.017271e+00
      vertex -3.116252e+00 7.268720e-01 1.073269e+00
    endloop
  endfacet
  facet normal 0.000000e+00 0.000000e+00 0.000000e+00
    outer loop
      vertex -2.976872e+00 8.662523e-01 1.073269e+00
      vertex -3.116252e+00 7.268720e-01 1.073269e+00
      vertex -3.028596e+00 9.278951e-01 1.174174e+00
    endloop
  endfacet
  facet normal 0.000000e+00 0.000000e+00 0.000000e+00
    outer loop
      vertex -3.028596e+00 9.278951e-01 1.174174e+00
      vertex -3.116252e+00 7.268720e-01 1.073269e+00
      vertex -3.177895e+00 7.785964e-01 1.174174e+00
    endloop
  endfacet
  facet normal 0.000000e+00 0.000000e+00 0.000000e+00
    outer loop
      vertex -3.028596e+00 9.278951e-01 1.174174e+00
      vertex -3.177895e+00 7.785964e-01 1.174174e+00
      vertex -3.047057e+00 9.498951e-01 1.300000e+00
    endloop
  endfacet
  facet normal 0.000000e+00 0.000000e+00 0.000000e+00
    outer loop
      vertex -3.047057e+00 9.498951e-01 1.300000e+00
      vertex -3.177895e+00 7.785964e-01 1.174174e+00
      vertex -3.199895e+00 7.970566e-01 1.300000e+00
    endloop
  endfacet
  facet normal 0.000000e+00 0.000000e+00 0.000000e+00
    outer loop
      vertex -3.199895e+00 7.970566e-01 1.300000e+00
      vertex -3.323872e+00 6.200000e-01 1.300000e+00
      vertex -3.177895e+00 7.785964e-01 1.425826e+00
    endloop
  endfacet
  facet normal 0.000000e+00 0.000000e+00 0.000000e+00
    outer loop
      vertex -3.177895e+00 7.785964e-01 1.425826e+00
      vertex -3.323872e+00 6.200000e-01 1.300000e+00
      vertex -3.299000e+00 6.056405e-01 1.425826e+00
    endloop
  endfacet
  facet normal 0.000000e+00 0.000000e+00 0.000000e+00
    outer loop
      vertex -3.177895e+00 7.785964e-01 1.425826e+00
      vertex -3.299000e+00 6.056405e-01 1.425826e+00
      vertex -3.116252e+00 7.268720e-01 1.526731e+00
    endloop
  endfacet
  facet normal 0.000000e+00 0.000000e+00 0.000000e+00
    outer loop
      vertex -3.116252e+00 7.268720e-01 1.526731e+00
      vertex -3.299000e+00 6.056405e-01 1.425826e+00
      vertex -3.229312e+00 5.654060e-01 1.526731e+00
    endloop
  endfacet
  facet normal 0.000000e+00 0.000000e+00 0.000000e+00
    outer loop
      vertex -3.116252e+00 7.268720e-01 1.526731e+00
      vertex -3.229312e+00 5.654060e-01 1.526731e+00
      vertex -3.027176e+00 6.521280e-01 1.582729e+00
    endloop
  endfacet
  facet normal 0.000000e+00 0.000000e+00 0.000000e+00
    outer loop
      vertex -3.027176e+00 6.521280e-01 1.582729e+00
      vertex -3.229312e+00 5.654060e-01 1.526731e+00
      vertex -3.128610e+00 5.072655e-01 1.582729e+00
    endloop
  endfacet
  facet normal 0.000000e+00 0.000000e+00 0.000000e+00
    outer loop
      vertex -3.027176e+00 6.521280e-01 1.582729e+00
      vertex -3.128610e+00 5.072655e-01 1.582729e+00
      vertex -2.928308e+00 5.691684e-01 1.582729e+00
    endloop
  endfacet
  facet normal 0.000000e+00 0.000000e+00 0.000000e+00
    outer loop
      vertex -2.928308e+00 5.691684e-01 1.582729e+00
      vertex -3.128610e+00 5.072655e-01 1.582729e+00
      vertex -3.016839e+00 4.427345e-01 1.582729e+00
    endloop
  endfacet
  facet normal 0.000000e+00 0.000000e+00 0.000000e+00
    outer loop
      vertex -2.928308e+00 5.691684e-01 1.582729e+00
      vertex -3.016839e+00 4.427345e-01 1.582729e+00
      vertex -2.839232e+00 4.944245e-01 1.526731e+00
    endloop
  endfacet
  facet normal 0.000000e+00 0.000000e+00 0.000000e+00
    outer loop
      vertex -2.839232e+00 4.944245e-01 1.526731e+00
      vertex -3.016839e+00 4.427345e-01 1.582729e+00
      vertex -2.916136e+00 3.845940e-01 1.526731e+00
    endloop
  endfacet
  facet normal 0.000000e+00 0.000000e+00 0.000000e+00
    outer loop
      vertex -2.839232e+00 4.944245e-01 1.526731e+00
      vertex -2.916136e+00 3.845940e-01 1.526731e+00
      vertex -2.777589e+00 4.427001e-01 1.425826e+00
    endloop
  endfacet
  facet normal 0.000000e+00 0.000000e+00 0.000000e+00
    outer loop
      vertex -2.777589e+00 4.427001e-01 1.425826e+00
      vertex -2.916136e+00 3.845940e-01 1.526731e+00
      vertex -2.846448e+00 3.443595e-01 1.425826e+00
    endloop
  endfacet
  facet normal 0.000000e+00 0.000000e+00 0.000000e+00
    outer loop
      vertex -2.777589e+00 4.427001e-01 1.425826e+00
      vertex -2.846448e+00 3.443595e-01 1.425826e+00
      vertex -2.755589e+00 4.242398e-01 1.300000e+00
    endloop
  endfacet
  facet normal 0.000000e+00 0.000000e+00 0.000000e+00
    outer loop
      vertex -2.755589e+00 4.242398e-01 1.300000e+00
      vertex -2.846448e+00 3.443595e-01 1.425826e+00
      vertex -2.821577e+00 3.300000e-01 1.300000e+00
    endloop
  endfacet
  facet normal 0.000000e+00 0.000000e+00 0.000000e+00
    outer loop
      vertex -2.755589e+00 4.242398e-01 1.300000e+00
      vertex -2.821577e+00 3.300000e-01 1.300000e+00
      vertex -2.777589e+00 4.427001e-01 1.174174e+00
    endloop
  endfacet
  facet normal 0.000000e+00 0.000000e+00 0.000000e+00
    outer loop
      vertex -2.777589e+00 4.427001e-01 1.174174e+00
      vertex -2.821577e+00 3.300000e-01 1.300000e+00
      vertex -2.846448e+00 3.443595e-01 1.174174e+00
    endloop
  endfacet
  facet normal 0.000000e+00 0.000000e+00 0.000000e+00
    outer loop
      vertex -2.777589e+00 4.427001e-01 1.174174e+00
      vertex -2.846448e+00 3.443595e-01 1.174174e+00
      vertex -2.839232e+00 4.944245e-01 1.073269e+00
    endloop
  endfacet
  facet normal 0.000000e+00 0.000000e+00 0.000000e+00
    outer loop
      vertex -2.839232e+00 4.944245e-01 1.073269e+00
      vertex -2.846448e+00 3.443595e-01 1.174174e+00
      vertex -2.916136e+00 3.845940e-01 1.073269e+00
    endloop
  endfacet
  facet normal 0.000000e+00 0.000000e+00 0.000000e+00
    outer loop
      vertex -2.839232e+00 4.944245e-01 1.073269e+00
      vertex -2.916136e+00 3.845940e-01 1.073269e+00
      vertex -2.928308e+00 5.691684e-01 1.017271e+00
    endloop
  endfacet
  facet normal 0.000000e+00 0.000000e+00 0.000000e+00
    outer loop
      vertex -2.928308e+00 5.691684e-01 1.017271e+00
      vertex -2.916136e+00 3.845940e-01 1.073269e+00
      vertex -3.016839e+00 4.427345e-01 1.017271e+00
    endloop
  endfacet
  facet normal 0.000000e+00 0.000000e+00 0.000000e+00
    outer loop
      vertex -2.928308e+00 5.691684e-01 1.017271e+00
      vertex -3.016839e+00 4.427345e-01 1.017271e+00
      vertex -3.027176e+00 6.521280e-01 1.017271e+00
    endloop
  endfacet
  facet normal 0.000000e+00 0.000000e+00 0.000000e+00
    outer loop
      vertex -3.027176e+00 6.521280e-01 1.017271e+00
      vertex -3.016839e+00 4.427345e-01 1.017271e+00
      vertex -3.128610e+00 5.072655e-01 1.017271e+00
    endloop
  endfacet
  facet normal 0.000000e+00 0.000000e+00 0.000000e+00
    outer loop
      vertex -3.027176e+00 6.521280e-01 1.017271e+00
      vertex -3.128610e+00 5.072655e-01 1.017271e+00
      vertex -3.116252e+00 7.268720e-01 1.073269e+00
    endloop
  endfacet
  facet normal 0.000000e+00 0.000000e+00 0.000000e+00
    outer loop
      vertex -3.116252e+00 7.268720e-01 1.073269e+00
      vertex -3.128610e+00 5.072655e-01 1.017271e+00
      vertex -3.229312e+00 5.654060e-01 1.073269e+00
    endloop
  endfacet
  facet normal 0.000000e+00 0.000000e+00 0.000000e+00
    outer loop
      vertex -3.116252e+00 7.268720e-01 1.073269e+00
      vertex -3.229312e+00 5.654060e-01 1.073269e+00
      vertex -3.177895e+00 7.785964e-01 1.174174e+00
    endloop
  endfacet
  facet normal 0.000000e+00 0.000000e+00 0.000000e+00
    outer loop
      vertex -3.177895e+00 7.785964e-01 1.174174e+00
      vertex -3.229312e+00 5.654060e-01 1.073269e+00
      vertex -3.299000e+00 6.056405e-01 1.174174e+00
    endloop
  endfacet
  facet normal 0.000000e+00 0.000000e+00 0.000000e+00
    outer loop
      vertex -3.177895e+00 7.785964e-01 1.174174e+00
      vertex -3.299000e+00 6.056405e-01 1.174174e+00
      vertex -3.199895e+00 7.970566e-01 1.300000e+00
    endloop
  endfacet
  facet normal 0.000000e+00 0.000000e+00 0.000000e+00
    outer loop
      vertex -3.199895e+00 7.970566e-01 1.300000e+00
      vertex -3.299000e+00 6.056405e-01 1.174174e+00
      vertex -3.323872e+00 6.200000e-01 1.300000e+00
    endloop
  endfacet
  facet normal 0.000000e+00 0.000000e+00 0.000000e+00
    outer loop
      vertex -3.323872e+00 6.200000e-01 1.300000e+00
      vertex -3.415219e+00 4.241050e-01 1.300000e+00
      vertex -3.299000e+00 6.056405e-01 1.425826e+00
    endloop
  endfacet
  facet normal 0.000000e+00 0.000000e+00 0.000000e+00
    outer loop
      vertex -3.299000e+00 6.056405e-01 1.425826e+00
      vertex -3.415219e+00 4.241050e-01 1.300000e+00
      vertex -3.388232e+00 4.142825e-01 1.425826e+00
    endloop
  endfacet
  facet normal 0.000000e+00 0.000000e+00 0.000000e+00
    outer loop
      vertex -3.299000e+00 6.056405e-01 1.425826e+00
      vertex -3.388232e+00 4.142825e-01 1.425826e+00
      vertex -3.229312e+00 5.654060e-01 1.526731e+00
    endloop
  endfacet
  facet normal 0.000000e+00 0.000000e+00 0.000000e+00
    outer loop
      vertex -3.229312e+00 5.654060e-01 1.526731e+00
      vertex -3.388232e+00 4.142825e-01 1.425826e+00
      vertex -3.312616e+00 3.867605e-01 1.526731e+00
    endloop
  endfacet
  facet normal 0.000000e+00 0.000000e+00 0.000000e+00
    outer loop
      vertex -3.229312e+00 5.654060e-01 1.526731e+00
      vertex -3.312616e+00 3.867605e-01 1.526731e+00
      vertex -3.128610e+00 5.072655e-01 1.582729e+00
    endloop
  endfacet
  facet normal 0.000000e+00 0.000000e+00 0.000000e+00
    outer loop
      vertex -3.128610e+00 5.072655e-01 1.582729e+00
      vertex -3.312616e+00 3.867605e-01 1.526731e+00
      vertex -3.203347e+00 3.469900e-01 1.582729e+00
    endloop
  endfacet
  facet normal 0.000000e+00 0.000000e+00 0.000000e+00
    outer loop
      vertex -3.128610e+00 5.072655e-01 1.582729e+00
      vertex -3.203347e+00 3.469900e-01 1.582729e+00
      vertex -3.016839e+00 4.427345e-01 1.582729e+00
    endloop
  endfacet
  facet normal 0.000000e+00 0.000000e+00 0.000000e+00
    outer loop
      vertex -3.016839e+00 4.427345e-01 1.582729e+00
      vertex -3.203347e+00 3.469900e-01 1.582729e+00
      vertex -3.082069e+00 3.028482e-01 1.582729e+00
    endloop
  endfacet
  facet normal 0.000000e+00 0.000000e+00 0.000000e+00
    outer loop
      vertex -3.016839e+00 4.427345e-01 1.582729e+00
      vertex -3.082069e+00 3.028482e-01 1.582729e+00
      vertex -2.916136e+00 3.845940e-01 1.526731e+00
    endloop
  endfacet
  facet normal 0.000000e+00 0.000000e+00 0.000000e+00
    outer loop
      vertex -2.916136e+00 3.845940e-01 1.526731e+00
      vertex -3.082069e+00 3.028482e-01 1.582729e+00
      vertex -2.972800e+00 2.630778e-01 1.526731e+00
    endloop
  endfacet
  facet normal 0.000000e+00 0.000000e+00 0.000000e+00
    outer loop
      vertex -2.916136e+00 3.845940e-01 1.526731e+00
      vertex -2.972800e+00 2.630778e-01 1.526731e+00
      vertex -2.846448e+00 3.443595e-01 1.425826e+00
    endloop
  endfacet
  facet normal 0.000000e+00 0.000000e+00 0.000000e+00
    outer loop
      vertex -2.846448e+00 3.443595e-01 1.425826e+00
      vertex -2.972800e+00 2.630778e-01 1.526731e+00
      vertex -2.897184e+00 2.355558e-01 1.425826e+00
    endloop
  endfacet
  facet normal 0.000000e+00 0.000000e+00 0.000000e+00
    outer loop
      vertex -2.846448e+00 3.443595e-01 1.425826e+00
      vertex -2.897184e+00 2.355558e-01 1.425826e+00
      vertex -2.821577e+00 3.300000e-01 1.300000e+00
    endloop
  endfacet
  facet normal 0.000000e+00 0.000000e+00 0.000000e+00
    outer loop
      vertex -2.821577e+00 3.300000e-01 1.300000e+00
      vertex -2.897184e+00 2.355558e-01 1.425826e+00
      vertex -2.870197e+00 2.257333e-01 1.300000e+00
    endloop
  endfacet
  facet normal 0.000000e+00 0.000000e+00 0.000000e+00
    outer loop
      vertex -2.821577e+00 3.300000e-01 1.300000e+00
      vertex -2.870197e+00 2.257333e-01 1.300000e+00
      vertex -2.846448e+00 3.443595e-01 1.174174e+00
    endloop
  endfacet
  facet normal 0.000000e+00 0.000000e+00 0.000000e+00
    outer loop
      vertex -2.846448e+00 3.443595e-01 1.174174e+00
      vertex -2.870197e+00 2.257333e-01 1.300000e+00
      vertex -2.897184e+00 2.355558e-01 1.174174e+00
    endloop
  endfacet
  facet normal 0.000000e+00 0.000000e+00 0.000000e+00
    outer loop
      vertex -2.846448e+00 3.443595e-01 1.174174e+00
      vertex -2.897184e+00 2.355558e-01 1.174174e+00
      vertex -2.916136e+00 3.845940e-01 1.073269e+00
    endloop
  endfacet
  facet normal 0.000000e+00 0.000000e+00 0.000000e+00
    outer loop
      vertex -2.916136e+00 3.845940e-01 1.073269e+00
      vertex -2.897184e+00 2.355558e-01 1.174174e+00
      vertex -2.972800e+00 2.630778e-01 1.073269e+00
    endloop
  endfacet
  facet normal 0.000000e+00 0.000000e+00 0.000000e+00
    outer loop
      vertex -2.916136e+00 3.845940e-01 1.073269e+00
      vertex -2.972800e+00 2.630778e-01 1.073269e+00
      vertex -3.016839e+00 4.427345e-01 1.017271e+00
    endloop
  endfacet
  facet normal 0.000000e+00 0.000000e+00 0.000000e+00
    outer loop
      vertex -3.016839e+00 4.427345e-01 1.017271e+00
      vertex -2.972800e+00 2.630778e-01 1.073269e+00
      vertex -3.082069e+00 3.028482e-01 1.017271e+00
    endloop
  endfacet
  facet normal 0.000000e+00 0.000000e+00 0.000000e+00
    outer loop
      vertex -3.016839e+00 4.427345e-01 1.017271e+00
      vertex -3.082069e+00 3.028482e-01 1.017271e+00
      vertex -3.128610e+00 5.072655e-01 1.017271e+00
    endloop
  endfacet
  facet normal 0.000000e+00 0.000000e+00 0.000000e+00
    outer loop
      vertex -3.128610e+00 5.072655e-01 1.017271e+00
      vertex -3.082069e+00 3.028482e-01 1.017271e+00
      vertex -3.203347e+00 3.469900e-01 1.017271e+00
    endloop
  endfacet
  facet normal 0.000000e+00 0.000000e+00 0.000000e+00
    outer loop
      vertex -3.128610e+00 5.072655e-01 1.017271e+00
      vertex -3.203347e+00 3.469900e-01 1.017271e+00
      vertex -3.229312e+00 5.654060e-01 1.073269e+00
    endloop
  endfacet
  facet normal 0.000000e+00 0.000000e+00 0.000000e+00
    outer loop
      vertex -3.229312e+00 5.654060e-01 1.073269e+00
      vertex -3.203347e+00 3.469900e-01 1.017271e+00
      vertex -3.312616e+00 3.867605e-01 1.073269e+00
    endloop
  endfacet
  facet normal 0.000000e+00 0.000000e+00 0.000000e+00
    outer loop
      vertex -3.229312e+00 5.654060e-01 1.073269e+00
      vertex -3.312616e+00 3.867605e-01 1.073269e+00
      vertex -3.299000e+00 6.056405e-01 1.174174e+00
    endloop
  endfacet
  facet normal 0.000000e+00 0.000000e+00 0.000000e+00
    outer loop
      vertex -3.299000e+00 6.056405e-01 1.174174e+00
      vertex -3.312616e+00 3.867605e-01 1.073269e+00
      vertex -3.388232e+00 4.142825e-01 1.174174e+00
    endloop
  endfacet
  facet normal 0.000000e+00 0.000000e+00 0.000000e+00
    outer loop
      vertex -3.299000e+00 6.056405e-01 1.174174e+00
      vertex -3.388232e+00 4.142825e-01 1.174174e+00
      vertex -3.323872e+00 6.200000e-01 1.300000e+00
    endloop
  endfacet
  facet normal 0.000000e+00 0.000000e+00 0.000000e+00
    outer loop
      vertex -3.323872e+00 6.200000e-01 1.300000e+00
      vertex -3.388232e+00 4.142825e-01 1.174174e+00
      vertex -3.415219e+00 4.241050e-01 1.300000e+00
    endloop
  endfacet
  facet normal 0.000000e+00 0.000000e+00 0.000000e+00
    outer loop
      vertex -3.415219e+00 4.241050e-01 1.300000e+00
      vertex -3.471162e+00 2.153237e-01 1.300000e+00
      vertex -3.388232e+00 4.142825e-01 1.425826e+00
    endloop
  endfacet
  facet normal 0.000000e+00 0.000000e+00 0.000000e+00
    outer loop
      vertex -3.388232e+00 4.142825e-01 1.425826e+00
      vertex -3.471162e+00 2.153237e-01 1.300000e+00
      vertex -3.442879e+00 2.103367e-01 1.425826e+00
    endloop
  endfacet
  facet normal 0.000000e+00 0.000000e+00 0.000000e+00
    outer loop
      vertex -3.388232e+00 4.142825e-01 1.425826e+00
      vertex -3.442879e+00 2.103367e-01 1.425826e+00
      vertex -3.312616e+00 3.867605e-01 1.526731e+00
    endloop
  endfacet
  facet normal 0.000000e+00 0.000000e+00 0.000000e+00
    outer loop
      vertex -3.312616e+00 3.867605e-01 1.526731e+00
      vertex -3.442879e+00 2.103367e-01 1.425826e+00
      vertex -3.363632e+00 1.963634e-01 1.526731e+00
    endloop
  endfacet
  facet normal 0.000000e+00 0.000000e+00 0.000000e+00
    outer loop
      vertex -3.312616e+00 3.867605e-01 1.526731e+00
      vertex -3.363632e+00 1.963634e-01 1.526731e+00
      vertex -3.203347e+00 3.469900e-01 1.582729e+00
    endloop
  endfacet
  facet normal 0.000000e+00 0.000000e+00 0.000000e+00
    outer loop
      vertex -3.203347e+00 3.469900e-01 1.582729e+00
      vertex -3.363632e+00 1.963634e-01 1.526731e+00
      vertex -3.249118e+00 1.761715e-01 1.582729e+00
    endloop
  endfacet
  facet normal 0.000000e+00 0.000000e+00 0.000000e+00
    outer loop
      vertex -3.203347e+00 3.469900e-01 1.582729e+00
      vertex -3.249118e+00 1.761715e-01 1.582729e+00
      vertex -3.082069e+00 3.028482e-01 1.582729e+00
    endloop
  endfacet
  facet normal 0.000000e+00 0.000000e+00 0.000000e+00
    outer loop
      vertex -3.082069e+00 3.028482e-01 1.582729e+00
      vertex -3.249118e+00 1.761715e-01 1.582729e+00
      vertex -3.122017e+00 1.537601e-01 1.582729e+00
    endloop
  endfacet
  facet normal 0.000000e+00 0.000000e+00 0.000000e+00
    outer loop
      vertex -3.082069e+00 3.028482e-01 1.582729e+00
      vertex -3.122017e+00 1.537601e-01 1.582729e+00
      vertex -2.972800e+00 2.630778e-01 1.526731e+00
    endloop
  endfacet
  facet normal 0.000000e+00 0.000000e+00 0.000000e+00
    outer loop
      vertex -2.972800e+00 2.630778e-01 1.526731e+00
      vertex -3.122017e+00 1.537601e-01 1.582729e+00
      vertex -3.007502e+00 1.335681e-01 1.526731e+00
    endloop
  endfacet
  facet normal 0.000000e+00 0.000000e+00 0.000000e+00
    outer loop
      vertex -2.972800e+00 2.630778e-01 1.526731e+00
      vertex -3.007502e+00 1.335681e-01 1.526731e+00
      vertex -2.897184e+00 2.355558e-01 1.425826e+00
    endloop
  endfacet
  facet normal 0.000000e+00 0.000000e+00 0.000000e+00
    outer loop
      vertex -2.897184e+00 2.355558e-01 1.425826e+00
      vertex -3.007502e+00 1.335681e-01 1.526731e+00
      vertex -2.928256e+00 1.195948e-01 1.425826e+00
    endloop
  endfacet
  facet normal 0.000000e+00 0.000000e+00 0.000000e+00
    outer loop
      vertex -2.897184e+00 2.355558e-01 1.425826e+00
      vertex -2.928256e+00 1.195948e-01 1.425826e+00
      vertex -2.870197e+00 2.257333e-01 1.300000e+00
    endloop
  endfacet
  facet normal 0.000000e+00 0.000000e+00 0.000000e+00
    outer loop
      vertex -2.870197e+00 2.257333e-01 1.300000e+00
      vertex -2.928256e+00 1.195948e-01 1.425826e+00
      vertex -2.899973e+00 1.146078e-01 1.300000e+00
    endloop
  endfacet
  facet normal 0.000000e+00 0.000000e+00 0.000000e+00
    outer loop
      vertex -2.870197e+00 2.257333e-01 1.300000e+00
      vertex -2.899973e+00 1.146078e-01 1.300000e+00
      vertex -2.897184e+00 2.355558e-01 1.174174e+00
    endloop
  endfacet
  facet normal 0.000000e+00 0.000000e+00 0.000000e+00
    outer loop
      vertex -2.897184e+00 2.355558e-01 1.174174e+00
      vertex -2.899973e+00 1.146078e-01 1.300000e+00
      vertex -2.928256e+00 1.195948e-01 1.174174e+00
    endloop
  endfacet
  facet normal 0.000000e+00 0.000000e+00 0.000000e+00
    outer loop
      vertex -2.897184e+00 2.355558e-01 1.174174e+00
      vertex -2.928256e+00 1.195948e-01 1.174174e+00
      vertex -2.972800e+00 2.630778e-01 1.073269e+00
    endloop
  endfacet
  facet normal 0.000000e+00 0.000000e+00 0.000000e+00
    outer loop
      vertex -2.972800e+00 2.630778e-01 1.073269e+00
      vertex -2.928256e+00 1.195948e-01 1.174174e+00
      vertex -3.007502e+00 1.335681e-01 1.073269e+00
    endloop
  endfacet
  facet normal 0.000000e+00 0.000000e+00 0.000000e+00
    outer loop
      vertex -2.972800e+00 2.630778e-01 1.073269e+00
      vertex -3.007502e+00 1.335681e-01 1.073269e+00
      vertex -3.082069e+00 3.028482e-01 1.017271e+00
    endloop
  endfacet
  facet normal 0.000000e+00 0.000000e+00 0.000000e+00
    outer loop
      vertex -3.082069e+00 3.028482e-01 1.017271e+00
      vertex -3.007502e+00 1.335681e-01 1.073269e+00
      vertex -3.122017e+00 1.537601e-01 1.017271e+00
    endloop
  endfacet
  facet normal 0.000000e+00 0.000000e+00 0.000000e+00
    outer loop
      vertex -3.082069e+00 3.028482e-01 1.017271e+00
      vertex -3.122017e+00 1.537601e-01 1.017271e+00
      vertex -3.203347e+00 3.469900e-01 1.017271e+00
    endloop
  endfacet
  facet normal 0.000000e+00 0.000000e+00 0.000000e+00
    outer loop
      vertex -3.203347e+00 3.469900e-01 1.017271e+00
      vertex -3.122017e+00 1.537601e-01 1.017271e+00
      vertex -3.249118e+00 1.761715e-01 1.017271e+00
    endloop
  endfacet
  facet normal 0.000000e+00 0.000000e+00 0.000000e+00
    outer loop
      vertex -3.203347e+00 3.469900e-01 1.017271e+00
      vertex -3.249118e+00 1.761715e-01 1.017271e+00
      vertex -3.312616e+00 3.867605e-01 1.073269e+00
    endloop
  endfacet
  facet normal 0.000000e+00 0.000000e+00 0.000000e+00
    outer loop
      vertex -3.312616e+00 3.867605e-01 1.073269e+00
      vertex -3.249118e+00 1.761715e-01 1.017271e+00
      vertex -3.363632e+00 1.963634e-01 1.073269e+00
    endloop
  endfacet
  facet normal 0.000000e+00 0.000000e+00 0.000000e+00
    outer loop
      vertex -3.312616e+00 3.867605e-01 1.073269e+00
      vertex -3.363632e+00 1.963634e-01 1.073269e+00
      vertex -3.388232e+00 4.142825e-01 1.174174e+00
    endloop
  endfacet
  facet normal 0.000000e+00 0.000000e+00 0.000000e+00
    outer loop
      vertex -3.388232e+00 4.142825e-01 1.174174e+00
      vertex -3.363632e+00 1.963634e-01 1.073269e+00
      vertex -3.442879e+00 2.103367e-01 1.174174e+00
    endloop
  endfacet
  facet normal 0.000000e+00 0.000000e+00 0.000000e+00
    outer loop
      vertex -3.388232e+00 4.142825e-01 1.174174e+00
      vertex -3.442879e+00 2.103367e-01 1.174174e+00
      vertex -3.415219e+00 4.241050e-01 1.300000e+00
    endloop
  endfacet
  facet normal 0.000000e+00 0.000000e+00 0.000000e+00
    outer loop
      vertex -3.415219e+00 4.241050e-01 1.300000e+00
      vertex -3.442879e+00 2.103367e-01 1.174174e+00
      vertex -3.471162e+00 2.153237e-01 1.300000e+00
    endloop
  endfacet
  facet normal 0.000000e+00 0.000000e+00 0.000000e+00
    outer loop
      vertex -3.471162e+00 2.153237e-01 1.300000e+00
      vertex -3.490000e+00 1.518562e-16 1.300000e+00
      vertex -3.442879e+00 2.103367e-01 1.425826e+00
    endloop
  endfacet
  facet normal 0.000000e+00 0.000000e+00 0.000000e+00
    outer loop
      vertex -3.442879e+00 2.103367e-01 1.425826e+00
      vertex -3.490000e+00 1.518562e-16 1.300000e+00
      vertex -3.461281e+00 1.483391e-16 1.425826e+00
    endloop
  endfacet
  facet normal 0.000000e+00 0.000000e+00 0.000000e+00
    outer loop
      vertex -3.442879e+00 2.103367e-01 1.425826e+00
      vertex -3.461281e+00 1.483391e-16 1.425826e+00
      vertex -3.363632e+00 1.963634e-01 1.526731e+00
    endloop
  endfacet
  facet normal 0.000000e+00 0.000000e+00 0.000000e+00
    outer loop
      vertex -3.363632e+00 1.963634e-01 1.526731e+00
      vertex -3.461281e+00 1.483391e-16 1.425826e+00
      vertex -3.380812e+00 1.384845e-16 1.526731e+00
    endloop
  endfacet
  facet normal 0.000000e+00 0.000000e+00 0.000000e+00
    outer loop
      vertex -3.363632e+00 1.963634e-01 1.526731e+00
      vertex -3.380812e+00 1.384845e-16 1.526731e+00
      vertex -3.249118e+00 1.761715e-01 1.582729e+00
    endloop
  endfacet
  facet normal 0.000000e+00 0.000000e+00 0.000000e+00
    outer loop
      vertex -3.249118e+00 1.761715e-01 1.582729e+00
      vertex -3.380812e+00 1.384845e-16 1.526731e+00
      vertex -3.264531e+00 1.242442e-16 1.582729e+00
    endloop
  endfacet
  facet normal 0.000000e+00 0.000000e+00 0.000000e+00
    outer loop
      vertex -3.249118e+00 1.761715e-01 1.582729e+00
      vertex -3.264531e+00 1.242442e-16 1.582729e+00
      vertex -3.122017e+00 1.537601e-01 1.582729e+00
    endloop
  endfacet
  facet normal 0.000000e+00 0.000000e+00 0.000000e+00
    outer loop
      vertex -3.122017e+00 1.537601e-01 1.582729e+00
      vertex -3.264531e+00 1.242442e-16 1.582729e+00
      vertex -3.135469e+00 1.084387e-16 1.582729e+00
    endloop
  endfacet
  facet normal 0.000000e+00 0.000000e+00 0.000000e+00
    outer loop
      vertex -3.122017e+00 1.537601e-01 1.582729e+00
      vertex -3.135469e+00 1.084387e-16 1.582729e+00
      vertex -3.007502e+00 1.335681e-01 1.526731e+00
    endloop
  endfacet
  facet normal 0.000000e+00 0.000000e+00 0.000000e+00
    outer loop
      vertex -3.007502e+00 1.335681e-01 1.526731e+00
      vertex -3.135469e+00 1.084387e-16 1.582729e+00
      vertex -3.019188e+00 9.419836e-17 1.526731e+00
    endloop
  endfacet
  facet normal 0.000000e+00 0.000000e+00 0.000000e+00
    outer loop
      vertex -3.007502e+00 1.335681e-01 1.526731e+00
      vertex -3.019188e+00 9.419836e-17 1.526731e+00
      vertex -2.928256e+00 1.195948e-01 1.425826e+00
    endloop
  endfacet
  facet normal 0.000000e+00 0.000000e+00 0.000000e+00
    outer loop
      vertex -2.928256e+00 1.195948e-01 1.425826e+00
      vertex -3.019188e+00 9.419836e-17 1.526731e+00
      vertex -2.938719e+00 8.434376e-17 1.425826e+00
    endloop
  endfacet
  facet normal 0.000000e+00 0.000000e+00 0.000000e+00
    outer loop
      vertex -2.928256e+00 1.195948e-01 1.425826e+00
      vertex -2.938719e+00 8.434376e-17 1.425826e+00
      vertex -2.899973e+00 1.146078e-01 1.300000e+00
    endloop
  endfacet
  facet normal 0.000000e+00 0.000000e+00 0.000000e+00
    outer loop
      vertex -2.899973e+00 1.146078e-01 1.300000e+00
      vertex -2.938719e+00 8.434376e-17 1.425826e+00
      vertex -2.910000e+00 8.082669e-17 1.300000e+00
    endloop
  endfacet
  facet normal 0.000000e+00 0.000000e+00 0.000000e+00
    outer loop
      vertex -2.899973e+00 1.146078e-01 1.300000e+00
      vertex -2.910000e+00 8.082669e-17 1.300000e+00
      vertex -2.928256e+00 1.195948e-01 1.174174e+00
    endloop
  endfacet
  facet normal 0.000000e+00 0.000000e+00 0.000000e+00
    outer loop
      vertex -2.928256e+00 1.195948e-01 1.174174e+00
      vertex -2.910000e+00 8.082669e-17 1.300000e+00
      vertex -2.938719e+00 8.434376e-17 1.174174e+00
    endloop
  endfacet
  facet normal 0.000000e+00 0.000000e+00 0.000000e+00
    outer loop
      vertex -2.928256e+00 1.195948e-01 1.174174e+00
      vertex -2.938719e+00 8.434376e-17 1.174174e+00
      vertex -3.007502e+00 1.335681e-01 1.073269e+00
    endloop
  endfacet
  facet normal 0.000000e+00 0.000000e+00 0.000000e+00
    outer loop
      vertex -3.007502e+00 1.335681e-01 1.073269e+00
      vertex -2.938719e+00 8.434376e-17 1.174174e+00
      vertex -3.019188e+00 9.419836e-17 1.073269e+00
    endloop
  endfacet
  facet normal 0.000000e+00 0.000000e+00 0.000000e+00
    outer loop
      vertex -3.007502e+00 1.335681e-01 1.073269e+00
      vertex -3.019188e+00 9.419836e-17 1.073269e+00
      vertex -3.122017e+00 1.537601e-01 1.017271e+00
    endloop
  endfacet
  facet normal 0.000000e+00 0.000000e+00 0.000000e+00
    outer loop
      vertex -3.122017e+00 1.537601e-01 1.017271e+00
      vertex -3.019188e+00 9.419836e-17 1.073269e+00
      vertex -3.135469e+00 1.084387e-16 1.017271e+00
    endloop
  endfacet
  facet normal 0.000000e+00 0.000000e+00 0.000000e+00
    outer loop
      vertex -3.122017e+00 1.537601e-01 1.017271e+00
      vertex -3.135469e+00 1.084387e-16 1.017271e+00
      vertex -3.249118e+00 1.761715e-01 1.017271e+00
    endloop
  endfacet
  facet normal 0.000000e+00 0.000000e+00 0.000000e+00
    outer loop
      vertex -3.249118e+00 1.761715e-01 1.017271e+00
      vertex -3.135469e+00 1.084387e-16 1.017271e+00
      vertex -3.264531e+00 1.242442e-16 1.017271e+00
    endloop
  endfacet
  facet normal 0.000000e+00 0.000000e+00 0.000000e+00
    outer loop
      vertex -3.249118e+00 1.761715e-01 1.017271e+00
      vertex -3.264531e+00 1.242442e-16 1.017271e+00
      vertex -3.363632e+00 1.963634e-01 1.073269e+00
    endloop
  endfacet
  facet normal 0.000000e+00 0.000000e+00 0.000000e+00
    outer loop
      vertex -3.363632e+00 1.963634e-01 1.073269e+00
      vertex -3.264531e+00 1.242442e-16 1.017271e+00
      vertex -3.380812e+00 1.384845e-16 1.073269e+00
    endloop
  endfacet
  facet normal 0.000000e+00 0.000000e+00 0.000000e+00
    outer loop
      vertex -3.363632e+00 1.963634e-01 1.073269e+00
      vertex -3.380812e+00 1.384845e-16 1.073269e+00
      vertex -3.442879e+00 2.103367e-01 1.174174e+00
    endloop
  endfacet
  facet normal 0.000000e+00 0.000000e+00 0.000000e+00
    outer loop
      vertex -3.442879e+00 2.103367e-01 1.174174e+00
      vertex -3.380812e+00 1.384845e-16 1.073269e+00
      vertex -3.461281e+00 1.483391e-16 1.174174e+00
    endloop
  endfacet
  facet normal 0.000000e+00 0.000000e+00 0.000000e+00
    outer loop
      vertex -3.442879e+00 2.103367e-01 1.174174e+00
      vertex -3.461281e+00 1.483391e-16 1.174174e+00
      vertex -3.471162e+00 2.153237e-01 1.300000e+00
    endloop
  endfacet
  facet normal 0.000000e+00 0.000000e+00 0.000000e+00
    outer loop
      vertex -3.471162e+00 2.153237e-01 1.300000e+00
      vertex -3.461281e+00 1.483391e-16 1.174174e+00
      vertex -3.490000e+00 1.518562e-16 1.300000e+00
    endloop
  endfacet
  facet normal 0.000000e+00 0.000000e+00 0.000000e+00
    outer loop
      vertex -3.490000e+00 1.518562e-16 1.300000e+00
      vertex -3.471162e+00 -2.153237e-01 1.300000e+00
      vertex -3.461281e+00 1.483391e-16 1.425826e+00
    endloop
  endfacet
  facet normal 0.000000e+00 0.000000e+00 0.000000e+00
    outer loop
      vertex -3.461281e+00 1.483391e-16 1.425826e+00
      vertex -3.471162e+00 -2.153237e-01 1.300000e+00
      vertex -3.442879e+00 -2.103367e-01 1.425826e+00
    endloop
  endfacet
  facet normal 0.000000e+00 0.000000e+00 0.000000e+00
    outer loop
      vertex -3.461281e+00 1.483391e-16 1.425826e+00
      vertex -3.442879e+00 -2.103367e-01 1.425826e+00
      vertex -3.380812e+00 1.384845e-16 1.526731e+00
    endloop
  endfacet
  facet normal 0.000000e+00 0.000000e+00 0.000000e+00
    outer loop
      vertex -3.380812e+00 1.384845e-16 1.526731e+00
      vertex -3.442879e+00 -2.103367e-01 1.425826e+00
      vertex -3.363632e+00 -1.963634e-01 1.526731e+00
    endloop
  endfacet
  facet normal 0.000000e+00 0.000000e+00 0.000000e+00
    outer loop
      vertex -3.380812e+00 1.384845e-16 1.526731e+00
      vertex -3.363632e+00 -1.963634e-01 1.526731e+00
      vertex -3.264531e+00 1.242442e-16 1.582729e+00
    endloop
  endfacet
  facet normal 0.000000e+00 0.000000e+00 0.000000e+00
    outer loop
      vertex -3.264531e+00 1.242442e-16 1.582729e+00
      vertex -3.363632e+00 -1.963634e-01 1.526731e+00
      vertex -3.249118e+00 -1.761715e-01 1.582729e+00
    endloop
  endfacet
  facet normal 0.000000e+00 0.000000e+00 0.000000e+00
    outer loop
      vertex -3.264531e+00 1.242442e-16 1.582729e+00
      vertex -3.249118e+00 -1.761715e-01 1.582729e+00
      vertex -3.135469e+00 1.084387e-16 1.582729e+00
    endloop
  endfacet
  facet normal 0.000000e+00 0.000000e+00 0.000000e+00
    outer loop
      vertex -3.135469e+00 1.084387e-16 1.582729e+00
      vertex -3.249118e+00 -1.761715e-01 1.582729e+00
      vertex -3.122017e+00 -1.537601e-01 1.582729e+00
    endloop
  endfacet
  facet normal 0.000000e+00 0.000000e+00 0.000000e+00
    outer loop
      vertex -3.135469e+00 1.084387e-16 1.582729e+00
      vertex -3.122017e+00 -1.537601e-01 1.582729e+00
      vertex -3.019188e+00 9.419836e-17 1.526731e+00
    endloop
  endfacet
  facet normal 0.000000e+00 0.000000e+00 0.000000e+00
    outer loop
      vertex -3.019188e+00 9.419836e-17 1.526731e+00
      vertex -3.122017e+00 -1.537601e-01 1.582729e+00
      vertex -3.007502e+00 -1.335681e-01 1.526731e+00
    endloop
  endfacet
  facet normal 0.000000e+00 0.000000e+00 0.000000e+00
    outer loop
      vertex -3.019188e+00 9.419836e-17 1.526731e+00
      vertex -3.007502e+00 -1.335681e-01 1.526731e+00
      vertex -2.938719e+00 8.434376e-17 1.425826e+00
    endloop
  endfacet
  facet normal 0.000000e+00 0.000000e+00 0.000000e+00
    outer loop
      vertex -2.938719e+00 8.434376e-17 1.425826e+00
      vertex -3.007502e+00 -1.335681e-01 1.526731e+00
      vertex -2.928256e+00 -1.195948e-01 1.425826e+00
    endloop
  endfacet
  facet normal 0.000000e+00 0.000000e+00 0.000000e+00
    outer loop
      vertex -2.938719e+00 8.434376e-17 1.425826e+00
      vertex -2.928256e+00 -1.195948e-01 1.425826e+00
      vertex -2.910000e+00 8.082669e-17 1.300000e+00
    endloop
  endfacet
  facet normal 0.000000e+00 0.000000e+00 0.000000e+00
    outer loop
      vertex -2.910000e+00 8.082669e-17 1.300000e+00
      vertex -2.928256e+00 -1.195948e-01 1.425826e+00
      vertex -2.899973e+00 -1.146078e-01 1.300000e+00
    endloop
  endfacet
  facet normal 0.000000e+00 0.000000e+00 0.000000e+00
    outer loop
      vertex -2.910000e+00 8.082669e-17 1.300000e+00
      vertex -2.899973e+00 -1.146078e-01 1.300000e+00
      vertex -2.938719e+00 8.434376e-17 1.174174e+00
    endloop
  endfacet
  facet normal 0.000000e+00 0.000000e+00 0.000000e+00
    outer loop
      vertex -2.938719e+00 8.434376e-17 1.174174e+00
      vertex -2.899973e+00 -1.146078e-01 1.300000e+00
      vertex -2.928256e+00 -1.195948e-01 1.174174e+00
    endloop
  endfacet
  facet normal 0.000000e+00 0.000000e+00 0.000000e+00
    outer loop
      vertex -2.938719e+00 8.434376e-17 1.174174e+00
      vertex -2.928256e+00 -1.195948e-01 1.174174e+00
      vertex -3.019188e+00 9.419836e-17 1.073269e+00
    endloop
  endfacet
  facet normal 0.000000e+00 0.000000e+00 0.000000e+00
    outer loop
      vertex -3.019188e+00 9.419836e-17 1.073269e+00
      vertex -2.928256e+00 -1.195948e-01 1.174174e+00
      vertex -3.007502e+00 -1.335681e-01 1.073269e+00
    endloop
  endfacet
  facet normal 0.000000e+00 0.000000e+00 0.000000e+00
    outer loop
      vertex -3.019188e+00 9.419836e-17 1.073269e+00
      vertex -3.007502e+00 -1.335681e-01 1.073269e+00
      vertex -3.135469e+00 1.084387e-16 1.017271e+00
    endloop
  endfacet
  facet normal 0.000000e+00 0.000000e+00 0.000000e+00
    outer loop
      vertex -3.135469e+00 1.084387e-16 1.017271e+00
      vertex -3.007502e+00 -1.335681e-01 1.073269e+00
      vertex -3.122017e+00 -1.537601e-01 1.017271e+00
    endloop
  endfacet
  facet normal 0.000000e+00 0.000000e+00 0.000000e+00
    outer loop
      vertex -3.135469e+00 1.084387e-16 1.017271e+00
      vertex -3.122017e+00 -1.537601e-01 1.017271e+00
      vertex -3.264531e+00 1.242442e-16 1.017271e+00
    endloop
  endfacet
  facet normal 0.000000e+00 0.000000e+00 0.000000e+00
    outer loop
      vertex -3.264531e+00 1.242442e-16 1.017271e+00
      vertex -3.122017e+00 -1.537601e-01 1.017271e+00
      vertex -3.249118e+00 -1.761715e-01 1.017271e+00
    endloop
  endfacet
  facet normal 0.000000e+00 0.000000e+00 0.000000e+00
    outer loop
      vertex -3.264531e+00 1.242442e-16 1.017271e+00
      vertex -3.249118e+00 -1.761715e-01 1.017271e+00
      vertex -3.380812e+00 1.384845e-16 1.073269e+00
    endloop
  endfacet
  facet normal 0.000000e+00 0.000000e+00 0.000000e+00
    outer loop
      vertex -3.380812e+00 1.384845e-16 1.073269e+00
      vertex -3.249118e+00 -1.761715e-01 1.017271e+00
      vertex -3.363632e+00 -1.963634e-01 1.073269e+00
    endloop
  endfacet
  facet normal 0.000000e+00 0.000000e+00 0.000000e+00
    outer loop
      vertex -3.380812e+00 1.384845e-16 1.073269e+00
      vertex -3.363632e+00 -1.963634e-01 1.073269e+00
      vertex -3.461281e+00 1.483391e-16 1.174174e+00
    endloop
  endfacet
  facet normal 0.000000e+00 0.000000e+00 0.000000e+00
    outer loop
      vertex -3.461281e+00 1.483391e-16 1.174174e+00
      vertex -3.363632e+00 -1.963634e-01 1.073269e+00
      vertex -3.442879e+00 -2.103367e-01 1.174174e+00
    endloop
  endfacet
  facet normal 0.000000e+00 0.000000e+00 0.000000e+00
    outer loop
      vertex -3.461281e+00 1.483391e-16 1.174174e+00
      vertex -3.442879e+00 -2.103367e-01 1.174174e+00
      vertex -3.490000e+00 1.518562e-16 1.300000e+00
    endloop
  endfacet
  facet normal 0.000000e+00 0.000000e+00 0.000000e+00
    outer loop
      vertex -3.490000e+00 1.518562e-16 1.300000e+00
      vertex -3.442879e+00 -2.103367e-01 1.174174e+00
      vertex -3.471162e+00 -2.153237e-01 1.300000e+00
    endloop
  endfacet
  facet normal 0.000000e+00 0.000000e+00 0.000000e+00
    outer loop
      vertex -3.471162e+00 -2.153237e-01 1.300000e+00
      vertex -3.415219e+00 -4.241050e-01 1.300000e+00
      vertex -3.442879e+00 -2.103367e-01 1.425826e+00
    endloop
  endfacet
  facet normal 0.000000e+00 0.000000e+00 0.000000e+00
    outer loop
      vertex -3.442879e+00 -2.103367e-01 1.425826e+00
      vertex -3.415219e+00 -4.241050e-01 1.300000e+00
      vertex -3.388232e+00 -4.142825e-01 1.425826e+00
    endloop
  endfacet
  facet normal 0.000000e+00 0.000000e+00 0.000000e+00
    outer loop
      vertex -3.442879e+00 -2.103367e-01 1.425826e+00
      vertex -3.388232e+00 -4.142825e-01 1.425826e+00
      vertex -3.363632e+00 -1.963634e-01 1.526731e+00
    endloop
  endfacet
  facet normal 0.000000e+00 0.000000e+00 0.000000e+00
    outer loop
      vertex -3.363632e+00 -1.963634e-01 1.526731e+00
      vertex -3.388232e+00 -4.142825e-01 1.425826e+00
      vertex -3.312616e+00 -3.867605e-01 1.526731e+00
    endloop
  endfacet
  facet normal 0.000000e+00 0.000000e+00 0.000000e+00
    outer loop
      vertex -3.363632e+00 -1.963634e-01 1.526731e+00
      vertex -3.312616e+00 -3.867605e-01 1.526731e+00
      vertex -3.249118e+00 -1.761715e-01 1.582729e+00
    endloop
  endfacet
  facet normal 0.000000e+00 0.000000e+00 0.000000e+00
    outer loop
      vertex -3.249118e+00 -1.761715e-01 1.582729e+00
      vertex -3.312616e+00 -3.867605e-01 1.526731e+00
      vertex -3.203347e+00 -3.469900e-01 1.582729e+00
    endloop
  endfacet
  facet normal 0.000000e+00 0.000000e+00 0.000000e+00
    outer loop
      vertex -3.249118e+00 -1.761715e-01 1.582729e+00
      vertex -3.203347e+00 -3.469900e-01 1.582729e+00
      vertex -3.122017e+00 -1.537601e-01 1.582729e+00
    endloop
  endfacet
  facet normal 0.000000e+00 0.000000e+00 0.000000e+00
    outer loop
      vertex -3.122017e+00 -1.537601e-01 1.582729e+00
      vertex -3.203347e+00 -3.469900e-01 1.582729e+00
      vertex -3.082069e+00 -3.028482e-01 1.582729e+00
    endloop
  endfacet
  facet normal 0.000000e+00 0.000000e+00 0.000000e+00
    outer loop
      vertex -3.122017e+00 -1.537601e-01 1.582729e+00
      vertex -3.082069e+00 -3.028482e-01 1.582729e+00
      vertex -3.007502e+00 -1.335681e-01 1.526731e+00
    endloop
  endfacet
  facet normal 0.000000e+00 0.000000e+00 0.000000e+00
    outer loop
      vertex -3.007502e+00 -1.335681e-01 1.526731e+00
      vertex -3.082069e+00 -3.028482e-01 1.582729e+00
      vertex -2.972800e+00 -2.630778e-01 1.526731e+00
    endloop
  endfacet
  facet normal 0.000000e+00 0.000000e+00 0.000000e+00
    outer loop
      vertex -3.007502e+00 -1.335681e-01 1.526731e+00
      vertex -2.972800e+00 -2.630778e-01 1.526731e+00
      vertex -2.928256e+00 -1.195948e-01 1.425826e+00
    endloop
  endfacet
  facet normal 0.000000e+00 0.000000e+00 0.000000e+00
    outer loop
      vertex -2.928256e+00 -1.195948e-01 1.425826e+00
      vertex -2.972800e+00 -2.630778e-01 1.526731e+00
      vertex -2.897184e+00 -2.355558e-01 1.425826e+00
    endloop
  endfacet
  facet normal 0.000000e+00 0.000000e+00 0.000000e+00
    outer loop
      vertex -2.928256e+00 -1.195948e-01 1.425826e+00
      vertex -2.897184e+00 -2.355558e-01 1.425826e+00
      vertex -2.899973e+00 -1.146078e-01 1.300000e+00
    endloop
  endfacet
  facet normal 0.000000e+00 0.000000e+00 0.000000e+00
    outer loop
      vertex -2.899973e+00 -1.146078e-01 1.300000e+00
      vertex -2.897184e+00 -2.355558e-01 1.425826e+00
      vertex -2.870197e+00 -2.257333e-01 1.300000e+00
    endloop
  endfacet
  facet normal 0.000000e+00 0.000000e+00 0.000000e+00
    outer loop
      vertex -2.899973e+00 -1.146078e-01 1.300000e+00
      vertex -2.870197e+00 -2.257333e-01 1.300000e+00
      vertex -2.928256e+00 -1.195948e-01 1.174174e+00
    endloop
  endfacet
  facet normal 0.000000e+00 0.000000e+00 0.000000e+00
    outer loop
      vertex -2.928256e+00 -1.195948e-01 1.174174e+00
      vertex -2.870197e+00 -2.257333e-01 1.300000e+00
      vertex -2.897184e+00 -2.355558e-01 1.174174e+00
    endloop
  endfacet
  facet normal 0.000000e+00 0.000000e+00 0.000000e+00
    outer loop
      vertex -2.928256e+00 -1.195948e-01 1.174174e+00
      vertex -2.897184e+00 -2.355558e-01 1.174174e+00
      vertex -3.007502e+00 -1.335681e-01 1.073269e+00
    endloop
  endfacet
  facet normal 0.000000e+00 0.000000e+00 0.000000e+00
    outer loop
      vertex -3.007502e+00 -1.335681e-01 1.073269e+00
      vertex -2.897184e+00 -2.355558e-01 1.174174e+00
      vertex -2.972800e+00 -2.630778e-01 1.073269e+00
    endloop
  endfacet
  facet normal 0.000000e+00 0.000000e+00 0.000000e+00
    outer loop
      vertex -3.007502e+00 -1.335681e-01 1.073269e+00
      vertex -2.972800e+00 -2.630778e-01 1.073269e+00
      vertex -3.122017e+00 -1.537601e-01 1.017271e+00
    endloop
  endfacet
  facet normal 0.000000e+00 0.000000e+00 0.000000e+00
    outer loop
      vertex -3.122017e+00 -1.537601e-01 1.017271e+00
      vertex -2.972800e+00 -2.630778e-01 1.073269e+00
      vertex -3.082069e+00 -3.028482e-01 1.017271e+00
    endloop
  endfacet
  facet normal 0.000000e+00 0.000000e+00 0.000000e+00
    outer loop
      vertex -3.122017e+00 -1.537601e-01 1.017271e+00
      vertex -3.082069e+00 -3.028482e-01 1.017271e+00
      vertex -3.249118e+00 -1.761715e-01 1.017271e+00
    endloop
  endfacet
  facet normal 0.000000e+00 0.000000e+00 0.000000e+00
    outer loop
      vertex -3.249118e+00 -1.761715e-01 1.017271e+00
      vertex -3.082069e+00 -3.028482e-01 1.017271e+00
      vertex -3.203347e+00 -3.469900e-01 1.017271e+00
    endloop
  endfacet
  facet normal 0.000000e+00 0.000000e+00 0.000000e+00
    outer loop
      vertex -3.249118e+00 -1.761715e-01 1.017271e+00
      vertex -3.203347e+00 -3.469900e-01 1.017271e+00
      vertex -3.363632e+00 -1.963634e-01 1.073269e+00
    endloop
  endfacet
  facet normal 0.000000e+00 0.000000e+00 0.000000e+00
    outer loop
      vertex -3.363632e+00 -1.963634e-01 1.073269e+00
      vertex -3.203347e+00 -3.469900e-01 1.017271e+00
      vertex -3.312616e+00 -3.867605e-01 1.073269e+00
    endloop
  endfacet
  facet normal 0.000000e+00 0.000000e+00 0.000000e+00
    outer loop
      vertex -3.363632e+00 -1.963634e-01 1.073269e+00
      vertex -3.312616e+00 -3.867605e-01 1.073269e+00
      vertex -3.442879e+00 -2.103367e-01 1.174174e+00
    endloop
  endfacet
  facet normal 0.000000e+00 0.000000e+00 0.000000e+00
    outer loop
      vertex -3.442879e+00 -2.103367e-01 1.174174e+00
      vertex -3.312616e+00 -3.867605e-01 1.073269e+00
      vertex -3.388232e+00 -4.142825e-01 1.174174e+00
    endloop
  endfacet
  facet normal 0.000000e+00 0.000000e+00 0.000000e+00
    outer loop
      vertex -3.442879e+00 -2.103367e-01 1.174174e+00
      vertex -3.388232e+00 -4.142825e-01 1.174174e+00
      vertex -3.471162e+00 -2.153237e-01 1.300000e+00
    endloop
  endfacet
  facet normal 0.000000e+00 0.000000e+00 0.000000e+00
    outer loop
      vertex -3.471162e+00 -2.153237e-01 1.300000e+00
      vertex -3.388232e+00 -4.142825e-01 1.174174e+00
      vertex -3.415219e+00 -4.241050e-01 1.300000e+00
    endloop
  endfacet
  facet normal 0.000000e+00 0.000000e+00 0.000000e+00
    outer loop
      vertex -3.415219e+00 -4.241050e-01 1.300000e+00
      vertex -3.323872e+00 -6.200000e-01 1.300000e+00
      vertex -3.388232e+00 -4.142825e-01 1.425826e+00
    endloop
  endfacet
  facet normal 0.000000e+00 0.000000e+00 0.000000e+00
    outer loop
      vertex -3.388232e+00 -4.142825e-01 1.425826e+00
      vertex -3.323872e+00 -6.200000e-01 1.300000e+00
      vertex -3.299000e+00 -6.056405e-01 1.425826e+00
    endloop
  endfacet
  facet normal 0.000000e+00 0.000000e+00 0.000000e+00
    outer loop
      vertex -3.388232e+00 -4.142825e-01 1.425826e+00
      vertex -3.299000e+00 -6.056405e-01 1.425826e+00
      vertex -3.312616e+00 -3.867605e-01 1.526731e+00
    endloop
  endfacet
  facet normal 0.000000e+00 0.000000e+00 0.000000e+00
    outer loop
      vertex -3.312616e+00 -3.867605e-01 1.526731e+00
      vertex -3.299000e+00 -6.056405e-01 1.425826e+00
      vertex -3.229312e+00 -5.654060e-01 1.526731e+00
    endloop
  endfacet
  facet normal 0.000000e+00 0.000000e+00 0.000000e+00
    outer loop
      vertex -3.312616e+00 -3.867605e-01 1.526731e+00
      vertex -3.229312e+00 -5.654060e-01 1.526731e+00
      vertex -3.203347e+00 -3.469900e-01 1.582729e+00
    endloop
  endfacet
  facet normal 0.000000e+00 0.000000e+00 0.000000e+00
    outer loop
      vertex -3.203347e+00 -3.469900e-01 1.582729e+00
      vertex -3.229312e+00 -5.654060e-01 1.526731e+00
      vertex -3.128610e+00 -5.072655e-01 1.582729e+00
    endloop
  endfacet
  facet normal 0.000000e+00 0.000000e+00 0.000000e+00
    outer loop
      vertex -3.203347e+00 -3.469900e-01 1.582729e+00
      vertex -3.128610e+00 -5.072655e-01 1.582729e+00
      vertex -3.082069e+00 -3.028482e-01 1.582729e+00
    endloop
  endfacet
  facet normal 0.000000e+00 0.000000e+00 0.000000e+00
    outer loop
      vertex -3.082069e+00 -3.028482e-01 1.582729e+00
      vertex -3.128610e+00 -5.072655e-01 1.582729e+00
      vertex -3.016839e+00 -4.427345e-01 1.582729e+00
    endloop
  endfacet
  facet normal 0.000000e+00 0.000000e+00 0.000000e+00
    outer loop
      vertex -3.082069e+00 -3.028482e-01 1.582729e+00
      vertex -3.016839e+00 -4.427345e-01 1.582729e+00
      vertex -2.972800e+00 -2.630778e-01 1.526731e+00
    endloop
  endfacet
  facet normal 0.000000e+00 0.000000e+00 0.000000e+00
    outer loop
      vertex -2.972800e+00 -2.630778e-01 1.526731e+00
      vertex -3.016839e+00 -4.427345e-01 1.582729e+00
      vertex -2.916136e+00 -3.845940e-01 1.526731e+00
    endloop
  endfacet
  facet normal 0.000000e+00 0.000000e+00 0.000000e+00
    outer loop
      vertex -2.972800e+00 -2.630778e-01 1.526731e+00
      vertex -2.916136e+00 -3.845940e-01 1.526731e+00
      vertex -2.897184e+00 -2.355558e-01 1.425826e+00
    endloop
  endfacet
  facet normal 0.000000e+00 0.000000e+00 0.000000e+00
    outer loop
      vertex -2.897184e+00 -2.355558e-01 1.425826e+00
      vertex -2.916136e+00 -3.845940e-01 1.526731e+00
      vertex -2.846448e+00 -3.443595e-01 1.425826e+00
    endloop
  endfacet
  facet normal 0.000000e+00 0.000000e+00 0.000000e+00
    outer loop
      vertex -2.897184e+00 -2.355558e-01 1.425826e+00
      vertex -2.846448e+00 -3.443595e-01 1.425826e+00
      vertex -2.870197e+00 -2.257333e-01 1.300000e+00
    endloop
  endfacet
  facet normal 0.000000e+00 0.000000e+00 0.000000e+00
    outer loop
      vertex -2.870197e+00 -2.257333e-01 1.300000e+00
      vertex -2.846448e+00 -3.443595e-01 1.425826e+00
      vertex -2.821577e+00 -3.300000e-01 1.300000e+00
    endloop
  endfacet
  facet normal 0.000000e+00 0.000000e+00 0.000000e+00
    outer loop
      vertex -2.870197e+00 -2.257333e-01 1.300000e+00
      vertex -2.821577e+00 -3.300000e-01 1.300000e+00
      vertex -2.897184e+00 -2.355558e-01 1.174174e+00
    endloop
  endfacet
  facet normal 0.000000e+00 0.000000e+00 0.000000e+00
    outer loop
      vertex -2.897184e+00 -2.355558e-01 1.174174e+00
      vertex -2.821577e+00 -3.300000e-01 1.300000e+00
      vertex -2.846448e+00 -3.443595e-01 1.174174e+00
    endloop
  endfacet
  facet normal 0.000000e+00 0.000000e+00 0.000000e+00
    outer loop
      vertex -2.897184e+00 -2.355558e-01 1.174174e+00
      vertex -2.846448e+00 -3.443595e-01 1.174174e+00
      vertex -2.972800e+00 -2.630778e-01 1.073269e+00
    endloop
  endfacet
  facet normal 0.000000e+00 0.000000e+00 0.000000e+00
    outer loop
      vertex -2.972800e+00 -2.630778e-01 1.073269e+00
      vertex -2.846448e+00 -3.443595e-01 1.174174e+00
      vertex -2.916136e+00 -3.845940e-01 1.073269e+00
    endloop
  endfacet
  facet normal 0.000000e+00 0.000000e+00 0.000000e+00
    outer loop
      vertex -2.972800e+00 -2.630778e-01 1.073269e+00
      vertex -2.916136e+00 -3.845940e-01 1.073269e+00
      vertex -3.082069e+00 -3.028482e-01 1.017271e+00
    endloop
  endfacet
  facet normal 0.000000e+00 0.000000e+00 0.000000e+00
    outer loop
      vertex -3.082069e+00 -3.028482e-01 1.017271e+00
      vertex -2.916136e+00 -3.845940e-01 1.073269e+00
      vertex -3.016839e+00 -4.427345e-01 1.017271e+00
    endloop
  endfacet
  facet normal 0.000000e+00 0.000000e+00 0.000000e+00
    outer loop
      vertex -3.082069e+00 -3.028482e-01 1.017271e+00
      vertex -3.016839e+00 -4.427345e-01 1.017271e+00
      vertex -3.203347e+00 -3.469900e-01 1.017271e+00
    endloop
  endfacet
  facet normal 0.000000e+00 0.000000e+00 0.000000e+00
    outer loop
      vertex -3.203347e+00 -3.469900e-01 1.017271e+00
      vertex -3.016839e+00 -4.427345e-01 1.017271e+00
      vertex -3.128610e+00 -5.072655e-01 1.017271e+00
    endloop
  endfacet
  facet normal 0.000000e+00 0.000000e+00 0.000000e+00
    outer loop
      vertex -3.203347e+00 -3.469900e-01 1.017271e+00
      vertex -3.128610e+00 -5.072655e-01 1.017271e+00
      vertex -3.312616e+00 -3.867605e-01 1.073269e+00
    endloop
  endfacet
  facet normal 0.000000e+00 0.000000e+00 0.000000e+00
    outer loop
      vertex -3.312616e+00 -3.867605e-01 1.073269e+00
      vertex -3.128610e+00 -5.072655e-01 1.017271e+00
      vertex -3.229312e+00 -5.654060e-01 1.073269e+00
    endloop
  endfacet
  facet normal 0.000000e+00 0.000000e+00 0.000000e+00
    outer loop
      vertex -3.312616e+00 -3.867605e-01 1.073269e+00
      vertex -3.229312e+00 -5.654060e-01 1.073269e+00
      vertex -3.388232e+00 -4.142825e-01 1.174174e+00
    endloop
  endfacet
  facet normal 0.000000e+00 0.000000e+00 0.000000e+00
    outer loop
      vertex -3.388232e+00 -4.142825e-01 1.174174e+00
      vertex -3.229312e+00 -5.654060e-01 1.073269e+00
      vertex -3.299000e+00 -6.056405e-01 1.174174e+00
    endloop
  endfacet
  facet normal 0.000000e+00 0.000000e+00 0.000000e+00
    outer loop
      vertex -3.388232e+00 -4.142825e-01 1.174174e+00
      vertex -3.299000e+00 -6.056405e-01 1.174174e+00
      vertex -3.415219e+00 -4.241050e-01 1.300000e+00
    endloop
  endfacet
  facet normal 0.000000e+00 0.000000e+00 0.000000e+00
    outer loop
      vertex -3.415219e+00 -4.241050e-01 1.300000e+00
      vertex -3.299000e+00 -6.056405e-01 1.174174e+00
      vertex -3.323872e+00 -6.200000e-01 1.300000e+00
    endloop
  endfacet
  facet normal 0.000000e+00 0.000000e+00 0.000000e+00
    outer loop
      vertex -3.323872e+00 -6.200000e-01 1.300000e+00
      vertex -3.199895e+00 -7.970566e-01 1.300000e+00
      vertex -3.299000e+00 -6.056405e-01 1.425826e+00
    endloop
  endfacet
  facet normal 0.000000e+00 0.000000e+00 0.000000e+00
    outer loop
      vertex -3.299000e+00 -6.056405e-01 1.425826e+00
      vertex -3.199895e+00 -7.970566e-01 1.300000e+00
      vertex -3.177895e+00 -7.785964e-01 1.425826e+00
    endloop
  endfacet
  facet normal 0.000000e+00 0.000000e+00 0.000000e+00
    outer loop
      vertex -3.299000e+00 -6.056405e-01 1.425826e+00
      vertex -3.177895e+00 -7.785964e-01 1.425826e+00
      vertex -3.229312e+00 -5.654060e-01 1.526731e+00
    endloop
  endfacet
  facet normal 0.000000e+00 0.000000e+00 0.000000e+00
    outer loop
      vertex -3.229312e+00 -5.654060e-01 1.526731e+00
      vertex -3.177895e+00 -7.785964e-01 1.425826e+00
      vertex -3.116252e+00 -7.268720e-01 1.526731e+00
    endloop
  endfacet
  facet normal 0.000000e+00 0.000000e+00 0.000000e+00
    outer loop
      vertex -3.229312e+00 -5.654060e-01 1.526731e+00
      vertex -3.116252e+00 -7.268720e-01 1.526731e+00
      vertex -3.128610e+00 -5.072655e-01 1.582729e+00
    endloop
  endfacet
  facet normal 0.000000e+00 0.000000e+00 0.000000e+00
    outer loop
      vertex -3.128610e+00 -5.072655e-01 1.582729e+00
      vertex -3.116252e+00 -7.268720e-01 1.526731e+00
      vertex -3.027176e+00 -6.521280e-01 1.582729e+00
    endloop
  endfacet
  facet normal 0.000000e+00 0.000000e+00 0.000000e+00
    outer loop
      vertex -3.128610e+00 -5.072655e-01 1.582729e+00
      vertex -3.027176e+00 -6.521280e-01 1.582729e+00
      vertex -3.016839e+00 -4.427345e-01 1.582729e+00
    endloop
  endfacet
  facet normal 0.000000e+00 0.000000e+00 0.000000e+00
    outer loop
      vertex -3.016839e+00 -4.427345e-01 1.582729e+00
      vertex -3.027176e+00 -6.521280e-01 1.582729e+00
      vertex -2.928308e+00 -5.691684e-01 1.582729e+00
    endloop
  endfacet
  facet normal 0.000000e+00 0.000000e+00 0.000000e+00
    outer loop
      vertex -3.016839e+00 -4.427345e-01 1.582729e+00
      vertex -2.928308e+00 -5.691684e-01 1.582729e+00
      vertex -2.916136e+00 -3.845940e-01 1.526731e+00
    endloop
  endfacet
  facet normal 0.000000e+00 0.000000e+00 0.000000e+00
    outer loop
      vertex -2.916136e+00 -3.845940e-01 1.526731e+00
      vertex -2.928308e+00 -5.691684e-01 1.582729e+00
      vertex -2.839232e+00 -4.944245e-01 1.526731e+00
    endloop
  endfacet
  facet normal 0.000000e+00 0.000000e+00 0.000000e+00
    outer loop
      vertex -2.916136e+00 -3.845940e-01 1.526731e+00
      vertex -2.839232e+00 -4.944245e-01 1.526731e+00
      vertex -2.846448e+00 -3.443595e-01 1.425826e+00
    endloop
  endfacet
  facet normal 0.000000e+00 0.000000e+00 0.000000e+00
    outer loop
      vertex -2.846448e+00 -3.443595e-01 1.425826e+00
      vertex -2.839232e+00 -4.944245e-01 1.526731e+00
      vertex -2.777589e+00 -4.427001e-01 1.425826e+00
    endloop
  endfacet
  facet normal 0.000000e+00 0.000000e+00 0.000000e+00
    outer loop
      vertex -2.846448e+00 -3.443595e-01 1.425826e+00
      vertex -2.777589e+00 -4.427001e-01 1.425826e+00
      vertex -2.821577e+00 -3.300000e-01 1.300000e+00
    endloop
  endfacet
  facet normal 0.000000e+00 0.000000e+00 0.000000e+00
    outer loop
      vertex -2.821577e+00 -3.300000e-01 1.300000e+00
      vertex -2.777589e+00 -4.427001e-01 1.425826e+00
      vertex -2.755589e+00 -4.242398e-01 1.300000e+00
    endloop
  endfacet
  facet normal 0.000000e+00 0.000000e+00 0.000000e+00
    outer loop
      vertex -2.821577e+00 -3.300000e-01 1.300000e+00
      vertex -2.755589e+00 -4.242398e-01 1.300000e+00
      vertex -2.846448e+00 -3.443595e-01 1.174174e+00
    endloop
  endfacet
  facet normal 0.000000e+00 0.000000e+00 0.000000e+00
    outer loop
      vertex -2.846448e+00 -3.443595e-01 1.174174e+00
      vertex -2.755589e+00 -4.242398e-01 1.300000e+00
      vertex -2.777589e+00 -4.427001e-01 1.174174e+00
    endloop
  endfacet
  facet normal 0.000000e+00 0.000000e+00 0.000000e+00
    outer loop
      vertex -2.846448e+00 -3.443595e-01 1.174174e+00
      vertex -2.777589e+00 -4.427001e-01 1.174174e+00
      vertex -2.916136e+00 -3.845940e-01 1.073269e+00
    endloop
  endfacet
  facet normal 0.000000e+00 0.000000e+00 0.000000e+00
    outer loop
      vertex -2.916136e+00 -3.845940e-01 1.073269e+00
      vertex -2.777589e+00 -4.427001e-01 1.174174e+00
      vertex -2.839232e+00 -4.944245e-01 1.073269e+00
    endloop
  endfacet
  facet normal 0.000000e+00 0.000000e+00 0.000000e+00
    outer loop
      vertex -2.916136e+00 -3.845940e-01 1.073269e+00
      vertex -2.839232e+00 -4.944245e-01 1.073269e+00
      vertex -3.016839e+00 -4.427345e-01 1.017271e+00
    endloop
  endfacet
  facet normal 0.000000e+00 0.000000e+00 0.000000e+00
    outer loop
      vertex -3.016839e+00 -4.427345e-01 1.017271e+00
      vertex -2.839232e+00 -4.944245e-01 1.073269e+00
      vertex -2.928308e+00 -5.691684e-01 1.017271e+00
    endloop
  endfacet
  facet normal 0.000000e+00 0.000000e+00 0.000000e+00
    outer loop
      vertex -3.016839e+00 -4.427345e-01 1.017271e+00
      vertex -2.928308e+00 -5.691684e-01 1.017271e+00
      vertex -3.128610e+00 -5.072655e-01 1.017271e+00
    endloop
  endfacet
  facet normal 0.000000e+00 0.000000e+00 0.000000e+00
    outer loop
      vertex -3.128610e+00 -5.072655e-01 1.017271e+00
      vertex -2.928308e+00 -5.691684e-01 1.017271e+00
      vertex -3.027176e+00 -6.521280e-01 1.017271e+00
    endloop
  endfacet
  facet normal 0.000000e+00 0.000000e+00 0.000000e+00
    outer loop
      vertex -3.128610e+00 -5.072655e-01 1.017271e+00
      vertex -3.027176e+00 -6.521280e-01 1.017271e+00
      vertex -3.229312e+00 -5.654060e-01 1.073269e+00
    endloop
  endfacet
  facet normal 0.000000e+00 0.000000e+00 0.000000e+00
    outer loop
      vertex -3.229312e+00 -5.654060e-01 1.073269e+00
      vertex -3.027176e+00 -6.521280e-01 1.017271e+00
      vertex -3.116252e+00 -7.268720e-01 1.073269e+00
    endloop
  endfacet
  facet normal 0.000000e+00 0.000000e+00 0.000000e+00
    outer loop
      vertex -3.229312e+00 -5.654060e-01 1.073269e+00
      vertex -3.116252e+00 -7.268720e-01 1.073269e+00
      vertex -3.299000e+00 -6.056405e-01 1.174174e+00
    endloop
  endfacet
  facet normal 0.000000e+00 0.000000e+00 0.000000e+00
    outer loop
      vertex -3.299000e+00 -6.056405e-01 1.174174e+00
      vertex -3.116252e+00 -7.268720e-01 1.073269e+00
      vertex -3.177895e+00 -7.785964e-01 1.174174e+00
    endloop
  endfacet
  facet normal 0.000000e+00 0.000000e+00 0.000000e+00
    outer loop
      vertex -3.299000e+00 -6.056405e-01 1.174174e+00
      vertex -3.177895e+00 -7.785964e-01 1.174174e+00
      vertex -3.323872e+00 -6.200000e-01 1.300000e+00
    endloop
  endfacet
  facet normal 0.000000e+00 0.000000e+00 0.000000e+00
    outer loop
      vertex -3.323872e+00 -6.200000e-01 1.300000e+00
      vertex -3.177895e+00 -7.785964e-01 1.174174e+00
      vertex -3.199895e+00 -7.970566e-01 1.300000e+00
    endloop
  endfacet
  facet normal 0.000000e+00 0.000000e+00 0.000000e+00
    outer loop
      vertex -3.199895e+00 -7.970566e-01 1.300000e+00
      vertex -3.047057e+00 -9.498951e-01 1.300000e+00
      vertex -3.177895e+00 -7.785964e-01 1.425826e+00
    endloop
  endfacet
  facet normal 0.000000e+00 0.000000e+00 0.000000e+00
    outer loop
      vertex -3.177895e+00 -7.785964e-01 1.425826e+00
      vertex -3.047057e+00 -9.498951e-01 1.300000e+00
      vertex -3.028596e+00 -9.278951e-01 1.425826e+00
    endloop
  endfacet
  facet normal 0.000000e+00 0.000000e+00 0.000000e+00
    outer loop
      vertex -3.177895e+00 -7.785964e-01 1.425826e+00
      vertex -3.028596e+00 -9.278951e-01 1.425826e+00
      vertex -3.116252e+00 -7.268720e-01 1.526731e+00
    endloop
  endfacet
  facet normal 0.000000e+00 0.000000e+00 0.000000e+00
    outer loop
      vertex -3.116252e+00 -7.268720e-01 1.526731e+00
      vertex -3.028596e+00 -9.278951e-01 1.425826e+00
      vertex -2.976872e+00 -8.662523e-01 1.526731e+00
    endloop
  endfacet
  facet normal 0.000000e+00 0.000000e+00 0.000000e+00
    outer loop
      vertex -3.116252e+00 -7.268720e-01 1.526731e+00
      vertex -2.976872e+00 -8.662523e-01 1.526731e+00
      vertex -3.027176e+00 -6.521280e-01 1.582729e+00
    endloop
  endfacet
  facet normal 0.000000e+00 0.000000e+00 0.000000e+00
    outer loop
      vertex -3.027176e+00 -6.521280e-01 1.582729e+00
      vertex -2.976872e+00 -8.662523e-01 1.526731e+00
      vertex -2.902128e+00 -7.771759e-01 1.582729e+00
    endloop
  endfacet
  facet normal 0.000000e+00 0.000000e+00 0.000000e+00
    outer loop
      vertex -3.027176e+00 -6.521280e-01 1.582729e+00
      vertex -2.902128e+00 -7.771759e-01 1.582729e+00
      vertex -2.928308e+00 -5.691684e-01 1.582729e+00
    endloop
  endfacet
  facet normal 0.000000e+00 0.000000e+00 0.000000e+00
    outer loop
      vertex -2.928308e+00 -5.691684e-01 1.582729e+00
      vertex -2.902128e+00 -7.771759e-01 1.582729e+00
      vertex -2.819169e+00 -6.783085e-01 1.582729e+00
    endloop
  endfacet
  facet normal 0.000000e+00 0.000000e+00 0.000000e+00
    outer loop
      vertex -2.928308e+00 -5.691684e-01 1.582729e+00
      vertex -2.819169e+00 -6.783085e-01 1.582729e+00
      vertex -2.839232e+00 -4.944245e-01 1.526731e+00
    endloop
  endfacet
  facet normal 0.000000e+00 0.000000e+00 0.000000e+00
    outer loop
      vertex -2.839232e+00 -4.944245e-01 1.526731e+00
      vertex -2.819169e+00 -6.783085e-01 1.582729e+00
      vertex -2.744425e+00 -5.892321e-01 1.526731e+00
    endloop
  endfacet
  facet normal 0.000000e+00 0.000000e+00 0.000000e+00
    outer loop
      vertex -2.839232e+00 -4.944245e-01 1.526731e+00
      vertex -2.744425e+00 -5.892321e-01 1.526731e+00
      vertex -2.777589e+00 -4.427001e-01 1.425826e+00
    endloop
  endfacet
  facet normal 0.000000e+00 0.000000e+00 0.000000e+00
    outer loop
      vertex -2.777589e+00 -4.427001e-01 1.425826e+00
      vertex -2.744425e+00 -5.892321e-01 1.526731e+00
      vertex -2.692700e+00 -5.275894e-01 1.425826e+00
    endloop
  endfacet
  facet normal 0.000000e+00 0.000000e+00 0.000000e+00
    outer loop
      vertex -2.777589e+00 -4.427001e-01 1.425826e+00
      vertex -2.692700e+00 -5.275894e-01 1.425826e+00
      vertex -2.755589e+00 -4.242398e-01 1.300000e+00
    endloop
  endfacet
  facet normal 0.000000e+00 0.000000e+00 0.000000e+00
    outer loop
      vertex -2.755589e+00 -4.242398e-01 1.300000e+00
      vertex -2.692700e+00 -5.275894e-01 1.425826e+00
      vertex -2.674240e+00 -5.055893e-01 1.300000e+00
    endloop
  endfacet
  facet normal 0.000000e+00 0.000000e+00 0.000000e+00
    outer loop
      vertex -2.755589e+00 -4.242398e-01 1.300000e+00
      vertex -2.674240e+00 -5.055893e-01 1.300000e+00
      vertex -2.777589e+00 -4.427001e-01 1.174174e+00
    endloop
  endfacet
  facet normal 0.000000e+00 0.000000e+00 0.000000e+00
    outer loop
      vertex -2.777589e+00 -4.427001e-01 1.174174e+00
      vertex -2.674240e+00 -5.055893e-01 1.300000e+00
      vertex -2.692700e+00 -5.275894e-01 1.174174e+00
    endloop
  endfacet
  facet normal 0.000000e+00 0.000000e+00 0.000000e+00
    outer loop
      vertex -2.777589e+00 -4.427001e-01 1.174174e+00
      vertex -2.692700e+00 -5.275894e-01 1.174174e+00
      vertex -2.839232e+00 -4.944245e-01 1.073269e+00
    endloop
  endfacet
  facet normal 0.000000e+00 0.000000e+00 0.000000e+00
    outer loop
      vertex -2.839232e+00 -4.944245e-01 1.073269e+00
      vertex -2.692700e+00 -5.275894e-01 1.174174e+00
      vertex -2.744425e+00 -5.892321e-01 1.073269e+00
    endloop
  endfacet
  facet normal 0.000000e+00 0.000000e+00 0.000000e+00
    outer loop
      vertex -2.839232e+00 -4.944245e-01 1.073269e+00
      vertex -2.744425e+00 -5.892321e-01 1.073269e+00
      vertex -2.928308e+00 -5.691684e-01 1.017271e+00
    endloop
  endfacet
  facet normal 0.000000e+00 0.000000e+00 0.000000e+00
    outer loop
      vertex -2.928308e+00 -5.691684e-01 1.017271e+00
      vertex -2.744425e+00 -5.892321e-01 1.073269e+00
      vertex -2.819169e+00 -6.783085e-01 1.017271e+00
    endloop
  endfacet
  facet normal 0.000000e+00 0.000000e+00 0.000000e+00
    outer loop
      vertex -2.928308e+00 -5.691684e-01 1.017271e+00
      vertex -2.819169e+00 -6.783085e-01 1.017271e+00
      vertex -3.027176e+00 -6.521280e-01 1.017271e+00
    endloop
  endfacet
  facet normal 0.000000e+00 0.000000e+00 0.000000e+00
    outer loop
      vertex -3.027176e+00 -6.521280e-01 1.017271e+00
      vertex -2.819169e+00 -6.783085e-01 1.017271e+00
      vertex -2.902128e+00 -7.771759e-01 1.017271e+00
    endloop
  endfacet
  facet normal 0.000000e+00 0.000000e+00 0.000000e+00
    outer loop
      vertex -3.027176e+00 -6.521280e-01 1.017271e+00
      vertex -2.902128e+00 -7.771759e-01 1.017271e+00
      vertex -3.116252e+00 -7.268720e-01 1.073269e+00
    endloop
  endfacet
  facet normal 0.000000e+00 0.000000e+00 0.000000e+00
    outer loop
      vertex -3.116252e+00 -7.268720e-01 1.073269e+00
      vertex -2.902128e+00 -7.771759e-01 1.017271e+00
      vertex -2.976872e+00 -8.662523e-01 1.073269e+00
    endloop
  endfacet
  facet normal 0.000000e+00 0.000000e+00 0.000000e+00
    outer loop
      vertex -3.116252e+00 -7.268720e-01 1.073269e+00
      vertex -2.976872e+00 -8.662523e-01 1.073269e+00
      vertex -3.177895e+00 -7.785964e-01 1.174174e+00
    endloop
  endfacet
  facet normal 0.000000e+00 0.000000e+00 0.000000e+00
    outer loop
      vertex -3.177895e+00 -7.785964e-01 1.174174e+00
      vertex -2.976872e+00 -8.662523e-01 1.073269e+00
      vertex -3.028596e+00 -9.278951e-01 1.174174e+00
    endloop
  endfacet
  facet normal 0.000000e+00 0.000000e+00 0.000000e+00
    outer loop
      vertex -3.177895e+00 -7.785964e-01 1.174174e+00
      vertex -3.028596e+00 -9.278951e-01 1.174174e+00
      vertex -3.199895e+00 -7.970566e-01 1.300000e+00
    endloop
  endfacet
  facet normal 0.000000e+00 0.000000e+00 0.000000e+00
    outer loop
      vertex -3.199895e+00 -7.970566e-01 1.300000e+00
      vertex -3.028596e+00 -9.278951e-01 1.174174e+00
      vertex -3.047057e+00 -9.498951e-01 1.300000e+00
    endloop
  endfacet
  facet normal 0.000000e+00 0.000000e+00 0.000000e+00
    outer loop
      vertex -3.047057e+00 -9.498951e-01 1.300000e+00
      vertex -2.870000e+00 -1.073871e+00 1.300000e+00
      vertex -3.028596e+00 -9.278951e-01 1.425826e+00
    endloop
  endfacet
  facet normal 0.000000e+00 0.000000e+00 0.000000e+00
    outer loop
      vertex -3.028596e+00 -9.278951e-01 1.425826e+00
      vertex -2.870000e+00 -1.073871e+00 1.300000e+00
      vertex -2.855640e+00 -1.049000e+00 1.425826e+00
    endloop
  endfacet
  facet normal 0.000000e+00 0.000000e+00 0.000000e+00
    outer loop
      vertex -3.028596e+00 -9.278951e-01 1.425826e+00
      vertex -2.855640e+00 -1.049000e+00 1.425826e+00
      vertex -2.976872e+00 -8.662523e-01 1.526731e+00
    endloop
  endfacet
  facet normal 0.000000e+00 0.000000e+00 0.000000e+00
    outer loop
      vertex -2.976872e+00 -8.662523e-01 1.526731e+00
      vertex -2.855640e+00 -1.049000e+00 1.425826e+00
      vertex -2.815406e+00 -9.793119e-01 1.526731e+00
    endloop
  endfacet
  facet normal 0.000000e+00 0.000000e+00 0.000000e+00
    outer loop
      vertex -2.976872e+00 -8.662523e-01 1.526731e+00
      vertex -2.815406e+00 -9.793119e-01 1.526731e+00
      vertex -2.902128e+00 -7.771759e-01 1.582729e+00
    endloop
  endfacet
  facet normal 0.000000e+00 0.000000e+00 0.000000e+00
    outer loop
      vertex -2.902128e+00 -7.771759e-01 1.582729e+00
      vertex -2.815406e+00 -9.793119e-01 1.526731e+00
      vertex -2.757266e+00 -8.786097e-01 1.582729e+00
    endloop
  endfacet
  facet normal 0.000000e+00 0.000000e+00 0.000000e+00
    outer loop
      vertex -2.902128e+00 -7.771759e-01 1.582729e+00
      vertex -2.757266e+00 -8.786097e-01 1.582729e+00
      vertex -2.819169e+00 -6.783085e-01 1.582729e+00
    endloop
  endfacet
  facet normal 0.000000e+00 0.000000e+00 0.000000e+00
    outer loop
      vertex -2.819169e+00 -6.783085e-01 1.582729e+00
      vertex -2.757266e+00 -8.786097e-01 1.582729e+00
      vertex -2.692734e+00 -7.668386e-01 1.582729e+00
    endloop
  endfacet
  facet normal 0.000000e+00 0.000000e+00 0.000000e+00
    outer loop
      vertex -2.819169e+00 -6.783085e-01 1.582729e+00
      vertex -2.692734e+00 -7.668386e-01 1.582729e+00
      vertex -2.744425e+00 -5.892321e-01 1.526731e+00
    endloop
  endfacet
  facet normal 0.000000e+00 0.000000e+00 0.000000e+00
    outer loop
      vertex -2.744425e+00 -5.892321e-01 1.526731e+00
      vertex -2.692734e+00 -7.668386e-01 1.582729e+00
      vertex -2.634594e+00 -6.661363e-01 1.526731e+00
    endloop
  endfacet
  facet normal 0.000000e+00 0.000000e+00 0.000000e+00
    outer loop
      vertex -2.744425e+00 -5.892321e-01 1.526731e+00
      vertex -2.634594e+00 -6.661363e-01 1.526731e+00
      vertex -2.692700e+00 -5.275894e-01 1.425826e+00
    endloop
  endfacet
  facet normal 0.000000e+00 0.000000e+00 0.000000e+00
    outer loop
      vertex -2.692700e+00 -5.275894e-01 1.425826e+00
      vertex -2.634594e+00 -6.661363e-01 1.526731e+00
      vertex -2.594359e+00 -5.964482e-01 1.425826e+00
    endloop
  endfacet
  facet normal 0.000000e+00 0.000000e+00 0.000000e+00
    outer loop
      vertex -2.692700e+00 -5.275894e-01 1.425826e+00
      vertex -2.594359e+00 -5.964482e-01 1.425826e+00
      vertex -2.674240e+00 -5.055893e-01 1.300000e+00
    endloop
  endfacet
  facet normal 0.000000e+00 0.000000e+00 0.000000e+00
    outer loop
      vertex -2.674240e+00 -5.055893e-01 1.300000e+00
      vertex -2.594359e+00 -5.964482e-01 1.425826e+00
      vertex -2.580000e+00 -5.715768e-01 1.300000e+00
    endloop
  endfacet
  facet normal 0.000000e+00 0.000000e+00 0.000000e+00
    outer loop
      vertex -2.674240e+00 -5.055893e-01 1.300000e+00
      vertex -2.580000e+00 -5.715768e-01 1.300000e+00
      vertex -2.692700e+00 -5.275894e-01 1.174174e+00
    endloop
  endfacet
  facet normal 0.000000e+00 0.000000e+00 0.000000e+00
    outer loop
      vertex -2.692700e+00 -5.275894e-01 1.174174e+00
      vertex -2.580000e+00 -5.715768e-01 1.300000e+00
      vertex -2.594359e+00 -5.964482e-01 1.174174e+00
    endloop
  endfacet
  facet normal 0.000000e+00 0.000000e+00 0.000000e+00
    outer loop
      vertex -2.692700e+00 -5.275894e-01 1.174174e+00
      vertex -2.594359e+00 -5.964482e-01 1.174174e+00
      vertex -2.744425e+00 -5.892321e-01 1.073269e+00
    endloop
  endfacet
  facet normal 0.000000e+00 0.000000e+00 0.000000e+00
    outer loop
      vertex -2.744425e+00 -5.892321e-01 1.073269e+00
      vertex -2.594359e+00 -5.964482e-01 1.174174e+00
      vertex -2.634594e+00 -6.661363e-01 1.073269e+00
    endloop
  endfacet
  facet normal 0.000000e+00 0.000000e+00 0.000000e+00
    outer loop
      vertex -2.744425e+00 -5.892321e-01 1.073269e+00
      vertex -2.634594e+00 -6.661363e-01 1.073269e+00
      vertex -2.819169e+00 -6.783085e-01 1.017271e+00
    endloop
  endfacet
  facet normal 0.000000e+00 0.000000e+00 0.000000e+00
    outer loop
      vertex -2.819169e+00 -6.783085e-01 1.017271e+00
      vertex -2.634594e+00 -6.661363e-01 1.073269e+00
      vertex -2.692734e+00 -7.668386e-01 1.017271e+00
    endloop
  endfacet
  facet normal 0.000000e+00 0.000000e+00 0.000000e+00
    outer loop
      vertex -2.819169e+00 -6.783085e-01 1.017271e+00
      vertex -2.692734e+00 -7.668386e-01 1.017271e+00
      vertex -2.902128e+00 -7.771759e-01 1.017271e+00
    endloop
  endfacet
  facet normal 0.000000e+00 0.000000e+00 0.000000e+00
    outer loop
      vertex -2.902128e+00 -7.771759e-01 1.017271e+00
      vertex -2.692734e+00 -7.668386e-01 1.017271e+00
      vertex -2.757266e+00 -8.786097e-01 1.017271e+00
    endloop
  endfacet
  facet normal 0.000000e+00 0.000000e+00 0.000000e+00
    outer loop
      vertex -2.902128e+00 -7.771759e-01 1.017271e+00
      vertex -2.757266e+00 -8.786097e-01 1.017271e+00
      vertex -2.976872e+00 -8.662523e-01 1.073269e+00
    endloop
  endfacet
  facet normal 0.000000e+00 0.000000e+00 0.000000e+00
    outer loop
      vertex -2.976872e+00 -8.662523e-01 1.073269e+00
      vertex -2.757266e+00 -8.786097e-01 1.017271e+00
      vertex -2.815406e+00 -9.793119e-01 1.073269e+00
    endloop
  endfacet
  facet normal 0.000000e+00 0.000000e+00 0.000000e+00
    outer loop
      vertex -2.976872e+00 -8.662523e-01 1.073269e+00
      vertex -2.815406e+00 -9.793119e-01 1.073269e+00
      vertex -3.028596e+00 -9.278951e-01 1.174174e+00
    endloop
  endfacet
  facet normal 0.000000e+00 0.000000e+00 0.000000e+00
    outer loop
      vertex -3.028596e+00 -9.278951e-01 1.174174e+00
      vertex -2.815406e+00 -9.793119e-01 1.073269e+00
      vertex -2.855640e+00 -1.049000e+00 1.174174e+00
    endloop
  endfacet
  facet normal 0.000000e+00 0.000000e+00 0.000000e+00
    outer loop
      vertex -3.028596e+00 -9.278951e-01 1.174174e+00
      vertex -2.855640e+00 -1.049000e+00 1.174174e+00
      vertex -3.047057e+00 -9.498951e-01 1.300000e+00
    endloop
  endfacet
  facet normal 0.000000e+00 0.000000e+00 0.000000e+00
    outer loop
      vertex -3.047057e+00 -9.498951e-01 1.300000e+00
      vertex -2.855640e+00 -1.049000e+00 1.174174e+00
      vertex -2.870000e+00 -1.073871e+00 1.300000e+00
    endloop
  endfacet
  facet normal 0.000000e+00 0.000000e+00 0.000000e+00
    outer loop
      vertex -2.870000e+00 -1.073871e+00 1.300000e+00
      vertex -2.674105e+00 -1.165219e+00 1.300000e+00
      vertex -2.855640e+00 -1.049000e+00 1.425826e+00
    endloop
  endfacet
  facet normal 0.000000e+00 0.000000e+00 0.000000e+00
    outer loop
      vertex -2.855640e+00 -1.049000e+00 1.425826e+00
      vertex -2.674105e+00 -1.165219e+00 1.300000e+00
      vertex -2.664283e+00 -1.138232e+00 1.425826e+00
    endloop
  endfacet
  facet normal 0.000000e+00 0.000000e+00 0.000000e+00
    outer loop
      vertex -2.855640e+00 -1.049000e+00 1.425826e+00
      vertex -2.664283e+00 -1.138232e+00 1.425826e+00
      vertex -2.815406e+00 -9.793119e-01 1.526731e+00
    endloop
  endfacet
  facet normal 0.000000e+00 0.000000e+00 0.000000e+00
    outer loop
      vertex -2.815406e+00 -9.793119e-01 1.526731e+00
      vertex -2.664283e+00 -1.138232e+00 1.425826e+00
      vertex -2.636760e+00 -1.062616e+00 1.526731e+00
    endloop
  endfacet
  facet normal 0.000000e+00 0.000000e+00 0.000000e+00
    outer loop
      vertex -2.815406e+00 -9.793119e-01 1.526731e+00
      vertex -2.636760e+00 -1.062616e+00 1.526731e+00
      vertex -2.757266e+00 -8.786097e-01 1.582729e+00
    endloop
  endfacet
  facet normal 0.000000e+00 0.000000e+00 0.000000e+00
    outer loop
      vertex -2.757266e+00 -8.786097e-01 1.582729e+00
      vertex -2.636760e+00 -1.062616e+00 1.526731e+00
      vertex -2.596990e+00 -9.533474e-01 1.582729e+00
    endloop
  endfacet
  facet normal 0.000000e+00 0.000000e+00 0.000000e+00
    outer loop
      vertex -2.757266e+00 -8.786097e-01 1.582729e+00
      vertex -2.596990e+00 -9.533474e-01 1.582729e+00
      vertex -2.692734e+00 -7.668386e-01 1.582729e+00
    endloop
  endfacet
  facet normal 0.000000e+00 0.000000e+00 0.000000e+00
    outer loop
      vertex -2.692734e+00 -7.668386e-01 1.582729e+00
      vertex -2.596990e+00 -9.533474e-01 1.582729e+00
      vertex -2.552848e+00 -8.320686e-01 1.582729e+00
    endloop
  endfacet
  facet normal 0.000000e+00 0.000000e+00 0.000000e+00
    outer loop
      vertex -2.692734e+00 -7.668386e-01 1.582729e+00
      vertex -2.552848e+00 -8.320686e-01 1.582729e+00
      vertex -2.634594e+00 -6.661363e-01 1.526731e+00
    endloop
  endfacet
  facet normal 0.000000e+00 0.000000e+00 0.000000e+00
    outer loop
      vertex -2.634594e+00 -6.661363e-01 1.526731e+00
      vertex -2.552848e+00 -8.320686e-01 1.582729e+00
      vertex -2.513078e+00 -7.228003e-01 1.526731e+00
    endloop
  endfacet
  facet normal 0.000000e+00 0.000000e+00 0.000000e+00
    outer loop
      vertex -2.634594e+00 -6.661363e-01 1.526731e+00
      vertex -2.513078e+00 -7.228003e-01 1.526731e+00
      vertex -2.594359e+00 -5.964482e-01 1.425826e+00
    endloop
  endfacet
  facet normal 0.000000e+00 0.000000e+00 0.000000e+00
    outer loop
      vertex -2.594359e+00 -5.964482e-01 1.425826e+00
      vertex -2.513078e+00 -7.228003e-01 1.526731e+00
      vertex -2.485556e+00 -6.471842e-01 1.425826e+00
    endloop
  endfacet
  facet normal 0.000000e+00 0.000000e+00 0.000000e+00
    outer loop
      vertex -2.594359e+00 -5.964482e-01 1.425826e+00
      vertex -2.485556e+00 -6.471842e-01 1.425826e+00
      vertex -2.580000e+00 -5.715768e-01 1.300000e+00
    endloop
  endfacet
  facet normal 0.000000e+00 0.000000e+00 0.000000e+00
    outer loop
      vertex -2.580000e+00 -5.715768e-01 1.300000e+00
      vertex -2.485556e+00 -6.471842e-01 1.425826e+00
      vertex -2.475733e+00 -6.201971e-01 1.300000e+00
    endloop
  endfacet
  facet normal 0.000000e+00 0.000000e+00 0.000000e+00
    outer loop
      vertex -2.580000e+00 -5.715768e-01 1.300000e+00
      vertex -2.475733e+00 -6.201971e-01 1.300000e+00
      vertex -2.594359e+00 -5.964482e-01 1.174174e+00
    endloop
  endfacet
  facet normal 0.000000e+00 0.000000e+00 0.000000e+00
    outer loop
      vertex -2.594359e+00 -5.964482e-01 1.174174e+00
      vertex -2.475733e+00 -6.201971e-01 1.300000e+00
      vertex -2.485556e+00 -6.471842e-01 1.174174e+00
    endloop
  endfacet
  facet normal 0.000000e+00 0.000000e+00 0.000000e+00
    outer loop
      vertex -2.594359e+00 -5.964482e-01 1.174174e+00
      vertex -2.485556e+00 -6.471842e-01 1.174174e+00
      vertex -2.634594e+00 -6.661363e-01 1.073269e+00
    endloop
  endfacet
  facet normal 0.000000e+00 0.000000e+00 0.000000e+00
    outer loop
      vertex -2.634594e+00 -6.661363e-01 1.073269e+00
      vertex -2.485556e+00 -6.471842e-01 1.174174e+00
      vertex -2.513078e+00 -7.228003e-01 1.073269e+00
    endloop
  endfacet
  facet normal 0.000000e+00 0.000000e+00 0.000000e+00
    outer loop
      vertex -2.634594e+00 -6.661363e-01 1.073269e+00
      vertex -2.513078e+00 -7.228003e-01 1.073269e+00
      vertex -2.692734e+00 -7.668386e-01 1.017271e+00
    endloop
  endfacet
  facet normal 0.000000e+00 0.000000e+00 0.000000e+00
    outer loop
      vertex -2.692734e+00 -7.668386e-01 1.017271e+00
      vertex -2.513078e+00 -7.228003e-01 1.073269e+00
      vertex -2.552848e+00 -8.320686e-01 1.017271e+00
    endloop
  endfacet
  facet normal 0.000000e+00 0.000000e+00 0.000000e+00
    outer loop
      vertex -2.692734e+00 -7.668386e-01 1.017271e+00
      vertex -2.552848e+00 -8.320686e-01 1.017271e+00
      vertex -2.757266e+00 -8.786097e-01 1.017271e+00
    endloop
  endfacet
  facet normal 0.000000e+00 0.000000e+00 0.000000e+00
    outer loop
      vertex -2.757266e+00 -8.786097e-01 1.017271e+00
      vertex -2.552848e+00 -8.320686e-01 1.017271e+00
      vertex -2.596990e+00 -9.533474e-01 1.017271e+00
    endloop
  endfacet
  facet normal 0.000000e+00 0.000000e+00 0.000000e+00
    outer loop
      vertex -2.757266e+00 -8.786097e-01 1.017271e+00
      vertex -2.596990e+00 -9.533474e-01 1.017271e+00
      vertex -2.815406e+00 -9.793119e-01 1.073269e+00
    endloop
  endfacet
  facet normal 0.000000e+00 0.000000e+00 0.000000e+00
    outer loop
      vertex -2.815406e+00 -9.793119e-01 1.073269e+00
      vertex -2.596990e+00 -9.533474e-01 1.017271e+00
      vertex -2.636760e+00 -1.062616e+00 1.073269e+00
    endloop
  endfacet
  facet normal 0.000000e+00 0.000000e+00 0.000000e+00
    outer loop
      vertex -2.815406e+00 -9.793119e-01 1.073269e+00
      vertex -2.636760e+00 -1.062616e+00 1.073269e+00
      vertex -2.855640e+00 -1.049000e+00 1.174174e+00
    endloop
  endfacet
  facet normal 0.000000e+00 0.000000e+00 0.000000e+00
    outer loop
      vertex -2.855640e+00 -1.049000e+00 1.174174e+00
      vertex -2.636760e+00 -1.062616e+00 1.073269e+00
      vertex -2.664283e+00 -1.138232e+00 1.174174e+00
    endloop
  endfacet
  facet normal 0.000000e+00 0.000000e+00 0.000000e+00
    outer loop
      vertex -2.855640e+00 -1.049000e+00 1.174174e+00
      vertex -2.664283e+00 -1.138232e+00 1.174174e+00
      vertex -2.870000e+00 -1.073871e+00 1.300000e+00
    endloop
  endfacet
  facet normal 0.000000e+00 0.000000e+00 0.000000e+00
    outer loop
      vertex -2.870000e+00 -1.073871e+00 1.300000e+00
      vertex -2.664283e+00 -1.138232e+00 1.174174e+00
      vertex -2.674105e+00 -1.165219e+00 1.300000e+00
    endloop
  endfacet
  facet normal 0.000000e+00 0.000000e+00 0.000000e+00
    outer loop
      vertex -2.674105e+00 -1.165219e+00 1.300000e+00
      vertex -2.465324e+00 -1.221162e+00 1.300000e+00
      vertex -2.664283e+00 -1.138232e+00 1.425826e+00
    endloop
  endfacet
  facet normal 0.000000e+00 0.000000e+00 0.000000e+00
    outer loop
      vertex -2.664283e+00 -1.138232e+00 1.425826e+00
      vertex -2.465324e+00 -1.221162e+00 1.300000e+00
      vertex -2.460337e+00 -1.192879e+00 1.425826e+00
    endloop
  endfacet
  facet normal 0.000000e+00 0.000000e+00 0.000000e+00
    outer loop
      vertex -2.664283e+00 -1.138232e+00 1.425826e+00
      vertex -2.460337e+00 -1.192879e+00 1.425826e+00
      vertex -2.636760e+00 -1.062616e+00 1.526731e+00
    endloop
  endfacet
  facet normal 0.000000e+00 0.000000e+00 0.000000e+00
    outer loop
      vertex -2.636760e+00 -1.062616e+00 1.526731e+00
      vertex -2.460337e+00 -1.192879e+00 1.425826e+00
      vertex -2.446363e+00 -1.113632e+00 1.526731e+00
    endloop
  endfacet
  facet normal 0.000000e+00 0.000000e+00 0.000000e+00
    outer loop
      vertex -2.636760e+00 -1.062616e+00 1.526731e+00
      vertex -2.446363e+00 -1.113632e+00 1.526731e+00
      vertex -2.596990e+00 -9.533474e-01 1.582729e+00
    endloop
  endfacet
  facet normal 0.000000e+00 0.000000e+00 0.000000e+00
    outer loop
      vertex -2.596990e+00 -9.533474e-01 1.582729e+00
      vertex -2.446363e+00 -1.113632e+00 1.526731e+00
      vertex -2.426172e+00 -9.991181e-01 1.582729e+00
    endloop
  endfacet
  facet normal 0.000000e+00 0.000000e+00 0.000000e+00
    outer loop
      vertex -2.596990e+00 -9.533474e-01 1.582729e+00
      vertex -2.426172e+00 -9.991181e-01 1.582729e+00
      vertex -2.552848e+00 -8.320686e-01 1.582729e+00
    endloop
  endfacet
  facet normal 0.000000e+00 0.000000e+00 0.000000e+00
    outer loop
      vertex -2.552848e+00 -8.320686e-01 1.582729e+00
      vertex -2.426172e+00 -9.991181e-01 1.582729e+00
      vertex -2.403760e+00 -8.720167e-01 1.582729e+00
    endloop
  endfacet
  facet normal 0.000000e+00 0.000000e+00 0.000000e+00
    outer loop
      vertex -2.552848e+00 -8.320686e-01 1.582729e+00
      vertex -2.403760e+00 -8.720167e-01 1.582729e+00
      vertex -2.513078e+00 -7.228003e-01 1.526731e+00
    endloop
  endfacet
  facet normal 0.000000e+00 0.000000e+00 0.000000e+00
    outer loop
      vertex -2.513078e+00 -7.228003e-01 1.526731e+00
      vertex -2.403760e+00 -8.720167e-01 1.582729e+00
      vertex -2.383568e+00 -7.575023e-01 1.526731e+00
    endloop
  endfacet
  facet normal 0.000000e+00 0.000000e+00 0.000000e+00
    outer loop
      vertex -2.513078e+00 -7.228003e-01 1.526731e+00
      vertex -2.383568e+00 -7.575023e-01 1.526731e+00
      vertex -2.485556e+00 -6.471842e-01 1.425826e+00
    endloop
  endfacet
  facet normal 0.000000e+00 0.000000e+00 0.000000e+00
    outer loop
      vertex -2.485556e+00 -6.471842e-01 1.425826e+00
      vertex -2.383568e+00 -7.575023e-01 1.526731e+00
      vertex -2.369595e+00 -6.782559e-01 1.425826e+00
    endloop
  endfacet
  facet normal 0.000000e+00 0.000000e+00 0.000000e+00
    outer loop
      vertex -2.485556e+00 -6.471842e-01 1.425826e+00
      vertex -2.369595e+00 -6.782559e-01 1.425826e+00
      vertex -2.475733e+00 -6.201971e-01 1.300000e+00
    endloop
  endfacet
  facet normal 0.000000e+00 0.000000e+00 0.000000e+00
    outer loop
      vertex -2.475733e+00 -6.201971e-01 1.300000e+00
      vertex -2.369595e+00 -6.782559e-01 1.425826e+00
      vertex -2.364608e+00 -6.499731e-01 1.300000e+00
    endloop
  endfacet
  facet normal 0.000000e+00 0.000000e+00 0.000000e+00
    outer loop
      vertex -2.475733e+00 -6.201971e-01 1.300000e+00
      vertex -2.364608e+00 -6.499731e-01 1.300000e+00
      vertex -2.485556e+00 -6.471842e-01 1.174174e+00
    endloop
  endfacet
  facet normal 0.000000e+00 0.000000e+00 0.000000e+00
    outer loop
      vertex -2.485556e+00 -6.471842e-01 1.174174e+00
      vertex -2.364608e+00 -6.499731e-01 1.300000e+00
      vertex -2.369595e+00 -6.782559e-01 1.174174e+00
    endloop
  endfacet
  facet normal 0.000000e+00 0.000000e+00 0.000000e+00
    outer loop
      vertex -2.485556e+00 -6.471842e-01 1.174174e+00
      vertex -2.369595e+00 -6.782559e-01 1.174174e+00
      vertex -2.513078e+00 -7.228003e-01 1.073269e+00
    endloop
  endfacet
  facet normal 0.000000e+00 0.000000e+00 0.000000e+00
    outer loop
      vertex -2.513078e+00 -7.228003e-01 1.073269e+00
      vertex -2.369595e+00 -6.782559e-01 1.174174e+00
      vertex -2.383568e+00 -7.575023e-01 1.073269e+00
    endloop
  endfacet
  facet normal 0.000000e+00 0.000000e+00 0.000000e+00
    outer loop
      vertex -2.513078e+00 -7.228003e-01 1.073269e+00
      vertex -2.383568e+00 -7.575023e-01 1.073269e+00
      vertex -2.552848e+00 -8.320686e-01 1.017271e+00
    endloop
  endfacet
  facet normal 0.000000e+00 0.000000e+00 0.000000e+00
    outer loop
      vertex -2.552848e+00 -8.320686e-01 1.017271e+00
      vertex -2.383568e+00 -7.575023e-01 1.073269e+00
      vertex -2.403760e+00 -8.720167e-01 1.017271e+00
    endloop
  endfacet
  facet normal 0.000000e+00 0.000000e+00 0.000000e+00
    outer loop
      vertex -2.552848e+00 -8.320686e-01 1.017271e+00
      vertex -2.403760e+00 -8.720167e-01 1.017271e+00
      vertex -2.596990e+00 -9.533474e-01 1.017271e+00
    endloop
  endfacet
  facet normal 0.000000e+00 0.000000e+00 0.000000e+00
    outer loop
      vertex -2.596990e+00 -9.533474e-01 1.017271e+00
      vertex -2.403760e+00 -8.720167e-01 1.017271e+00
      vertex -2.426172e+00 -9.991181e-01 1.017271e+00
    endloop
  endfacet
  facet normal 0.000000e+00 0.000000e+00 0.000000e+00
    outer loop
      vertex -2.596990e+00 -9.533474e-01 1.017271e+00
      vertex -2.426172e+00 -9.991181e-01 1.017271e+00
      vertex -2.636760e+00 -1.062616e+00 1.073269e+00
    endloop
  endfacet
  facet normal 0.000000e+00 0.000000e+00 0.000000e+00
    outer loop
      vertex -2.636760e+00 -1.062616e+00 1.073269e+00
      vertex -2.426172e+00 -9.991181e-01 1.017271e+00
      vertex -2.446363e+00 -1.113632e+00 1.073269e+00
    endloop
  endfacet
  facet normal 0.000000e+00 0.000000e+00 0.000000e+00
    outer loop
      vertex -2.636760e+00 -1.062616e+00 1.073269e+00
      vertex -2.446363e+00 -1.113632e+00 1.073269e+00
      vertex -2.664283e+00 -1.138232e+00 1.174174e+00
    endloop
  endfacet
  facet normal 0.000000e+00 0.000000e+00 0.000000e+00
    outer loop
      vertex -2.664283e+00 -1.138232e+00 1.174174e+00
      vertex -2.446363e+00 -1.113632e+00 1.073269e+00
      vertex -2.460337e+00 -1.192879e+00 1.174174e+00
    endloop
  endfacet
  facet normal 0.000000e+00 0.000000e+00 0.000000e+00
    outer loop
      vertex -2.664283e+00 -1.138232e+00 1.174174e+00
      vertex -2.460337e+00 -1.192879e+00 1.174174e+00
      vertex -2.674105e+00 -1.165219e+00 1.300000e+00
    endloop
  endfacet
  facet normal 0.000000e+00 0.000000e+00 0.000000e+00
    outer loop
      vertex -2.674105e+00 -1.165219e+00 1.300000e+00
      vertex -2.460337e+00 -1.192879e+00 1.174174e+00
      vertex -2.465324e+00 -1.221162e+00 1.300000e+00
    endloop
  endfacet
  facet normal 0.000000e+00 0.000000e+00 0.000000e+00
    outer loop
      vertex -2.465324e+00 -1.221162e+00 1.300000e+00
      vertex -2.250000e+00 -1.240000e+00 1.300000e+00
      vertex -2.460337e+00 -1.192879e+00 1.425826e+00
    endloop
  endfacet
  facet normal 0.000000e+00 0.000000e+00 0.000000e+00
    outer loop
      vertex -2.460337e+00 -1.192879e+00 1.425826e+00
      vertex -2.250000e+00 -1.240000e+00 1.300000e+00
      vertex -2.250000e+00 -1.211281e+00 1.425826e+00
    endloop
  endfacet
  facet normal 0.000000e+00 0.000000e+00 0.000000e+00
    outer loop
      vertex -2.460337e+00 -1.192879e+00 1.425826e+00
      vertex -2.250000e+00 -1.211281e+00 1.425826e+00
      vertex -2.446363e+00 -1.113632e+00 1.526731e+00
    endloop
  endfacet
  facet normal 0.000000e+00 0.000000e+00 0.000000e+00
    outer loop
      vertex -2.446363e+00 -1.113632e+00 1.526731e+00
      vertex -2.250000e+00 -1.211281e+00 1.425826e+00
      vertex -2.250000e+00 -1.130812e+00 1.526731e+00
    endloop
  endfacet
  facet normal 0.000000e+00 0.000000e+00 0.000000e+00
    outer loop
      vertex -2.446363e+00 -1.113632e+00 1.526731e+00
      vertex -2.250000e+00 -1.130812e+00 1.526731e+00
      vertex -2.426172e+00 -9.991181e-01 1.582729e+00
    endloop
  endfacet
  facet normal 0.000000e+00 0.000000e+00 0.000000e+00
    outer loop
      vertex -2.426172e+00 -9.991181e-01 1.582729e+00
      vertex -2.250000e+00 -1.130812e+00 1.526731e+00
      vertex -2.250000e+00 -1.014531e+00 1.582729e+00
    endloop
  endfacet
  facet normal 0.000000e+00 0.000000e+00 0.000000e+00
    outer loop
      vertex -2.426172e+00 -9.991181e-01 1.582729e+00
      vertex -2.250000e+00 -1.014531e+00 1.582729e+00
      vertex -2.403760e+00 -8.720167e-01 1.582729e+00
    endloop
  endfacet
  facet normal 0.000000e+00 0.000000e+00 0.000000e+00
    outer loop
      vertex -2.403760e+00 -8.720167e-01 1.582729e+00
      vertex -2.250000e+00 -1.014531e+00 1.582729e+00
      vertex -2.250000e+00 -8.854689e-01 1.582729e+00
    endloop
  endfacet
  facet normal 0.000000e+00 0.000000e+00 0.000000e+00
    outer loop
      vertex -2.403760e+00 -8.720167e-01 1.582729e+00
      vertex -2.250000e+00 -8.854689e-01 1.582729e+00
      vertex -2.383568e+00 -7.575023e-01 1.526731e+00
    endloop
  endfacet
  facet normal 0.000000e+00 0.000000e+00 0.000000e+00
    outer loop
      vertex -2.383568e+00 -7.575023e-01 1.526731e+00
      vertex -2.250000e+00 -8.854689e-01 1.582729e+00
      vertex -2.250000e+00 -7.691880e-01 1.526731e+00
    endloop
  endfacet
  facet normal 0.000000e+00 0.000000e+00 0.000000e+00
    outer loop
      vertex -2.383568e+00 -7.575023e-01 1.526731e+00
      vertex -2.250000e+00 -7.691880e-01 1.526731e+00
      vertex -2.369595e+00 -6.782559e-01 1.425826e+00
    endloop
  endfacet
  facet normal 0.000000e+00 0.000000e+00 0.000000e+00
    outer loop
      vertex -2.369595e+00 -6.782559e-01 1.425826e+00
      vertex -2.250000e+00 -7.691880e-01 1.526731e+00
      vertex -2.250000e+00 -6.887190e-01 1.425826e+00
    endloop
  endfacet
  facet normal 0.000000e+00 0.000000e+00 0.000000e+00
    outer loop
      vertex -2.369595e+00 -6.782559e-01 1.425826e+00
      vertex -2.250000e+00 -6.887190e-01 1.425826e+00
      vertex -2.364608e+00 -6.499731e-01 1.300000e+00
    endloop
  endfacet
  facet normal 0.000000e+00 0.000000e+00 0.000000e+00
    outer loop
      vertex -2.364608e+00 -6.499731e-01 1.300000e+00
      vertex -2.250000e+00 -6.887190e-01 1.425826e+00
      vertex -2.250000e+00 -6.600000e-01 1.300000e+00
    endloop
  endfacet
  facet normal 0.000000e+00 0.000000e+00 0.000000e+00
    outer loop
      vertex -2.364608e+00 -6.499731e-01 1.300000e+00
      vertex -2.250000e+00 -6.600000e-01 1.300000e+00
      vertex -2.369595e+00 -6.782559e-01 1.174174e+00
    endloop
  endfacet
  facet normal 0.000000e+00 0.000000e+00 0.000000e+00
    outer loop
      vertex -2.369595e+00 -6.782559e-01 1.174174e+00
      vertex -2.250000e+00 -6.600000e-01 1.300000e+00
      vertex -2.250000e+00 -6.887190e-01 1.174174e+00
    endloop
  endfacet
  facet normal 0.000000e+00 0.000000e+00 0.000000e+00
    outer loop
      vertex -2.369595e+00 -6.782559e-01 1.174174e+00
      vertex -2.250000e+00 -6.887190e-01 1.174174e+00
      vertex -2.383568e+00 -7.575023e-01 1.073269e+00
    endloop
  endfacet
  facet normal 0.000000e+00 0.000000e+00 0.000000e+00
    outer loop
      vertex -2.383568e+00 -7.575023e-01 1.073269e+00
      vertex -2.250000e+00 -6.887190e-01 1.174174e+00
      vertex -2.250000e+00 -7.691880e-01 1.073269e+00
    endloop
  endfacet
  facet normal 0.000000e+00 0.000000e+00 0.000000e+00
    outer loop
      vertex -2.383568e+00 -7.575023e-01 1.073269e+00
      vertex -2.250000e+00 -7.691880e-01 1.073269e+00
      vertex -2.403760e+00 -8.720167e-01 1.017271e+00
    endloop
  endfacet
  facet normal 0.000000e+00 0.000000e+00 0.000000e+00
    outer loop
      vertex -2.403760e+00 -8.720167e-01 1.017271e+00
      vertex -2.250000e+00 -7.691880e-01 1.073269e+00
      vertex -2.250000e+00 -8.854689e-01 1.017271e+00
    endloop
  endfacet
  facet normal 0.000000e+00 0.000000e+00 0.000000e+00
    outer loop
      vertex -2.403760e+00 -8.720167e-01 1.017271e+00
      vertex -2.250000e+00 -8.854689e-01 1.017271e+00
      vertex -2.426172e+00 -9.991181e-01 1.017271e+00
    endloop
  endfacet
  facet normal 0.000000e+00 0.000000e+00 0.000000e+00
    outer loop
      vertex -2.426172e+00 -9.991181e-01 1.017271e+00
      vertex -2.250000e+00 -8.854689e-01 1.017271e+00
      vertex -2.250000e+00 -1.014531e+00 1.017271e+00
    endloop
  endfacet
  facet normal 0.000000e+00 0.000000e+00 0.000000e+00
    outer loop
      vertex -2.426172e+00 -9.991181e-01 1.017271e+00
      vertex -2.250000e+00 -1.014531e+00 1.017271e+00
      vertex -2.446363e+00 -1.113632e+00 1.073269e+00
    endloop
  endfacet
  facet normal 0.000000e+00 0.000000e+00 0.000000e+00
    outer loop
      vertex -2.446363e+00 -1.113632e+00 1.073269e+00
      vertex -2.250000e+00 -1.014531e+00 1.017271e+00
      vertex -2.250000e+00 -1.130812e+00 1.073269e+00
    endloop
  endfacet
  facet normal 0.000000e+00 0.000000e+00 0.000000e+00
    outer loop
      vertex -2.446363e+00 -1.113632e+00 1.073269e+00
      vertex -2.250000e+00 -1.130812e+00 1.073269e+00
      vertex -2.460337e+00 -1.192879e+00 1.174174e+00
    endloop
  endfacet
  facet normal 0.000000e+00 0.000000e+00 0.000000e+00
    outer loop
      vertex -2.460337e+00 -1.192879e+00 1.174174e+00
      vertex -2.250000e+00 -1.130812e+00 1.073269e+00
      vertex -2.250000e+00 -1.211281e+00 1.174174e+00
    endloop
  endfacet
  facet normal 0.000000e+00 0.000000e+00 0.000000e+00
    outer loop
      vertex -2.460337e+00 -1.192879e+00 1.174174e+00
      vertex -2.250000e+00 -1.211281e+00 1.174174e+00
      vertex -2.465324e+00 -1.221162e+00 1.300000e+00
    endloop
  endfacet
  facet normal 0.000000e+00 0.000000e+00 0.000000e+00
    outer loop
      vertex -2.465324e+00 -1.221162e+00 1.300000e+00
      vertex -2.250000e+00 -1.211281e+00 1.174174e+00
      vertex -2.250000e+00 -1.240000e+00 1.300000e+00
    endloop
  endfacet
  facet normal 0.000000e+00 0.000000e+00 0.000000e+00
    outer loop
      vertex -2.250000e+00 -1.240000e+00 1.300000e+00
      vertex -2.034676e+00 -1.221162e+00 1.300000e+00
      vertex -2.250000e+00 -1.211281e+00 1.425826e+00
    endloop
  endfacet
  facet normal 0.000000e+00 0.000000e+00 0.000000e+00
    outer loop
      vertex -2.250000e+00 -1.211281e+00 1.425826e+00
      vertex -2.034676e+00 -1.221162e+00 1.300000e+00
      vertex -2.039663e+00 -1.192879e+00 1.425826e+00
    endloop
  endfacet
  facet normal 0.000000e+00 0.000000e+00 0.000000e+00
    outer loop
      vertex -2.250000e+00 -1.211281e+00 1.425826e+00
      vertex -2.039663e+00 -1.192879e+00 1.425826e+00
      vertex -2.250000e+00 -1.130812e+00 1.526731e+00
    endloop
  endfacet
  facet normal 0.000000e+00 0.000000e+00 0.000000e+00
    outer loop
      vertex -2.250000e+00 -1.130812e+00 1.526731e+00
      vertex -2.039663e+00 -1.192879e+00 1.425826e+00
      vertex -2.053637e+00 -1.113632e+00 1.526731e+00
    endloop
  endfacet
  facet normal 0.000000e+00 0.000000e+00 0.000000e+00
    outer loop
      vertex -2.250000e+00 -1.130812e+00 1.526731e+00
      vertex -2.053637e+00 -1.113632e+00 1.526731e+00
      vertex -2.250000e+00 -1.014531e+00 1.582729e+00
    endloop
  endfacet
  facet normal 0.000000e+00 0.000000e+00 0.000000e+00
    outer loop
      vertex -2.250000e+00 -1.014531e+00 1.582729e+00
      vertex -2.053637e+00 -1.113632e+00 1.526731e+00
      vertex -2.073828e+00 -9.991181e-01 1.582729e+00
    endloop
  endfacet
  facet normal 0.000000e+00 0.000000e+00 0.000000e+00
    outer loop
      vertex -2.250000e+00 -1.014531e+00 1.582729e+00
      vertex -2.073828e+00 -9.991181e-01 1.582729e+00
      vertex -2.250000e+00 -8.854689e-01 1.582729e+00
    endloop
  endfacet
  facet normal 0.000000e+00 0.000000e+00 0.000000e+00
    outer loop
      vertex -2.250000e+00 -8.854689e-01 1.582729e+00
      vertex -2.073828e+00 -9.991181e-01 1.582729e+00
      vertex -2.096240e+00 -8.720167e-01 1.582729e+00
    endloop
  endfacet
  facet normal 0.000000e+00 0.000000e+00 0.000000e+00
    outer loop
      vertex -2.250000e+00 -8.854689e-01 1.582729e+00
      vertex -2.096240e+00 -8.720167e-01 1.582729e+00
      vertex -2.250000e+00 -7.691880e-01 1.526731e+00
    endloop
  endfacet
  facet normal 0.000000e+00 0.000000e+00 0.000000e+00
    outer loop
      vertex -2.250000e+00 -7.691880e-01 1.526731e+00
      vertex -2.096240e+00 -8.720167e-01 1.582729e+00
      vertex -2.116432e+00 -7.575023e-01 1.526731e+00
    endloop
  endfacet
  facet normal 0.000000e+00 0.000000e+00 0.000000e+00
    outer loop
      vertex -2.250000e+00 -7.691880e-01 1.526731e+00
      vertex -2.116432e+00 -7.575023e-01 1.526731e+00
      vertex -2.250000e+00 -6.887190e-01 1.425826e+00
    endloop
  endfacet
  facet normal 0.000000e+00 0.000000e+00 0.000000e+00
    outer loop
      vertex -2.250000e+00 -6.887190e-01 1.425826e+00
      vertex -2.116432e+00 -7.575023e-01 1.526731e+00
      vertex -2.130405e+00 -6.782559e-01 1.425826e+00
    endloop
  endfacet
  facet normal 0.000000e+00 0.000000e+00 0.000000e+00
    outer loop
      vertex -2.250000e+00 -6.887190e-01 1.425826e+00
      vertex -2.130405e+00 -6.782559e-01 1.425826e+00
      vertex -2.250000e+00 -6.600000e-01 1.300000e+00
    endloop
  endfacet
  facet normal 0.000000e+00 0.000000e+00 0.000000e+00
    outer loop
      vertex -2.250000e+00 -6.600000e-01 1.300000e+00
      vertex -2.130405e+00 -6.782559e-01 1.425826e+00
      vertex -2.135392e+00 -6.499731e-01 1.300000e+00
    endloop
  endfacet
  facet normal 0.000000e+00 0.000000e+00 0.000000e+00
    outer loop
      vertex -2.250000e+00 -6.600000e-01 1.300000e+00
      vertex -2.135392e+00 -6.499731e-01 1.300000e+00
      vertex -2.250000e+00 -6.887190e-01 1.174174e+00
    endloop
  endfacet
  facet normal 0.000000e+00 0.000000e+00 0.000000e+00
    outer loop
      vertex -2.250000e+00 -6.887190e-01 1.174174e+00
      vertex -2.135392e+00 -6.499731e-01 1.300000e+00
      vertex -2.130405e+00 -6.782559e-01 1.174174e+00
    endloop
  endfacet
  facet normal 0.000000e+00 0.000000e+00 0.000000e+00
    outer loop
      vertex -2.250000e+00 -6.887190e-01 1.174174e+00
      vertex -2.130405e+00 -6.782559e-01 1.174174e+00
      vertex -2.250000e+00 -7.691880e-01 1.073269e+00
    endloop
  endfacet
  facet normal 0.000000e+00 0.000000e+00 0.000000e+00
    outer loop
      vertex -2.250000e+00 -7.691880e-01 1.073269e+00
      vertex -2.130405e+00 -6.782559e-01 1.174174e+00
      vertex -2.116432e+00 -7.575023e-01 1.073269e+00
    endloop
  endfacet
  facet normal 0.000000e+00 0.000000e+00 0.000000e+00
    outer loop
      vertex -2.250000e+00 -7.691880e-01 1.073269e+00
      vertex -2.116432e+00 -7.575023e-01 1.073269e+00
      vertex -2.250000e+00 -8.854689e-01 1.017271e+00
    endloop
  endfacet
  facet normal 0.000000e+00 0.000000e+00 0.000000e+00
    outer loop
      vertex -2.250000e+00 -8.854689e-01 1.017271e+00
      vertex -2.116432e+00 -7.575023e-01 1.073269e+00
      vertex -2.096240e+00 -8.720167e-01 1.017271e+00
    endloop
  endfacet
  facet normal 0.000000e+00 0.000000e+00 0.000000e+00
    outer loop
      vertex -2.250000e+00 -8.854689e-01 1.017271e+00
      vertex -2.096240e+00 -8.720167e-01 1.017271e+00
      vertex -2.250000e+00 -1.014531e+00 1.017271e+00
    endloop
  endfacet
  facet normal 0.000000e+00 0.000000e+00 0.000000e+00
    outer loop
      vertex -2.250000e+00 -1.014531e+00 1.017271e+00
      vertex -2.096240e+00 -8.720167e-01 1.017271e+00
      vertex -2.073828e+00 -9.991181e-01 1.017271e+00
    endloop
  endfacet
  facet normal 0.000000e+00 0.000000e+00 0.000000e+00
    outer loop
      vertex -2.250000e+00 -1.014531e+00 1.017271e+00
      vertex -2.073828e+00 -9.991181e-01 1.017271e+00
      vertex -2.250000e+00 -1.130812e+00 1.073269e+00
    endloop
  endfacet
  facet normal 0.000000e+00 0.000000e+00 0.000000e+00
    outer loop
      vertex -2.250000e+00 -1.130812e+00 1.073269e+00
      vertex -2.073828e+00 -9.991181e-01 1.017271e+00
      vertex -2.053637e+00 -1.113632e+00 1.073269e+00
    endloop
  endfacet
  facet normal 0.000000e+00 0.000000e+00 0.000000e+00
    outer loop
      vertex -2.250000e+00 -1.130812e+00 1.073269e+00
      vertex -2.053637e+00 -1.113632e+00 1.073269e+00
      vertex -2.250000e+00 -1.211281e+00 1.174174e+00
    endloop
  endfacet
  facet normal 0.000000e+00 0.000000e+00 0.000000e+00
    outer loop
      vertex -2.250000e+00 -1.211281e+00 1.174174e+00
      vertex -2.053637e+00 -1.113632e+00 1.073269e+00
      vertex -2.039663e+00 -1.192879e+00 1.174174e+00
    endloop
  endfacet
  facet normal 0.000000e+00 0.000000e+00 0.000000e+00
    outer loop
      vertex -2.250000e+00 -1.211281e+00 1.174174e+00
      vertex -2.039663e+00 -1.192879e+00 1.174174e+00
      vertex -2.250000e+00 -1.240000e+00 1.300000e+00
    endloop
  endfacet
  facet normal 0.000000e+00 0.000000e+00 0.000000e+00
    outer loop
      vertex -2.250000e+00 -1.240000e+00 1.300000e+00
      vertex -2.039663e+00 -1.192879e+00 1.174174e+00
      vertex -2.034676e+00 -1.221162e+00 1.300000e+00
    endloop
  endfacet
  facet normal 0.000000e+00 0.000000e+00 0.000000e+00
    outer loop
      vertex -2.034676e+00 -1.221162e+00 1.300000e+00
      vertex -1.825895e+00 -1.165219e+00 1.300000e+00
      vertex -2.039663e+00 -1.192879e+00 1.425826e+00
    endloop
  endfacet
  facet normal 0.000000e+00 0.000000e+00 0.000000e+00
    outer loop
      vertex -2.039663e+00 -1.192879e+00 1.425826e+00
      vertex -1.825895e+00 -1.165219e+00 1.300000e+00
      vertex -1.835718e+00 -1.138232e+00 1.425826e+00
    endloop
  endfacet
  facet normal 0.000000e+00 0.000000e+00 0.000000e+00
    outer loop
      vertex -2.039663e+00 -1.192879e+00 1.425826e+00
      vertex -1.835718e+00 -1.138232e+00 1.425826e+00
      vertex -2.053637e+00 -1.113632e+00 1.526731e+00
    endloop
  endfacet
  facet normal 0.000000e+00 0.000000e+00 0.000000e+00
    outer loop
      vertex -2.053637e+00 -1.113632e+00 1.526731e+00
      vertex -1.835718e+00 -1.138232e+00 1.425826e+00
      vertex -1.863240e+00 -1.062616e+00 1.526731e+00
    endloop
  endfacet
  facet normal 0.000000e+00 0.000000e+00 0.000000e+00
    outer loop
      vertex -2.053637e+00 -1.113632e+00 1.526731e+00
      vertex -1.863240e+00 -1.062616e+00 1.526731e+00
      vertex -2.073828e+00 -9.991181e-01 1.582729e+00
    endloop
  endfacet
  facet normal 0.000000e+00 0.000000e+00 0.000000e+00
    outer loop
      vertex -2.073828e+00 -9.991181e-01 1.582729e+00
      vertex -1.863240e+00 -1.062616e+00 1.526731e+00
      vertex -1.903010e+00 -9.533474e-01 1.582729e+00
    endloop
  endfacet
  facet normal 0.000000e+00 0.000000e+00 0.000000e+00
    outer loop
      vertex -2.073828e+00 -9.991181e-01 1.582729e+00
      vertex -1.903010e+00 -9.533474e-01 1.582729e+00
      vertex -2.096240e+00 -8.720167e-01 1.582729e+00
    endloop
  endfacet
  facet normal 0.000000e+00 0.000000e+00 0.000000e+00
    outer loop
      vertex -2.096240e+00 -8.720167e-01 1.582729e+00
      vertex -1.903010e+00 -9.533474e-01 1.582729e+00
      vertex -1.947152e+00 -8.320686e-01 1.582729e+00
    endloop
  endfacet
  facet normal 0.000000e+00 0.000000e+00 0.000000e+00
    outer loop
      vertex -2.096240e+00 -8.720167e-01 1.582729e+00
      vertex -1.947152e+00 -8.320686e-01 1.582729e+00
      vertex -2.116432e+00 -7.575023e-01 1.526731e+00
    endloop
  endfacet
  facet normal 0.000000e+00 0.000000e+00 0.000000e+00
    outer loop
      vertex -2.116432e+00 -7.575023e-01 1.526731e+00
      vertex -1.947152e+00 -8.320686e-01 1.582729e+00
      vertex -1.986922e+00 -7.228003e-01 1.526731e+00
    endloop
  endfacet
  facet normal 0.000000e+00 0.000000e+00 0.000000e+00
    outer loop
      vertex -2.116432e+00 -7.575023e-01 1.526731e+00
      vertex -1.986922e+00 -7.228003e-01 1.526731e+00
      vertex -2.130405e+00 -6.782559e-01 1.425826e+00
    endloop
  endfacet
  facet normal 0.000000e+00 0.000000e+00 0.000000e+00
    outer loop
      vertex -2.130405e+00 -6.782559e-01 1.425826e+00
      vertex -1.986922e+00 -7.228003e-01 1.526731e+00
      vertex -2.014444e+00 -6.471842e-01 1.425826e+00
    endloop
  endfacet
  facet normal 0.000000e+00 0.000000e+00 0.000000e+00
    outer loop
      vertex -2.130405e+00 -6.782559e-01 1.425826e+00
      vertex -2.014444e+00 -6.471842e-01 1.425826e+00
      vertex -2.135392e+00 -6.499731e-01 1.300000e+00
    endloop
  endfacet
  facet normal 0.000000e+00 0.000000e+00 0.000000e+00
    outer loop
      vertex -2.135392e+00 -6.499731e-01 1.300000e+00
      vertex -2.014444e+00 -6.471842e-01 1.425826e+00
      vertex -2.024267e+00 -6.201971e-01 1.300000e+00
    endloop
  endfacet
  facet normal 0.000000e+00 0.000000e+00 0.000000e+00
    outer loop
      vertex -2.135392e+00 -6.499731e-01 1.300000e+00
      vertex -2.024267e+00 -6.201971e-01 1.300000e+00
      vertex -2.130405e+00 -6.782559e-01 1.174174e+00
    endloop
  endfacet
  facet normal 0.000000e+00 0.000000e+00 0.000000e+00
    outer loop
      vertex -2.130405e+00 -6.782559e-01 1.174174e+00
      vertex -2.024267e+00 -6.201971e-01 1.300000e+00
      vertex -2.014444e+00 -6.471842e-01 1.174174e+00
    endloop
  endfacet
  facet normal 0.000000e+00 0.000000e+00 0.000000e+00
    outer loop
      vertex -2.130405e+00 -6.782559e-01 1.174174e+00
      vertex -2.014444e+00 -6.471842e-01 1.174174e+00
      vertex -2.116432e+00 -7.575023e-01 1.073269e+00
    endloop
  endfacet
  facet normal 0.000000e+00 0.000000e+00 0.000000e+00
    outer loop
      vertex -2.116432e+00 -7.575023e-01 1.073269e+00
      vertex -2.014444e+00 -6.471842e-01 1.174174e+00
      vertex -1.986922e+00 -7.228003e-01 1.073269e+00
    endloop
  endfacet
  facet normal 0.000000e+00 0.000000e+00 0.000000e+00
    outer loop
      vertex -2.116432e+00 -7.575023e-01 1.073269e+00
      vertex -1.986922e+00 -7.228003e-01 1.073269e+00
      vertex -2.096240e+00 -8.720167e-01 1.017271e+00
    endloop
  endfacet
  facet normal 0.000000e+00 0.000000e+00 0.000000e+00
    outer loop
      vertex -2.096240e+00 -8.720167e-01 1.017271e+00
      vertex -1.986922e+00 -7.228003e-01 1.073269e+00
      vertex -1.947152e+00 -8.320686e-01 1.017271e+00
    endloop
  endfacet
  facet normal 0.000000e+00 0.000000e+00 0.000000e+00
    outer loop
      vertex -2.096240e+00 -8.720167e-01 1.017271e+00
      vertex -1.947152e+00 -8.320686e-01 1.017271e+00
      vertex -2.073828e+00 -9.991181e-01 1.017271e+00
    endloop
  endfacet
  facet normal 0.000000e+00 0.000000e+00 0.000000e+00
    outer loop
      vertex -2.073828e+00 -9.991181e-01 1.017271e+00
      vertex -1.947152e+00 -8.320686e-01 1.017271e+00
      vertex -1.903010e+00 -9.533474e-01 1.017271e+00
    endloop
  endfacet
  facet normal 0.000000e+00 0.000000e+00 0.000000e+00
    outer loop
      vertex -2.073828e+00 -9.991181e-01 1.017271e+00
      vertex -1.903010e+00 -9.533474e-01 1.017271e+00
      vertex -2.053637e+00 -1.113632e+00 1.073269e+00
    endloop
  endfacet
  facet normal 0.000000e+00 0.000000e+00 0.000000e+00
    outer loop
      vertex -2.053637e+00 -1.113632e+00 1.073269e+00
      vertex -1.903010e+00 -9.533474e-01 1.017271e+00
      vertex -1.863240e+00 -1.062616e+00 1.073269e+00
    endloop
  endfacet
  facet normal 0.000000e+00 0.000000e+00 0.000000e+00
    outer loop
      vertex -2.053637e+00 -1.113632e+00 1.073269e+00
      vertex -1.863240e+00 -1.062616e+00 1.073269e+00
      vertex -2.039663e+00 -1.192879e+00 1.174174e+00
    endloop
  endfacet
  facet normal 0.000000e+00 0.000000e+00 0.000000e+00
    outer loop
      vertex -2.039663e+00 -1.192879e+00 1.174174e+00
      vertex -1.863240e+00 -1.062616e+00 1.073269e+00
      vertex -1.835718e+00 -1.138232e+00 1.174174e+00
    endloop
  endfacet
  facet normal 0.000000e+00 0.000000e+00 0.000000e+00
    outer loop
      vertex -2.039663e+00 -1.192879e+00 1.174174e+00
      vertex -1.835718e+00 -1.138232e+00 1.174174e+00
      vertex -2.034676e+00 -1.221162e+00 1.300000e+00
    endloop
  endfacet
  facet normal 0.000000e+00 0.000000e+00 0.000000e+00
    outer loop
      vertex -2.034676e+00 -1.221162e+00 1.300000e+00
      vertex -1.835718e+00 -1.138232e+00 1.174174e+00
      vertex -1.825895e+00 -1.165219e+00 1.300000e+00
    endloop
  endfacet
  facet normal 0.000000e+00 0.000000e+00 0.000000e+00
    outer loop
      vertex -1.825895e+00 -1.165219e+00 1.300000e+00
      vertex -1.630000e+00 -1.073871e+00 1.300000e+00
      vertex -1.835718e+00 -1.138232e+00 1.425826e+00
    endloop
  endfacet
  facet normal 0.000000e+00 0.000000e+00 0.000000e+00
    outer loop
      vertex -1.835718e+00 -1.138232e+00 1.425826e+00
      vertex -1.630000e+00 -1.073871e+00 1.300000e+00
      vertex -1.644359e+00 -1.049000e+00 1.425826e+00
    endloop
  endfacet
  facet normal 0.000000e+00 0.000000e+00 0.000000e+00
    outer loop
      vertex -1.835718e+00 -1.138232e+00 1.425826e+00
      vertex -1.644359e+00 -1.049000e+00 1.425826e+00
      vertex -1.863240e+00 -1.062616e+00 1.526731e+00
    endloop
  endfacet
  facet normal 0.000000e+00 0.000000e+00 0.000000e+00
    outer loop
      vertex -1.863240e+00 -1.062616e+00 1.526731e+00
      vertex -1.644359e+00 -1.049000e+00 1.425826e+00
      vertex -1.684594e+00 -9.793119e-01 1.526731e+00
    endloop
  endfacet
  facet normal 0.000000e+00 0.000000e+00 0.000000e+00
    outer loop
      vertex -1.863240e+00 -1.062616e+00 1.526731e+00
      vertex -1.684594e+00 -9.793119e-01 1.526731e+00
      vertex -1.903010e+00 -9.533474e-01 1.582729e+00
    endloop
  endfacet
  facet normal 0.000000e+00 0.000000e+00 0.000000e+00
    outer loop
      vertex -1.903010e+00 -9.533474e-01 1.582729e+00
      vertex -1.684594e+00 -9.793119e-01 1.526731e+00
      vertex -1.742734e+00 -8.786097e-01 1.582729e+00
    endloop
  endfacet
  facet normal 0.000000e+00 0.000000e+00 0.000000e+00
    outer loop
      vertex -1.903010e+00 -9.533474e-01 1.582729e+00
      vertex -1.742734e+00 -8.786097e-01 1.582729e+00
      vertex -1.947152e+00 -8.320686e-01 1.582729e+00
    endloop
  endfacet
  facet normal 0.000000e+00 0.000000e+00 0.000000e+00
    outer loop
      vertex -1.947152e+00 -8.320686e-01 1.582729e+00
      vertex -1.742734e+00 -8.786097e-01 1.582729e+00
      vertex -1.807266e+00 -7.668386e-01 1.582729e+00
    endloop
  endfacet
  facet normal 0.000000e+00 0.000000e+00 0.000000e+00
    outer loop
      vertex -1.947152e+00 -8.320686e-01 1.582729e+00
      vertex -1.807266e+00 -7.668386e-01 1.582729e+00
      vertex -1.986922e+00 -7.228003e-01 1.526731e+00
    endloop
  endfacet
  facet normal 0.000000e+00 0.000000e+00 0.000000e+00
    outer loop
      vertex -1.986922e+00 -7.228003e-01 1.526731e+00
      vertex -1.807266e+00 -7.668386e-01 1.582729e+00
      vertex -1.865406e+00 -6.661363e-01 1.526731e+00
    endloop
  endfacet
  facet normal 0.000000e+00 0.000000e+00 0.000000e+00
    outer loop
      vertex -1.986922e+00 -7.228003e-01 1.526731e+00
      vertex -1.865406e+00 -6.661363e-01 1.526731e+00
      vertex -2.014444e+00 -6.471842e-01 1.425826e+00
    endloop
  endfacet
  facet normal 0.000000e+00 0.000000e+00 0.000000e+00
    outer loop
      vertex -2.014444e+00 -6.471842e-01 1.425826e+00
      vertex -1.865406e+00 -6.661363e-01 1.526731e+00
      vertex -1.905640e+00 -5.964482e-01 1.425826e+00
    endloop
  endfacet
  facet normal 0.000000e+00 0.000000e+00 0.000000e+00
    outer loop
      vertex -2.014444e+00 -6.471842e-01 1.425826e+00
      vertex -1.905640e+00 -5.964482e-01 1.425826e+00
      vertex -2.024267e+00 -6.201971e-01 1.300000e+00
    endloop
  endfacet
  facet normal 0.000000e+00 0.000000e+00 0.000000e+00
    outer loop
      vertex -2.024267e+00 -6.201971e-01 1.300000e+00
      vertex -1.905640e+00 -5.964482e-01 1.425826e+00
      vertex -1.920000e+00 -5.715768e-01 1.300000e+00
    endloop
  endfacet
  facet normal 0.000000e+00 0.000000e+00 0.000000e+00
    outer loop
      vertex -2.024267e+00 -6.201971e-01 1.300000e+00
      vertex -1.920000e+00 -5.715768e-01 1.300000e+00
      vertex -2.014444e+00 -6.471842e-01 1.174174e+00
    endloop
  endfacet
  facet normal 0.000000e+00 0.000000e+00 0.000000e+00
    outer loop
      vertex -2.014444e+00 -6.471842e-01 1.174174e+00
      vertex -1.920000e+00 -5.715768e-01 1.300000e+00
      vertex -1.905640e+00 -5.964482e-01 1.174174e+00
    endloop
  endfacet
  facet normal 0.000000e+00 0.000000e+00 0.000000e+00
    outer loop
      vertex -2.014444e+00 -6.471842e-01 1.174174e+00
      vertex -1.905640e+00 -5.964482e-01 1.174174e+00
      vertex -1.986922e+00 -7.228003e-01 1.073269e+00
    endloop
  endfacet
  facet normal 0.000000e+00 0.000000e+00 0.000000e+00
    outer loop
      vertex -1.986922e+00 -7.228003e-01 1.073269e+00
      vertex -1.905640e+00 -5.964482e-01 1.174174e+00
      vertex -1.865406e+00 -6.661363e-01 1.073269e+00
    endloop
  endfacet
  facet normal 0.000000e+00 0.000000e+00 0.000000e+00
    outer loop
      vertex -1.986922e+00 -7.228003e-01 1.073269e+00
      vertex -1.865406e+00 -6.661363e-01 1.073269e+00
      vertex -1.947152e+00 -8.320686e-01 1.017271e+00
    endloop
  endfacet
  facet normal 0.000000e+00 0.000000e+00 0.000000e+00
    outer loop
      vertex -1.947152e+00 -8.320686e-01 1.017271e+00
      vertex -1.865406e+00 -6.661363e-01 1.073269e+00
      vertex -1.807266e+00 -7.668386e-01 1.017271e+00
    endloop
  endfacet
  facet normal 0.000000e+00 0.000000e+00 0.000000e+00
    outer loop
      vertex -1.947152e+00 -8.320686e-01 1.017271e+00
      vertex -1.807266e+00 -7.668386e-01 1.017271e+00
      vertex -1.903010e+00 -9.533474e-01 1.017271e+00
    endloop
  endfacet
  facet normal 0.000000e+00 0.000000e+00 0.000000e+00
    outer loop
      vertex -1.903010e+00 -9.533474e-01 1.017271e+00
      vertex -1.807266e+00 -7.668386e-01 1.017271e+00
      vertex -1.742734e+00 -8.786097e-01 1.017271e+00
    endloop
  endfacet
  facet normal 0.000000e+00 0.000000e+00 0.000000e+00
    outer loop
      vertex -1.903010e+00 -9.533474e-01 1.017271e+00
      vertex -1.742734e+00 -8.786097e-01 1.017271e+00
      vertex -1.863240e+00 -1.062616e+00 1.073269e+00
    endloop
  endfacet
  facet normal 0.000000e+00 0.000000e+00 0.000000e+00
    outer loop
      vertex -1.863240e+00 -1.062616e+00 1.073269e+00
      vertex -1.742734e+00 -8.786097e-01 1.017271e+00
      vertex -1.684594e+00 -9.793119e-01 1.073269e+00
    endloop
  endfacet
  facet normal 0.000000e+00 0.000000e+00 0.000000e+00
    outer loop
      vertex -1.863240e+00 -1.062616e+00 1.073269e+00
      vertex -1.684594e+00 -9.793119e-01 1.073269e+00
      vertex -1.835718e+00 -1.138232e+00 1.174174e+00
    endloop
  endfacet
  facet normal 0.000000e+00 0.000000e+00 0.000000e+00
    outer loop
      vertex -1.835718e+00 -1.138232e+00 1.174174e+00
      vertex -1.684594e+00 -9.793119e-01 1.073269e+00
      vertex -1.644359e+00 -1.049000e+00 1.174174e+00
    endloop
  endfacet
  facet normal 0.000000e+00 0.000000e+00 0.000000e+00
    outer loop
      vertex -1.835718e+00 -1.138232e+00 1.174174e+00
      vertex -1.644359e+00 -1.049000e+00 1.174174e+00
      vertex -1.825895e+00 -1.165219e+00 1.300000e+00
    endloop
  endfacet
  facet normal 0.000000e+00 0.000000e+00 0.000000e+00
    outer loop
      vertex -1.825895e+00 -1.165219e+00 1.300000e+00
      vertex -1.644359e+00 -1.049000e+00 1.174174e+00
      vertex -1.630000e+00 -1.073871e+00 1.300000e+00
    endloop
  endfacet
  facet normal 0.000000e+00 0.000000e+00 0.000000e+00
    outer loop
      vertex -1.630000e+00 -1.073871e+00 1.300000e+00
      vertex -1.452943e+00 -9.498951e-01 1.300000e+00
      vertex -1.644359e+00 -1.049000e+00 1.425826e+00
    endloop
  endfacet
  facet normal 0.000000e+00 0.000000e+00 0.000000e+00
    outer loop
      vertex -1.644359e+00 -1.049000e+00 1.425826e+00
      vertex -1.452943e+00 -9.498951e-01 1.300000e+00
      vertex -1.471404e+00 -9.278951e-01 1.425826e+00
    endloop
  endfacet
  facet normal 0.000000e+00 0.000000e+00 0.000000e+00
    outer loop
      vertex -1.644359e+00 -1.049000e+00 1.425826e+00
      vertex -1.471404e+00 -9.278951e-01 1.425826e+00
      vertex -1.684594e+00 -9.793119e-01 1.526731e+00
    endloop
  endfacet
  facet normal 0.000000e+00 0.000000e+00 0.000000e+00
    outer loop
      vertex -1.684594e+00 -9.793119e-01 1.526731e+00
      vertex -1.471404e+00 -9.278951e-01 1.425826e+00
      vertex -1.523128e+00 -8.662523e-01 1.526731e+00
    endloop
  endfacet
  facet normal 0.000000e+00 0.000000e+00 0.000000e+00
    outer loop
      vertex -1.684594e+00 -9.793119e-01 1.526731e+00
      vertex -1.523128e+00 -8.662523e-01 1.526731e+00
      vertex -1.742734e+00 -8.786097e-01 1.582729e+00
    endloop
  endfacet
  facet normal 0.000000e+00 0.000000e+00 0.000000e+00
    outer loop
      vertex -1.742734e+00 -8.786097e-01 1.582729e+00
      vertex -1.523128e+00 -8.662523e-01 1.526731e+00
      vertex -1.597872e+00 -7.771759e-01 1.582729e+00
    endloop
  endfacet
  facet normal 0.000000e+00 0.000000e+00 0.000000e+00
    outer loop
      vertex -1.742734e+00 -8.786097e-01 1.582729e+00
      vertex -1.597872e+00 -7.771759e-01 1.582729e+00
      vertex -1.807266e+00 -7.668386e-01 1.582729e+00
    endloop
  endfacet
  facet normal 0.000000e+00 0.000000e+00 0.000000e+00
    outer loop
      vertex -1.807266e+00 -7.668386e-01 1.582729e+00
      vertex -1.597872e+00 -7.771759e-01 1.582729e+00
      vertex -1.680832e+00 -6.783085e-01 1.582729e+00
    endloop
  endfacet
  facet normal 0.000000e+00 0.000000e+00 0.000000e+00
    outer loop
      vertex -1.807266e+00 -7.668386e-01 1.582729e+00
      vertex -1.680832e+00 -6.783085e-01 1.582729e+00
      vertex -1.865406e+00 -6.661363e-01 1.526731e+00
    endloop
  endfacet
  facet normal 0.000000e+00 0.000000e+00 0.000000e+00
    outer loop
      vertex -1.865406e+00 -6.661363e-01 1.526731e+00
      vertex -1.680832e+00 -6.783085e-01 1.582729e+00
      vertex -1.755576e+00 -5.892321e-01 1.526731e+00
    endloop
  endfacet
  facet normal 0.000000e+00 0.000000e+00 0.000000e+00
    outer loop
      vertex -1.865406e+00 -6.661363e-01 1.526731e+00
      vertex -1.755576e+00 -5.892321e-01 1.526731e+00
      vertex -1.905640e+00 -5.964482e-01 1.425826e+00
    endloop
  endfacet
  facet normal 0.000000e+00 0.000000e+00 0.000000e+00
    outer loop
      vertex -1.905640e+00 -5.964482e-01 1.425826e+00
      vertex -1.755576e+00 -5.892321e-01 1.526731e+00
      vertex -1.807300e+00 -5.275894e-01 1.425826e+00
    endloop
  endfacet
  facet normal 0.000000e+00 0.000000e+00 0.000000e+00
    outer loop
      vertex -1.905640e+00 -5.964482e-01 1.425826e+00
      vertex -1.807300e+00 -5.275894e-01 1.425826e+00
      vertex -1.920000e+00 -5.715768e-01 1.300000e+00
    endloop
  endfacet
  facet normal 0.000000e+00 0.000000e+00 0.000000e+00
    outer loop
      vertex -1.920000e+00 -5.715768e-01 1.300000e+00
      vertex -1.807300e+00 -5.275894e-01 1.425826e+00
      vertex -1.825760e+00 -5.055893e-01 1.300000e+00
    endloop
  endfacet
  facet normal 0.000000e+00 0.000000e+00 0.000000e+00
    outer loop
      vertex -1.920000e+00 -5.715768e-01 1.300000e+00
      vertex -1.825760e+00 -5.055893e-01 1.300000e+00
      vertex -1.905640e+00 -5.964482e-01 1.174174e+00
    endloop
  endfacet
  facet normal 0.000000e+00 0.000000e+00 0.000000e+00
    outer loop
      vertex -1.905640e+00 -5.964482e-01 1.174174e+00
      vertex -1.825760e+00 -5.055893e-01 1.300000e+00
      vertex -1.807300e+00 -5.275894e-01 1.174174e+00
    endloop
  endfacet
  facet normal 0.000000e+00 0.000000e+00 0.000000e+00
    outer loop
      vertex -1.905640e+00 -5.964482e-01 1.174174e+00
      vertex -1.807300e+00 -5.275894e-01 1.174174e+00
      vertex -1.865406e+00 -6.661363e-01 1.073269e+00
    endloop
  endfacet
  facet normal 0.000000e+00 0.000000e+00 0.000000e+00
    outer loop
      vertex -1.865406e+00 -6.661363e-01 1.073269e+00
      vertex -1.807300e+00 -5.275894e-01 1.174174e+00
      vertex -1.755576e+00 -5.892321e-01 1.073269e+00
    endloop
  endfacet
  facet normal 0.000000e+00 0.000000e+00 0.000000e+00
    outer loop
      vertex -1.865406e+00 -6.661363e-01 1.073269e+00
      vertex -1.755576e+00 -5.892321e-01 1.073269e+00
      vertex -1.807266e+00 -7.668386e-01 1.017271e+00
    endloop
  endfacet
  facet normal 0.000000e+00 0.000000e+00 0.000000e+00
    outer loop
      vertex -1.807266e+00 -7.668386e-01 1.017271e+00
      vertex -1.755576e+00 -5.892321e-01 1.073269e+00
      vertex -1.680832e+00 -6.783085e-01 1.017271e+00
    endloop
  endfacet
  facet normal 0.000000e+00 0.000000e+00 0.000000e+00
    outer loop
      vertex -1.807266e+00 -7.668386e-01 1.017271e+00
      vertex -1.680832e+00 -6.783085e-01 1.017271e+00
      vertex -1.742734e+00 -8.786097e-01 1.017271e+00
    endloop
  endfacet
  facet normal 0.000000e+00 0.000000e+00 0.000000e+00
    outer loop
      vertex -1.742734e+00 -8.786097e-01 1.017271e+00
      vertex -1.680832e+00 -6.783085e-01 1.017271e+00
      vertex -1.597872e+00 -7.771759e-01 1.017271e+00
    endloop
  endfacet
  facet normal 0.000000e+00 0.000000e+00 0.000000e+00
    outer loop
      vertex -1.742734e+00 -8.786097e-01 1.017271e+00
      vertex -1.597872e+00 -7.771759e-01 1.017271e+00
      vertex -1.684594e+00 -9.793119e-01 1.073269e+00
    endloop
  endfacet
  facet normal 0.000000e+00 0.000000e+00 0.000000e+00
    outer loop
      vertex -1.684594e+00 -9.793119e-01 1.073269e+00
      vertex -1.597872e+00 -7.771759e-01 1.017271e+00
      vertex -1.523128e+00 -8.662523e-01 1.073269e+00
    endloop
  endfacet
  facet normal 0.000000e+00 0.000000e+00 0.000000e+00
    outer loop
      vertex -1.684594e+00 -9.793119e-01 1.073269e+00
      vertex -1.523128e+00 -8.662523e-01 1.073269e+00
      vertex -1.644359e+00 -1.049000e+00 1.174174e+00
    endloop
  endfacet
  facet normal 0.000000e+00 0.000000e+00 0.000000e+00
    outer loop
      vertex -1.644359e+00 -1.049000e+00 1.174174e+00
      vertex -1.523128e+00 -8.662523e-01 1.073269e+00
      vertex -1.471404e+00 -9.278951e-01 1.174174e+00
    endloop
  endfacet
  facet normal 0.000000e+00 0.000000e+00 0.000000e+00
    outer loop
      vertex -1.644359e+00 -1.049000e+00 1.174174e+00
      vertex -1.471404e+00 -9.278951e-01 1.174174e+00
      vertex -1.630000e+00 -1.073871e+00 1.300000e+00
    endloop
  endfacet
  facet normal 0.000000e+00 0.000000e+00 0.000000e+00
    outer loop
      vertex -1.630000e+00 -1.073871e+00 1.300000e+00
      vertex -1.471404e+00 -9.278951e-01 1.174174e+00
      vertex -1.452943e+00 -9.498951e-01 1.300000e+00
    endloop
  endfacet
  facet normal 0.000000e+00 0.000000e+00 0.000000e+00
    outer loop
      vertex -1.452943e+00 -9.498951e-01 1.300000e+00
      vertex -1.300105e+00 -7.970566e-01 1.300000e+00
      vertex -1.471404e+00 -9.278951e-01 1.425826e+00
    endloop
  endfacet
  facet normal 0.000000e+00 0.000000e+00 0.000000e+00
    outer loop
      vertex -1.471404e+00 -9.278951e-01 1.425826e+00
      vertex -1.300105e+00 -7.970566e-01 1.300000e+00
      vertex -1.322105e+00 -7.785964e-01 1.425826e+00
    endloop
  endfacet
  facet normal 0.000000e+00 0.000000e+00 0.000000e+00
    outer loop
      vertex -1.471404e+00 -9.278951e-01 1.425826e+00
      vertex -1.322105e+00 -7.785964e-01 1.425826e+00
      vertex -1.523128e+00 -8.662523e-01 1.526731e+00
    endloop
  endfacet
  facet normal 0.000000e+00 0.000000e+00 0.000000e+00
    outer loop
      vertex -1.523128e+00 -8.662523e-01 1.526731e+00
      vertex -1.322105e+00 -7.785964e-01 1.425826e+00
      vertex -1.383748e+00 -7.268720e-01 1.526731e+00
    endloop
  endfacet
  facet normal 0.000000e+00 0.000000e+00 0.000000e+00
    outer loop
      vertex -1.523128e+00 -8.662523e-01 1.526731e+00
      vertex -1.383748e+00 -7.268720e-01 1.526731e+00
      vertex -1.597872e+00 -7.771759e-01 1.582729e+00
    endloop
  endfacet
  facet normal 0.000000e+00 0.000000e+00 0.000000e+00
    outer loop
      vertex -1.597872e+00 -7.771759e-01 1.582729e+00
      vertex -1.383748e+00 -7.268720e-01 1.526731e+00
      vertex -1.472824e+00 -6.521280e-01 1.582729e+00
    endloop
  endfacet
  facet normal 0.000000e+00 0.000000e+00 0.000000e+00
    outer loop
      vertex -1.597872e+00 -7.771759e-01 1.582729e+00
      vertex -1.472824e+00 -6.521280e-01 1.582729e+00
      vertex -1.680832e+00 -6.783085e-01 1.582729e+00
    endloop
  endfacet
  facet normal 0.000000e+00 0.000000e+00 0.000000e+00
    outer loop
      vertex -1.680832e+00 -6.783085e-01 1.582729e+00
      vertex -1.472824e+00 -6.521280e-01 1.582729e+00
      vertex -1.571691e+00 -5.691684e-01 1.582729e+00
    endloop
  endfacet
  facet normal 0.000000e+00 0.000000e+00 0.000000e+00
    outer loop
      vertex -1.680832e+00 -6.783085e-01 1.582729e+00
      vertex -1.571691e+00 -5.691684e-01 1.582729e+00
      vertex -1.755576e+00 -5.892321e-01 1.526731e+00
    endloop
  endfacet
  facet normal 0.000000e+00 0.000000e+00 0.000000e+00
    outer loop
      vertex -1.755576e+00 -5.892321e-01 1.526731e+00
      vertex -1.571691e+00 -5.691684e-01 1.582729e+00
      vertex -1.660768e+00 -4.944245e-01 1.526731e+00
    endloop
  endfacet
  facet normal 0.000000e+00 0.000000e+00 0.000000e+00
    outer loop
      vertex -1.755576e+00 -5.892321e-01 1.526731e+00
      vertex -1.660768e+00 -4.944245e-01 1.526731e+00
      vertex -1.807300e+00 -5.275894e-01 1.425826e+00
    endloop
  endfacet
  facet normal 0.000000e+00 0.000000e+00 0.000000e+00
    outer loop
      vertex -1.807300e+00 -5.275894e-01 1.425826e+00
      vertex -1.660768e+00 -4.944245e-01 1.526731e+00
      vertex -1.722411e+00 -4.427001e-01 1.425826e+00
    endloop
  endfacet
  facet normal 0.000000e+00 0.000000e+00 0.000000e+00
    outer loop
      vertex -1.807300e+00 -5.275894e-01 1.425826e+00
      vertex -1.722411e+00 -4.427001e-01 1.425826e+00
      vertex -1.825760e+00 -5.055893e-01 1.300000e+00
    endloop
  endfacet
  facet normal 0.000000e+00 0.000000e+00 0.000000e+00
    outer loop
      vertex -1.825760e+00 -5.055893e-01 1.300000e+00
      vertex -1.722411e+00 -4.427001e-01 1.425826e+00
      vertex -1.744411e+00 -4.242398e-01 1.300000e+00
    endloop
  endfacet
  facet normal 0.000000e+00 0.000000e+00 0.000000e+00
    outer loop
      vertex -1.825760e+00 -5.055893e-01 1.300000e+00
      vertex -1.744411e+00 -4.242398e-01 1.300000e+00
      vertex -1.807300e+00 -5.275894e-01 1.174174e+00
    endloop
  endfacet
  facet normal 0.000000e+00 0.000000e+00 0.000000e+00
    outer loop
      vertex -1.807300e+00 -5.275894e-01 1.174174e+00
      vertex -1.744411e+00 -4.242398e-01 1.300000e+00
      vertex -1.722411e+00 -4.427001e-01 1.174174e+00
    endloop
  endfacet
  facet normal 0.000000e+00 0.000000e+00 0.000000e+00
    outer loop
      vertex -1.807300e+00 -5.275894e-01 1.174174e+00
      vertex -1.722411e+00 -4.427001e-01 1.174174e+00
      vertex -1.755576e+00 -5.892321e-01 1.073269e+00
    endloop
  endfacet
  facet normal 0.000000e+00 0.000000e+00 0.000000e+00
    outer loop
      vertex -1.755576e+00 -5.892321e-01 1.073269e+00
      vertex -1.722411e+00 -4.427001e-01 1.174174e+00
      vertex -1.660768e+00 -4.944245e-01 1.073269e+00
    endloop
  endfacet
  facet normal 0.000000e+00 0.000000e+00 0.000000e+00
    outer loop
      vertex -1.755576e+00 -5.892321e-01 1.073269e+00
      vertex -1.660768e+00 -4.944245e-01 1.073269e+00
      vertex -1.680832e+00 -6.783085e-01 1.017271e+00
    endloop
  endfacet
  facet normal 0.000000e+00 0.000000e+00 0.000000e+00
    outer loop
      vertex -1.680832e+00 -6.783085e-01 1.017271e+00
      vertex -1.660768e+00 -4.944245e-01 1.073269e+00
      vertex -1.571691e+00 -5.691684e-01 1.017271e+00
    endloop
  endfacet
  facet normal 0.000000e+00 0.000000e+00 0.000000e+00
    outer loop
      vertex -1.680832e+00 -6.783085e-01 1.017271e+00
      vertex -1.571691e+00 -5.691684e-01 1.017271e+00
      vertex -1.597872e+00 -7.771759e-01 1.017271e+00
    endloop
  endfacet
  facet normal 0.000000e+00 0.000000e+00 0.000000e+00
    outer loop
      vertex -1.597872e+00 -7.771759e-01 1.017271e+00
      vertex -1.571691e+00 -5.691684e-01 1.017271e+00
      vertex -1.472824e+00 -6.521280e-01 1.017271e+00
    endloop
  endfacet
  facet normal 0.000000e+00 0.000000e+00 0.000000e+00
    outer loop
      vertex -1.597872e+00 -7.771759e-01 1.017271e+00
      vertex -1.472824e+00 -6.521280e-01 1.017271e+00
      vertex -1.523128e+00 -8.662523e-01 1.073269e+00
    endloop
  endfacet
  facet normal 0.000000e+00 0.000000e+00 0.000000e+00
    outer loop
      vertex -1.523128e+00 -8.662523e-01 1.073269e+00
      vertex -1.472824e+00 -6.521280e-01 1.017271e+00
      vertex -1.383748e+00 -7.268720e-01 1.073269e+00
    endloop
  endfacet
  facet normal 0.000000e+00 0.000000e+00 0.000000e+00
    outer loop
      vertex -1.523128e+00 -8.662523e-01 1.073269e+00
      vertex -1.383748e+00 -7.268720e-01 1.073269e+00
      vertex -1.471404e+00 -9.278951e-01 1.174174e+00
    endloop
  endfacet
  facet normal 0.000000e+00 0.000000e+00 0.000000e+00
    outer loop
      vertex -1.471404e+00 -9.278951e-01 1.174174e+00
      vertex -1.383748e+00 -7.268720e-01 1.073269e+00
      vertex -1.322105e+00 -7.785964e-01 1.174174e+00
    endloop
  endfacet
  facet normal 0.000000e+00 0.000000e+00 0.000000e+00
    outer loop
      vertex -1.471404e+00 -9.278951e-01 1.174174e+00
      vertex -1.322105e+00 -7.785964e-01 1.174174e+00
      vertex -1.452943e+00 -9.498951e-01 1.300000e+00
    endloop
  endfacet
  facet normal 0.000000e+00 0.000000e+00 0.000000e+00
    outer loop
      vertex -1.452943e+00 -9.498951e-01 1.300000e+00
      vertex -1.322105e+00 -7.785964e-01 1.174174e+00
      vertex -1.300105e+00 -7.970566e-01 1.300000e+00
    endloop
  endfacet
  facet normal 0.000000e+00 0.000000e+00 0.000000e+00
    outer loop
      vertex -1.300105e+00 -7.970566e-01 1.300000e+00
      vertex -1.176129e+00 -6.200000e-01 1.300000e+00
      vertex -1.322105e+00 -7.785964e-01 1.425826e+00
    endloop
  endfacet
  facet normal 0.000000e+00 0.000000e+00 0.000000e+00
    outer loop
      vertex -1.322105e+00 -7.785964e-01 1.425826e+00
      vertex -1.176129e+00 -6.200000e-01 1.300000e+00
      vertex -1.201000e+00 -6.056405e-01 1.425826e+00
    endloop
  endfacet
  facet normal 0.000000e+00 0.000000e+00 0.000000e+00
    outer loop
      vertex -1.322105e+00 -7.785964e-01 1.425826e+00
      vertex -1.201000e+00 -6.056405e-01 1.425826e+00
      vertex -1.383748e+00 -7.268720e-01 1.526731e+00
    endloop
  endfacet
  facet normal 0.000000e+00 0.000000e+00 0.000000e+00
    outer loop
      vertex -1.383748e+00 -7.268720e-01 1.526731e+00
      vertex -1.201000e+00 -6.056405e-01 1.425826e+00
      vertex -1.270688e+00 -5.654060e-01 1.526731e+00
    endloop
  endfacet
  facet normal 0.000000e+00 0.000000e+00 0.000000e+00
    outer loop
      vertex -1.383748e+00 -7.268720e-01 1.526731e+00
      vertex -1.270688e+00 -5.654060e-01 1.526731e+00
      vertex -1.472824e+00 -6.521280e-01 1.582729e+00
    endloop
  endfacet
  facet normal 0.000000e+00 0.000000e+00 0.000000e+00
    outer loop
      vertex -1.472824e+00 -6.521280e-01 1.582729e+00
      vertex -1.270688e+00 -5.654060e-01 1.526731e+00
      vertex -1.371390e+00 -5.072655e-01 1.582729e+00
    endloop
  endfacet
  facet normal 0.000000e+00 0.000000e+00 0.000000e+00
    outer loop
      vertex -1.472824e+00 -6.521280e-01 1.582729e+00
      vertex -1.371390e+00 -5.072655e-01 1.582729e+00
      vertex -1.571691e+00 -5.691684e-01 1.582729e+00
    endloop
  endfacet
  facet normal 0.000000e+00 0.000000e+00 0.000000e+00
    outer loop
      vertex -1.571691e+00 -5.691684e-01 1.582729e+00
      vertex -1.371390e+00 -5.072655e-01 1.582729e+00
      vertex -1.483161e+00 -4.427345e-01 1.582729e+00
    endloop
  endfacet
  facet normal 0.000000e+00 0.000000e+00 0.000000e+00
    outer loop
      vertex -1.571691e+00 -5.691684e-01 1.582729e+00
      vertex -1.483161e+00 -4.427345e-01 1.582729e+00
      vertex -1.660768e+00 -4.944245e-01 1.526731e+00
    endloop
  endfacet
  facet normal 0.000000e+00 0.000000e+00 0.000000e+00
    outer loop
      vertex -1.660768e+00 -4.944245e-01 1.526731e+00
      vertex -1.483161e+00 -4.427345e-01 1.582729e+00
      vertex -1.583864e+00 -3.845940e-01 1.526731e+00
    endloop
  endfacet
  facet normal 0.000000e+00 0.000000e+00 0.000000e+00
    outer loop
      vertex -1.660768e+00 -4.944245e-01 1.526731e+00
      vertex -1.583864e+00 -3.845940e-01 1.526731e+00
      vertex -1.722411e+00 -4.427001e-01 1.425826e+00
    endloop
  endfacet
  facet normal 0.000000e+00 0.000000e+00 0.000000e+00
    outer loop
      vertex -1.722411e+00 -4.427001e-01 1.425826e+00
      vertex -1.583864e+00 -3.845940e-01 1.526731e+00
      vertex -1.653552e+00 -3.443595e-01 1.425826e+00
    endloop
  endfacet
  facet normal 0.000000e+00 0.000000e+00 0.000000e+00
    outer loop
      vertex -1.722411e+00 -4.427001e-01 1.425826e+00
      vertex -1.653552e+00 -3.443595e-01 1.425826e+00
      vertex -1.744411e+00 -4.242398e-01 1.300000e+00
    endloop
  endfacet
  facet normal 0.000000e+00 0.000000e+00 0.000000e+00
    outer loop
      vertex -1.744411e+00 -4.242398e-01 1.300000e+00
      vertex -1.653552e+00 -3.443595e-01 1.425826e+00
      vertex -1.678423e+00 -3.300000e-01 1.300000e+00
    endloop
  endfacet
  facet normal 0.000000e+00 0.000000e+00 0.000000e+00
    outer loop
      vertex -1.744411e+00 -4.242398e-01 1.300000e+00
      vertex -1.678423e+00 -3.300000e-01 1.300000e+00
      vertex -1.722411e+00 -4.427001e-01 1.174174e+00
    endloop
  endfacet
  facet normal 0.000000e+00 0.000000e+00 0.000000e+00
    outer loop
      vertex -1.722411e+00 -4.427001e-01 1.174174e+00
      vertex -1.678423e+00 -3.300000e-01 1.300000e+00
      vertex -1.653552e+00 -3.443595e-01 1.174174e+00
    endloop
  endfacet
  facet normal 0.000000e+00 0.000000e+00 0.000000e+00
    outer loop
      vertex -1.722411e+00 -4.427001e-01 1.174174e+00
      vertex -1.653552e+00 -3.443595e-01 1.174174e+00
      vertex -1.660768e+00 -4.944245e-01 1.073269e+00
    endloop
  endfacet
  facet normal 0.000000e+00 0.000000e+00 0.000000e+00
    outer loop
      vertex -1.660768e+00 -4.944245e-01 1.073269e+00
      vertex -1.653552e+00 -3.443595e-01 1.174174e+00
      vertex -1.583864e+00 -3.845940e-01 1.073269e+00
    endloop
  endfacet
  facet normal 0.000000e+00 0.000000e+00 0.000000e+00
    outer loop
      vertex -1.660768e+00 -4.944245e-01 1.073269e+00
      vertex -1.583864e+00 -3.845940e-01 1.073269e+00
      vertex -1.571691e+00 -5.691684e-01 1.017271e+00
    endloop
  endfacet
  facet normal 0.000000e+00 0.000000e+00 0.000000e+00
    outer loop
      vertex -1.571691e+00 -5.691684e-01 1.017271e+00
      vertex -1.583864e+00 -3.845940e-01 1.073269e+00
      vertex -1.483161e+00 -4.427345e-01 1.017271e+00
    endloop
  endfacet
  facet normal 0.000000e+00 0.000000e+00 0.000000e+00
    outer loop
      vertex -1.571691e+00 -5.691684e-01 1.017271e+00
      vertex -1.483161e+00 -4.427345e-01 1.017271e+00
      vertex -1.472824e+00 -6.521280e-01 1.017271e+00
    endloop
  endfacet
  facet normal 0.000000e+00 0.000000e+00 0.000000e+00
    outer loop
      vertex -1.472824e+00 -6.521280e-01 1.017271e+00
      vertex -1.483161e+00 -4.427345e-01 1.017271e+00
      vertex -1.371390e+00 -5.072655e-01 1.017271e+00
    endloop
  endfacet
  facet normal 0.000000e+00 0.000000e+00 0.000000e+00
    outer loop
      vertex -1.472824e+00 -6.521280e-01 1.017271e+00
      vertex -1.371390e+00 -5.072655e-01 1.017271e+00
      vertex -1.383748e+00 -7.268720e-01 1.073269e+00
    endloop
  endfacet
  facet normal 0.000000e+00 0.000000e+00 0.000000e+00
    outer loop
      vertex -1.383748e+00 -7.268720e-01 1.073269e+00
      vertex -1.371390e+00 -5.072655e-01 1.017271e+00
      vertex -1.270688e+00 -5.654060e-01 1.073269e+00
    endloop
  endfacet
  facet normal 0.000000e+00 0.000000e+00 0.000000e+00
    outer loop
      vertex -1.383748e+00 -7.268720e-01 1.073269e+00
      vertex -1.270688e+00 -5.654060e-01 1.073269e+00
      vertex -1.322105e+00 -7.785964e-01 1.174174e+00
    endloop
  endfacet
  facet normal 0.000000e+00 0.000000e+00 0.000000e+00
    outer loop
      vertex -1.322105e+00 -7.785964e-01 1.174174e+00
      vertex -1.270688e+00 -5.654060e-01 1.073269e+00
      vertex -1.201000e+00 -6.056405e-01 1.174174e+00
    endloop
  endfacet
  facet normal 0.000000e+00 0.000000e+00 0.000000e+00
    outer loop
      vertex -1.322105e+00 -7.785964e-01 1.174174e+00
      vertex -1.201000e+00 -6.056405e-01 1.174174e+00
      vertex -1.300105e+00 -7.970566e-01 1.300000e+00
    endloop
  endfacet
  facet normal 0.000000e+00 0.000000e+00 0.000000e+00
    outer loop
      vertex -1.300105e+00 -7.970566e-01 1.300000e+00
      vertex -1.201000e+00 -6.056405e-01 1.174174e+00
      vertex -1.176129e+00 -6.200000e-01 1.300000e+00
    endloop
  endfacet
  facet normal 0.000000e+00 0.000000e+00 0.000000e+00
    outer loop
      vertex -1.176129e+00 -6.200000e-01 1.300000e+00
      vertex -1.084781e+00 -4.241050e-01 1.300000e+00
      vertex -1.201000e+00 -6.056405e-01 1.425826e+00
    endloop
  endfacet
  facet normal 0.000000e+00 0.000000e+00 0.000000e+00
    outer loop
      vertex -1.201000e+00 -6.056405e-01 1.425826e+00
      vertex -1.084781e+00 -4.241050e-01 1.300000e+00
      vertex -1.111768e+00 -4.142825e-01 1.425826e+00
    endloop
  endfacet
  facet normal 0.000000e+00 0.000000e+00 0.000000e+00
    outer loop
      vertex -1.201000e+00 -6.056405e-01 1.425826e+00
      vertex -1.111768e+00 -4.142825e-01 1.425826e+00
      vertex -1.270688e+00 -5.654060e-01 1.526731e+00
    endloop
  endfacet
  facet normal 0.000000e+00 0.000000e+00 0.000000e+00
    outer loop
      vertex -1.270688e+00 -5.654060e-01 1.526731e+00
      vertex -1.111768e+00 -4.142825e-01 1.425826e+00
      vertex -1.187384e+00 -3.867605e-01 1.526731e+00
    endloop
  endfacet
  facet normal 0.000000e+00 0.000000e+00 0.000000e+00
    outer loop
      vertex -1.270688e+00 -5.654060e-01 1.526731e+00
      vertex -1.187384e+00 -3.867605e-01 1.526731e+00
      vertex -1.371390e+00 -5.072655e-01 1.582729e+00
    endloop
  endfacet
  facet normal 0.000000e+00 0.000000e+00 0.000000e+00
    outer loop
      vertex -1.371390e+00 -5.072655e-01 1.582729e+00
      vertex -1.187384e+00 -3.867605e-01 1.526731e+00
      vertex -1.296653e+00 -3.469900e-01 1.582729e+00
    endloop
  endfacet
  facet normal 0.000000e+00 0.000000e+00 0.000000e+00
    outer loop
      vertex -1.371390e+00 -5.072655e-01 1.582729e+00
      vertex -1.296653e+00 -3.469900e-01 1.582729e+00
      vertex -1.483161e+00 -4.427345e-01 1.582729e+00
    endloop
  endfacet
  facet normal 0.000000e+00 0.000000e+00 0.000000e+00
    outer loop
      vertex -1.483161e+00 -4.427345e-01 1.582729e+00
      vertex -1.296653e+00 -3.469900e-01 1.582729e+00
      vertex -1.417931e+00 -3.028482e-01 1.582729e+00
    endloop
  endfacet
  facet normal 0.000000e+00 0.000000e+00 0.000000e+00
    outer loop
      vertex -1.483161e+00 -4.427345e-01 1.582729e+00
      vertex -1.417931e+00 -3.028482e-01 1.582729e+00
      vertex -1.583864e+00 -3.845940e-01 1.526731e+00
    endloop
  endfacet
  facet normal 0.000000e+00 0.000000e+00 0.000000e+00
    outer loop
      vertex -1.583864e+00 -3.845940e-01 1.526731e+00
      vertex -1.417931e+00 -3.028482e-01 1.582729e+00
      vertex -1.527200e+00 -2.630778e-01 1.526731e+00
    endloop
  endfacet
  facet normal 0.000000e+00 0.000000e+00 0.000000e+00
    outer loop
      vertex -1.583864e+00 -3.845940e-01 1.526731e+00
      vertex -1.527200e+00 -2.630778e-01 1.526731e+00
      vertex -1.653552e+00 -3.443595e-01 1.425826e+00
    endloop
  endfacet
  facet normal 0.000000e+00 0.000000e+00 0.000000e+00
    outer loop
      vertex -1.653552e+00 -3.443595e-01 1.425826e+00
      vertex -1.527200e+00 -2.630778e-01 1.526731e+00
      vertex -1.602816e+00 -2.355558e-01 1.425826e+00
    endloop
  endfacet
  facet normal 0.000000e+00 0.000000e+00 0.000000e+00
    outer loop
      vertex -1.653552e+00 -3.443595e-01 1.425826e+00
      vertex -1.602816e+00 -2.355558e-01 1.425826e+00
      vertex -1.678423e+00 -3.300000e-01 1.300000e+00
    endloop
  endfacet
  facet normal 0.000000e+00 0.000000e+00 0.000000e+00
    outer loop
      vertex -1.678423e+00 -3.300000e-01 1.300000e+00
      vertex -1.602816e+00 -2.355558e-01 1.425826e+00
      vertex -1.629803e+00 -2.257333e-01 1.300000e+00
    endloop
  endfacet
  facet normal 0.000000e+00 0.000000e+00 0.000000e+00
    outer loop
      vertex -1.678423e+00 -3.300000e-01 1.300000e+00
      vertex -1.629803e+00 -2.257333e-01 1.300000e+00
      vertex -1.653552e+00 -3.443595e-01 1.174174e+00
    endloop
  endfacet
  facet normal 0.000000e+00 0.000000e+00 0.000000e+00
    outer loop
      vertex -1.653552e+00 -3.443595e-01 1.174174e+00
      vertex -1.629803e+00 -2.257333e-01 1.300000e+00
      vertex -1.602816e+00 -2.355558e-01 1.174174e+00
    endloop
  endfacet
  facet normal 0.000000e+00 0.000000e+00 0.000000e+00
    outer loop
      vertex -1.653552e+00 -3.443595e-01 1.174174e+00
      vertex -1.602816e+00 -2.355558e-01 1.174174e+00
      vertex -1.583864e+00 -3.845940e-01 1.073269e+00
    endloop
  endfacet
  facet normal 0.000000e+00 0.000000e+00 0.000000e+00
    outer loop
      vertex -1.583864e+00 -3.845940e-01 1.073269e+00
      vertex -1.602816e+00 -2.355558e-01 1.174174e+00
      vertex -1.527200e+00 -2.630778e-01 1.073269e+00
    endloop
  endfacet
  facet normal 0.000000e+00 0.000000e+00 0.000000e+00
    outer loop
      vertex -1.583864e+00 -3.845940e-01 1.073269e+00
      vertex -1.527200e+00 -2.630778e-01 1.073269e+00
      vertex -1.483161e+00 -4.427345e-01 1.017271e+00
    endloop
  endfacet
  facet normal 0.000000e+00 0.000000e+00 0.000000e+00
    outer loop
      vertex -1.483161e+00 -4.427345e-01 1.017271e+00
      vertex -1.527200e+00 -2.630778e-01 1.073269e+00
      vertex -1.417931e+00 -3.028482e-01 1.017271e+00
    endloop
  endfacet
  facet normal 0.000000e+00 0.000000e+00 0.000000e+00
    outer loop
      vertex -1.483161e+00 -4.427345e-01 1.017271e+00
      vertex -1.417931e+00 -3.028482e-01 1.017271e+00
      vertex -1.371390e+00 -5.072655e-01 1.017271e+00
    endloop
  endfacet
  facet normal 0.000000e+00 0.000000e+00 0.000000e+00
    outer loop
      vertex -1.371390e+00 -5.072655e-01 1.017271e+00
      vertex -1.417931e+00 -3.028482e-01 1.017271e+00
      vertex -1.296653e+00 -3.469900e-01 1.017271e+00
    endloop
  endfacet
  facet normal 0.000000e+00 0.000000e+00 0.000000e+00
    outer loop
      vertex -1.371390e+00 -5.072655e-01 1.017271e+00
      vertex -1.296653e+00 -3.469900e-01 1.017271e+00
      vertex -1.270688e+00 -5.654060e-01 1.073269e+00
    endloop
  endfacet
  facet normal 0.000000e+00 0.000000e+00 0.000000e+00
    outer loop
      vertex -1.270688e+00 -5.654060e-01 1.073269e+00
      vertex -1.296653e+00 -3.469900e-01 1.017271e+00
      vertex -1.187384e+00 -3.867605e-01 1.073269e+00
    endloop
  endfacet
  facet normal 0.000000e+00 0.000000e+00 0.000000e+00
    outer loop
      vertex -1.270688e+00 -5.654060e-01 1.073269e+00
      vertex -1.187384e+00 -3.867605e-01 1.073269e+00
      vertex -1.201000e+00 -6.056405e-01 1.174174e+00
    endloop
  endfacet
  facet normal 0.000000e+00 0.000000e+00 0.000000e+00
    outer loop
      vertex -1.201000e+00 -6.056405e-01 1.174174e+00
      vertex -1.187384e+00 -3.867605e-01 1.073269e+00
      vertex -1.111768e+00 -4.142825e-01 1.174174e+00
    endloop
  endfacet
  facet normal 0.000000e+00 0.000000e+00 0.000000e+00
    outer loop
      vertex -1.201000e+00 -6.056405e-01 1.174174e+00
      vertex -1.111768e+00 -4.142825e-01 1.174174e+00
      vertex -1.176129e+00 -6.200000e-01 1.300000e+00
    endloop
  endfacet
  facet normal 0.000000e+00 0.000000e+00 0.000000e+00
    outer loop
      vertex -1.176129e+00 -6.200000e-01 1.300000e+00
      vertex -1.111768e+00 -4.142825e-01 1.174174e+00
      vertex -1.084781e+00 -4.241050e-01 1.300000e+00
    endloop
  endfacet
  facet normal 0.000000e+00 0.000000e+00 0.000000e+00
    outer loop
      vertex -1.084781e+00 -4.241050e-01 1.300000e+00
      vertex -1.028838e+00 -2.153237e-01 1.300000e+00
      vertex -1.111768e+00 -4.142825e-01 1.425826e+00
    endloop
  endfacet
  facet normal 0.000000e+00 0.000000e+00 0.000000e+00
    outer loop
      vertex -1.111768e+00 -4.142825e-01 1.425826e+00
      vertex -1.028838e+00 -2.153237e-01 1.300000e+00
      vertex -1.057121e+00 -2.103367e-01 1.425826e+00
    endloop
  endfacet
  facet normal 0.000000e+00 0.000000e+00 0.000000e+00
    outer loop
      vertex -1.111768e+00 -4.142825e-01 1.425826e+00
      vertex -1.057121e+00 -2.103367e-01 1.425826e+00
      vertex -1.187384e+00 -3.867605e-01 1.526731e+00
    endloop
  endfacet
  facet normal 0.000000e+00 0.000000e+00 0.000000e+00
    outer loop
      vertex -1.187384e+00 -3.867605e-01 1.526731e+00
      vertex -1.057121e+00 -2.103367e-01 1.425826e+00
      vertex -1.136368e+00 -1.963634e-01 1.526731e+00
    endloop
  endfacet
  facet normal 0.000000e+00 0.000000e+00 0.000000e+00
    outer loop
      vertex -1.187384e+00 -3.867605e-01 1.526731e+00
      vertex -1.136368e+00 -1.963634e-01 1.526731e+00
      vertex -1.296653e+00 -3.469900e-01 1.582729e+00
    endloop
  endfacet
  facet normal 0.000000e+00 0.000000e+00 0.000000e+00
    outer loop
      vertex -1.296653e+00 -3.469900e-01 1.582729e+00
      vertex -1.136368e+00 -1.963634e-01 1.526731e+00
      vertex -1.250882e+00 -1.761715e-01 1.582729e+00
    endloop
  endfacet
  facet normal 0.000000e+00 0.000000e+00 0.000000e+00
    outer loop
      vertex -1.296653e+00 -3.469900e-01 1.582729e+00
      vertex -1.250882e+00 -1.761715e-01 1.582729e+00
      vertex -1.417931e+00 -3.028482e-01 1.582729e+00
    endloop
  endfacet
  facet normal 0.000000e+00 0.000000e+00 0.000000e+00
    outer loop
      vertex -1.417931e+00 -3.028482e-01 1.582729e+00
      vertex -1.250882e+00 -1.761715e-01 1.582729e+00
      vertex -1.377983e+00 -1.537601e-01 1.582729e+00
    endloop
  endfacet
  facet normal 0.000000e+00 0.000000e+00 0.000000e+00
    outer loop
      vertex -1.417931e+00 -3.028482e-01 1.582729e+00
      vertex -1.377983e+00 -1.537601e-01 1.582729e+00
      vertex -1.527200e+00 -2.630778e-01 1.526731e+00
    endloop
  endfacet
  facet normal 0.000000e+00 0.000000e+00 0.000000e+00
    outer loop
      vertex -1.527200e+00 -2.630778e-01 1.526731e+00
      vertex -1.377983e+00 -1.537601e-01 1.582729e+00
      vertex -1.492498e+00 -1.335681e-01 1.526731e+00
    endloop
  endfacet
  facet normal 0.000000e+00 0.000000e+00 0.000000e+00
    outer loop
      vertex -1.527200e+00 -2.630778e-01 1.526731e+00
      vertex -1.492498e+00 -1.335681e-01 1.526731e+00
      vertex -1.602816e+00 -2.355558e-01 1.425826e+00
    endloop
  endfacet
  facet normal 0.000000e+00 0.000000e+00 0.000000e+00
    outer loop
      vertex -1.602816e+00 -2.355558e-01 1.425826e+00
      vertex -1.492498e+00 -1.335681e-01 1.526731e+00
      vertex -1.571744e+00 -1.195948e-01 1.425826e+00
    endloop
  endfacet
  facet normal 0.000000e+00 0.000000e+00 0.000000e+00
    outer loop
      vertex -1.602816e+00 -2.355558e-01 1.425826e+00
      vertex -1.571744e+00 -1.195948e-01 1.425826e+00
      vertex -1.629803e+00 -2.257333e-01 1.300000e+00
    endloop
  endfacet
  facet normal 0.000000e+00 0.000000e+00 0.000000e+00
    outer loop
      vertex -1.629803e+00 -2.257333e-01 1.300000e+00
      vertex -1.571744e+00 -1.195948e-01 1.425826e+00
      vertex -1.600027e+00 -1.146078e-01 1.300000e+00
    endloop
  endfacet
  facet normal 0.000000e+00 0.000000e+00 0.000000e+00
    outer loop
      vertex -1.629803e+00 -2.257333e-01 1.300000e+00
      vertex -1.600027e+00 -1.146078e-01 1.300000e+00
      vertex -1.602816e+00 -2.355558e-01 1.174174e+00
    endloop
  endfacet
  facet normal 0.000000e+00 0.000000e+00 0.000000e+00
    outer loop
      vertex -1.602816e+00 -2.355558e-01 1.174174e+00
      vertex -1.600027e+00 -1.146078e-01 1.300000e+00
      vertex -1.571744e+00 -1.195948e-01 1.174174e+00
    endloop
  endfacet
  facet normal 0.000000e+00 0.000000e+00 0.000000e+00
    outer loop
      vertex -1.602816e+00 -2.355558e-01 1.174174e+00
      vertex -1.571744e+00 -1.195948e-01 1.174174e+00
      vertex -1.527200e+00 -2.630778e-01 1.073269e+00
    endloop
  endfacet
  facet normal 0.000000e+00 0.000000e+00 0.000000e+00
    outer loop
      vertex -1.527200e+00 -2.630778e-01 1.073269e+00
      vertex -1.571744e+00 -1.195948e-01 1.174174e+00
      vertex -1.492498e+00 -1.335681e-01 1.073269e+00
    endloop
  endfacet
  facet normal 0.000000e+00 0.000000e+00 0.000000e+00
    outer loop
      vertex -1.527200e+00 -2.630778e-01 1.073269e+00
      vertex -1.492498e+00 -1.335681e-01 1.073269e+00
      vertex -1.417931e+00 -3.028482e-01 1.017271e+00
    endloop
  endfacet
  facet normal 0.000000e+00 0.000000e+00 0.000000e+00
    outer loop
      vertex -1.417931e+00 -3.028482e-01 1.017271e+00
      vertex -1.492498e+00 -1.335681e-01 1.073269e+00
      vertex -1.377983e+00 -1.537601e-01 1.017271e+00
    endloop
  endfacet
  facet normal 0.000000e+00 0.000000e+00 0.000000e+00
    outer loop
      vertex -1.417931e+00 -3.028482e-01 1.017271e+00
      vertex -1.377983e+00 -1.537601e-01 1.017271e+00
      vertex -1.296653e+00 -3.469900e-01 1.017271e+00
    endloop
  endfacet
  facet normal 0.000000e+00 0.000000e+00 0.000000e+00
    outer loop
      vertex -1.296653e+00 -3.469900e-01 1.017271e+00
      vertex -1.377983e+00 -1.537601e-01 1.017271e+00
      vertex -1.250882e+00 -1.761715e-01 1.017271e+00
    endloop
  endfacet
  facet normal 0.000000e+00 0.000000e+00 0.000000e+00
    outer loop
      vertex -1.296653e+00 -3.469900e-01 1.017271e+00
      vertex -1.250882e+00 -1.761715e-01 1.017271e+00
      vertex -1.187384e+00 -3.867605e-01 1.073269e+00
    endloop
  endfacet
  facet normal 0.000000e+00 0.000000e+00 0.000000e+00
    outer loop
      vertex -1.187384e+00 -3.867605e-01 1.073269e+00
      vertex -1.250882e+00 -1.761715e-01 1.017271e+00
      vertex -1.136368e+00 -1.963634e-01 1.073269e+00
    endloop
  endfacet
  facet normal 0.000000e+00 0.000000e+00 0.000000e+00
    outer loop
      vertex -1.187384e+00 -3.867605e-01 1.073269e+00
      vertex -1.136368e+00 -1.963634e-01 1.073269e+00
      vertex -1.111768e+00 -4.142825e-01 1.174174e+00
    endloop
  endfacet
  facet normal 0.000000e+00 0.000000e+00 0.000000e+00
    outer loop
      vertex -1.111768e+00 -4.142825e-01 1.174174e+00
      vertex -1.136368e+00 -1.963634e-01 1.073269e+00
      vertex -1.057121e+00 -2.103367e-01 1.174174e+00
    endloop
  endfacet
  facet normal 0.000000e+00 0.000000e+00 0.000000e+00
    outer loop
      vertex -1.111768e+00 -4.142825e-01 1.174174e+00
      vertex -1.057121e+00 -2.103367e-01 1.174174e+00
      vertex -1.084781e+00 -4.241050e-01 1.300000e+00
    endloop
  endfacet
  facet normal 0.000000e+00 0.000000e+00 0.000000e+00
    outer loop
      vertex -1.084781e+00 -4.241050e-01 1.300000e+00
      vertex -1.057121e+00 -2.103367e-01 1.174174e+00
      vertex -1.028838e+00 -2.153237e-01 1.300000e+00
    endloop
  endfacet
  facet normal 0.000000e+00 0.000000e+00 0.000000e+00
    outer loop
      vertex -1.028838e+00 -2.153237e-01 1.300000e+00
      vertex -1.010000e+00 0.000000e+00 1.300000e+00
      vertex -1.057121e+00 -2.103367e-01 1.425826e+00
    endloop
  endfacet
  facet normal 0.000000e+00 0.000000e+00 0.000000e+00
    outer loop
      vertex -1.057121e+00 -2.103367e-01 1.425826e+00
      vertex -1.010000e+00 0.000000e+00 1.300000e+00
      vertex -1.038719e+00 0.000000e+00 1.425826e+00
    endloop
  endfacet
  facet normal 0.000000e+00 0.000000e+00 0.000000e+00
    outer loop
      vertex -1.057121e+00 -2.103367e-01 1.425826e+00
      vertex -1.038719e+00 0.000000e+00 1.425826e+00
      vertex -1.136368e+00 -1.963634e-01 1.526731e+00
    endloop
  endfacet
  facet normal 0.000000e+00 0.000000e+00 0.000000e+00
    outer loop
      vertex -1.136368e+00 -1.963634e-01 1.526731e+00
      vertex -1.038719e+00 0.000000e+00 1.425826e+00
      vertex -1.119188e+00 0.000000e+00 1.526731e+00
    endloop
  endfacet
  facet normal 0.000000e+00 0.000000e+00 0.000000e+00
    outer loop
      vertex -1.136368e+00 -1.963634e-01 1.526731e+00
      vertex -1.119188e+00 0.000000e+00 1.526731e+00
      vertex -1.250882e+00 -1.761715e-01 1.582729e+00
    endloop
  endfacet
  facet normal 0.000000e+00 0.000000e+00 0.000000e+00
    outer loop
      vertex -1.250882e+00 -1.761715e-01 1.582729e+00
      vertex -1.119188e+00 0.000000e+00 1.526731e+00
      vertex -1.235469e+00 0.000000e+00 1.582729e+00
    endloop
  endfacet
  facet normal 0.000000e+00 0.000000e+00 0.000000e+00
    outer loop
      vertex -1.250882e+00 -1.761715e-01 1.582729e+00
      vertex -1.235469e+00 0.000000e+00 1.582729e+00
      vertex -1.377983e+00 -1.537601e-01 1.582729e+00
    endloop
  endfacet
  facet normal 0.000000e+00 0.000000e+00 0.000000e+00
    outer loop
      vertex -1.377983e+00 -1.537601e-01 1.582729e+00
      vertex -1.235469e+00 0.000000e+00 1.582729e+00
      vertex -1.364531e+00 0.000000e+00 1.582729e+00
    endloop
  endfacet
  facet normal 0.000000e+00 0.000000e+00 0.000000e+00
    outer loop
      vertex -1.377983e+00 -1.537601e-01 1.582729e+00
      vertex -1.364531e+00 0.000000e+00 1.582729e+00
      vertex -1.492498e+00 -1.335681e-01 1.526731e+00
    endloop
  endfacet
  facet normal 0.000000e+00 0.000000e+00 0.000000e+00
    outer loop
      vertex -1.492498e+00 -1.335681e-01 1.526731e+00
      vertex -1.364531e+00 0.000000e+00 1.582729e+00
      vertex -1.480812e+00 0.000000e+00 1.526731e+00
    endloop
  endfacet
  facet normal 0.000000e+00 0.000000e+00 0.000000e+00
    outer loop
      vertex -1.492498e+00 -1.335681e-01 1.526731e+00
      vertex -1.480812e+00 0.000000e+00 1.526731e+00
      vertex -1.571744e+00 -1.195948e-01 1.425826e+00
    endloop
  endfacet
  facet normal 0.000000e+00 0.000000e+00 0.000000e+00
    outer loop
      vertex -1.571744e+00 -1.195948e-01 1.425826e+00
      vertex -1.480812e+00 0.000000e+00 1.526731e+00
      vertex -1.561281e+00 0.000000e+00 1.425826e+00
    endloop
  endfacet
  facet normal 0.000000e+00 0.000000e+00 0.000000e+00
    outer loop
      vertex -1.571744e+00 -1.195948e-01 1.425826e+00
      vertex -1.561281e+00 0.000000e+00 1.425826e+00
      vertex -1.600027e+00 -1.146078e-01 1.300000e+00
    endloop
  endfacet
  facet normal 0.000000e+00 0.000000e+00 0.000000e+00
    outer loop
      vertex -1.600027e+00 -1.146078e-01 1.300000e+00
      vertex -1.561281e+00 0.000000e+00 1.425826e+00
      vertex -1.590000e+00 0.000000e+00 1.300000e+00
    endloop
  endfacet
  facet normal 0.000000e+00 0.000000e+00 0.000000e+00
    outer loop
      vertex -1.600027e+00 -1.146078e-01 1.300000e+00
      vertex -1.590000e+00 0.000000e+00 1.300000e+00
      vertex -1.571744e+00 -1.195948e-01 1.174174e+00
    endloop
  endfacet
  facet normal 0.000000e+00 0.000000e+00 0.000000e+00
    outer loop
      vertex -1.571744e+00 -1.195948e-01 1.174174e+00
      vertex -1.590000e+00 0.000000e+00 1.300000e+00
      vertex -1.561281e+00 0.000000e+00 1.174174e+00
    endloop
  endfacet
  facet normal 0.000000e+00 0.000000e+00 0.000000e+00
    outer loop
      vertex -1.571744e+00 -1.195948e-01 1.174174e+00
      vertex -1.561281e+00 0.000000e+00 1.174174e+00
      vertex -1.492498e+00 -1.335681e-01 1.073269e+00
    endloop
  endfacet
  facet normal 0.000000e+00 0.000000e+00 0.000000e+00
    outer loop
      vertex -1.492498e+00 -1.335681e-01 1.073269e+00
      vertex -1.561281e+00 0.000000e+00 1.174174e+00
      vertex -1.480812e+00 0.000000e+00 1.073269e+00
    endloop
  endfacet
  facet normal 0.000000e+00 0.000000e+00 0.000000e+00
    outer loop
      vertex -1.492498e+00 -1.335681e-01 1.073269e+00
      vertex -1.480812e+00 0.000000e+00 1.073269e+00
      vertex -1.377983e+00 -1.537601e-01 1.017271e+00
    endloop
  endfacet
  facet normal 0.000000e+00 0.000000e+00 0.000000e+00
    outer loop
      vertex -1.377983e+00 -1.537601e-01 1.017271e+00
      vertex -1.480812e+00 0.000000e+00 1.073269e+00
      vertex -1.364531e+00 0.000000e+00 1.017271e+00
    endloop
  endfacet
  facet normal 0.000000e+00 0.000000e+00 0.000000e+00
    outer loop
      vertex -1.377983e+00 -1.537601e-01 1.017271e+00
      vertex -1.364531e+00 0.000000e+00 1.017271e+00
      vertex -1.250882e+00 -1.761715e-01 1.017271e+00
    endloop
  endfacet
  facet normal 0.000000e+00 0.000000e+00 0.000000e+00
    outer loop
      vertex -1.250882e+00 -1.761715e-01 1.017271e+00
      vertex -1.364531e+00 0.000000e+00 1.017271e+00
      vertex -1.235469e+00 0.000000e+00 1.017271e+00
    endloop
  endfacet
  facet normal 0.000000e+00 0.000000e+00 0.000000e+00
    outer loop
      vertex -1.250882e+00 -1.761715e-01 1.017271e+00
      vertex -1.235469e+00 0.000000e+00 1.017271e+00
      vertex -1.136368e+00 -1.963634e-01 1.073269e+00
    endloop
  endfacet
  facet normal 0.000000e+00 0.000000e+00 0.000000e+00
    outer loop
      vertex -1.136368e+00 -1.963634e-01 1.073269e+00
      vertex -1.235469e+00 0.000000e+00 1.017271e+00
      vertex -1.119188e+00 0.000000e+00 1.073269e+00
    endloop
  endfacet
  facet normal 0.000000e+00 0.000000e+00 0.000000e+00
    outer loop
      vertex -1.136368e+00 -1.963634e-01 1.073269e+00
      vertex -1.119188e+00 0.000000e+00 1.073269e+00
      vertex -1.057121e+00 -2.103367e-01 1.174174e+00
    endloop
  endfacet
  facet normal 0.000000e+00 0.000000e+00 0.000000e+00
    outer loop
      vertex -1.057121e+00 -2.103367e-01 1.174174e+00
      vertex -1.119188e+00 0.000000e+00 1.073269e+00
      vertex -1.038719e+00 0.000000e+00 1.174174e+00
    endloop
  endfacet
  facet normal 0.000000e+00 0.000000e+00 0.000000e+00
    outer loop
      vertex -1.057121e+00 -2.103367e-01 1.174174e+00
      vertex -1.038719e+00 0.000000e+00 1.174174e+00
      vertex -1.028838e+00 -2.153237e-01 1.300000e+00
    endloop
  endfacet
  facet normal 0.000000e+00 0.000000e+00 0.000000e+00
    outer loop
      vertex -1.028838e+00 -2.153237e-01 1.300000e+00
      vertex -1.038719e+00 0.000000e+00 1.174174e+00
      vertex -1.010000e+00 0.000000e+00 1.300000e+00
    endloop
  endfacet
endsolid solidlens
