solid solidlens
  facet normal 0.000000e+00 0.000000e+00 0.000000e+00
    outer loop
      vertex -3.762400e+00 -3.000000e-02 4.037600e+00
      vertex -3.597600e+00 2.300000e-01 4.037600e+00
      vertex -3.597600e+00 -3.000000e-02 4.037600e+00
    endloop
  endfacet
  facet normal 0.000000e+00 0.000000e+00 0.000000e+00
    outer loop
      vertex -3.762400e+00 -3.000000e-02 4.037600e+00
      vertex -3.762400e+00 2.300000e-01 4.037600e+00
      vertex -3.597600e+00 2.300000e-01 4.037600e+00
    endloop
  endfacet
  facet normal 0.000000e+00 0.000000e+00 0.000000e+00
    outer loop
      vertex -3.762400e+00 -3.000000e-02 4.202400e+00
      vertex -3.597600e+00 -3.000000e-02 4.202400e+00
      vertex -3.597600e+00 2.300000e-01 4.202400e+00
    endloop
  endfacet
  facet normal 0.000000e+00 0.000000e+00 0.000000e+00
    outer loop
      vertex -3.762400e+00 -3.000000e-02 4.202400e+00
      vertex -3.597600e+00 2.300000e-01 4.202400e+00
      vertex -3.762400e+00 2.300000e-01 4.202400e+00
    endloop
  endfacet
  facet normal 0.000000e+00 0.000000e+00 0.000000e+00
    outer loop
      vertex -3.762400e+00 -3.000000e-02 4.037600e+00
      vertex -3.597600e+00 -3.000000e-02 4.037600e+00
      vertex -3.597600e+00 -3.000000e-02 4.202400e+00
    endloop
  endfacet
  facet normal 0.000000e+00 0.000000e+00 0.000000e+00
    outer loop
      vertex -3.762400e+00 -3.000000e-02 4.037600e+00
      vertex -3.597600e+00 -3.000000e-02 4.202400e+00
      vertex -3.762400e+00 -3.000000e-02 4.202400e+00
    endloop
  endfacet
  facet normal 0.000000e+00 0.000000e+00 0.000000e+00
    outer loop
      vertex -3.597600e+00 -3.000000e-02 4.037600e+00
      vertex -3.597600e+00 2.300000e-01 4.037600e+00
      vertex -3.597600e+00 2.300000e-01 4.202400e+00
    endloop
  endfacet
  facet normal 0.000000e+00 0.000000e+00 0.000000e+00
    outer loop
      vertex -3.597600e+00 -3.000000e-02 4.037600e+00
      vertex -3.597600e+00 2.300000e-01 4.202400e+00
      vertex -3.597600e+00 -3.000000e-02 4.202400e+00
    endloop
  endfacet
  facet normal 0.000000e+00 0.000000e+00 0.000000e+00
    outer loop
      vertex -3.597600e+00 2.300000e-01 4.037600e+00
      vertex -3.762400e+00 2.300000e-01 4.037600e+00
      vertex -3.762400e+00 2.300000e-01 4.202400e+00
    endloop
  endfacet
  facet normal 0.000000e+00 0.000000e+00 0.000000e+00
    outer loop
      vertex -3.597600e+00 2.300000e-01 4.037600e+00
      vertex -3.762400e+00 2.300000e-01 4.202400e+00
      vertex -3.597600e+00 2.300000e-01 4.202400e+00
    endloop
  endfacet
  facet normal 0.000000e+00 0.000000e+00 0.000000e+00
    outer loop
      vertex -3.762400e+00 2.300000e-01 4.037600e+00
      vertex -3.762400e+00 -3.000000e-02 4.037600e+00
      vertex -3.762400e+00 -3.000000e-02 4.202400e+00
    endloop
  endfacet
  facet normal 0.000000e+00 0.000000e+00 0.000000e+00
    outer loop
      vertex -3.762400e+00 2.300000e-01 4.037600e+00
      vertex -3.762400e+00 -3.000000e-02 4.202400e+00
      vertex -3.762400e+00 2.300000e-01 4.202400e+00
    endloop
  endfacet
  facet normal 0.000000e+00 0.000000e+00 0.000000e+00
    outer loop
      vertex -3.602400e+00 -3.000000e-02 4.037600e+00
      vertex -3.437600e+00 2.300000e-01 4.037600e+00
      vertex -3.437600e+00 -3.000000e-02 4.037600e+00
    endloop
  endfacet
  facet normal 0.000000e+00 0.000000e+00 0.000000e+00
    outer loop
      vertex -3.602400e+00 -3.000000e-02 4.037600e+00
      vertex -3.602400e+00 2.300000e-01 4.037600e+00
      vertex -3.437600e+00 2.300000e-01 4.037600e+00
    endloop
  endfacet
  facet normal 0.000000e+00 0.000000e+00 0.000000e+00
    outer loop
      vertex -3.602400e+00 -3.000000e-02 4.202400e+00
      vertex -3.437600e+00 -3.000000e-02 4.202400e+00
      vertex -3.437600e+00 2.300000e-01 4.202400e+00
    endloop
  endfacet
  facet normal 0.000000e+00 0.000000e+00 0.000000e+00
    outer loop
      vertex -3.602400e+00 -3.000000e-02 4.202400e+00
      vertex -3.437600e+00 2.300000e-01 4.202400e+00
      vertex -3.602400e+00 2.300000e-01 4.202400e+00
    endloop
  endfacet
  facet normal 0.000000e+00 0.000000e+00 0.000000e+00
    outer loop
      vertex -3.602400e+00 -3.000000e-02 4.037600e+00
      vertex -3.437600e+00 -3.000000e-02 4.037600e+00
      vertex -3.437600e+00 -3.000000e-02 4.202400e+00
    endloop
  endfacet
  facet normal 0.000000e+00 0.000000e+00 0.000000e+00
    outer loop
      vertex -3.602400e+00 -3.000000e-02 4.037600e+00
      vertex -3.437600e+00 -3.000000e-02 4.202400e+00
      vertex -3.602400e+00 -3.000000e-02 4.202400e+00
    endloop
  endfacet
  facet normal 0.000000e+00 0.000000e+00 0.000000e+00
    outer loop
      vertex -3.437600e+00 -3.000000e-02 4.037600e+00
      vertex -3.437600e+00 2.300000e-01 4.037600e+00
      vertex -3.437600e+00 2.300000e-01 4.202400e+00
    endloop
  endfacet
  facet normal 0.000000e+00 0.000000e+00 0.000000e+00
    outer loop
      vertex -3.437600e+00 -3.000000e-02 4.037600e+00
      vertex -3.437600e+00 2.300000e-01 4.202400e+00
      vertex -3.437600e+00 -3.000000e-02 4.202400e+00
    endloop
  endfacet
  facet normal 0.000000e+00 0.000000e+00 0.000000e+00
    outer loop
      vertex -3.437600e+00 2.300000e-01 4.037600e+00
      vertex -3.602400e+00 2.300000e-01 4.037600e+00
      vertex -3.602400e+00 2.300000e-01 4.202400e+00
    endloop
  endfacet
  facet normal 0.000000e+00 0.000000e+00 0.000000e+00
    outer loop
      vertex -3.437600e+00 2.300000e-01 4.037600e+00
      vertex -3.602400e+00 2.300000e-01 4.202400e+00
      vertex -3.437600e+00 2.300000e-01 4.202400e+00
    endloop
  endfacet
  facet normal 0.000000e+00 0.000000e+00 0.000000e+00
    outer loop
      vertex -3.602400e+00 2.300000e-01 4.037600e+00
      vertex -3.602400e+00 -3.000000e-02 4.037600e+00
      vertex -3.602400e+00 -3.000000e-02 4.202400e+00
    endloop
  endfacet
  facet normal 0.000000e+00 0.000000e+00 0.000000e+00
    outer loop
      vertex -3.602400e+00 2.300000e-01 4.037600e+00
      vertex -3.602400e+00 -3.000000e-02 4.202400e+00
      vertex -3.602400e+00 2.300000e-01 4.202400e+00
    endloop
  endfacet
  facet normal 0.000000e+00 0.000000e+00 0.000000e+00
    outer loop
      vertex -3.442400e+00 -3.000000e-02 4.037600e+00
      vertex -3.277600e+00 2.300000e-01 4.037600e+00
      vertex -3.277600e+00 -3.000000e-02 4.037600e+00
    endloop
  endfacet
  facet normal 0.000000e+00 0.000000e+00 0.000000e+00
    outer loop
      vertex -3.442400e+00 -3.000000e-02 4.037600e+00
      vertex -3.442400e+00 2.300000e-01 4.037600e+00
      vertex -3.277600e+00 2.300000e-01 4.037600e+00
    endloop
  endfacet
  facet normal 0.000000e+00 0.000000e+00 0.000000e+00
    outer loop
      vertex -3.442400e+00 -3.000000e-02 4.202400e+00
      vertex -3.277600e+00 -3.000000e-02 4.202400e+00
      vertex -3.277600e+00 2.300000e-01 4.202400e+00
    endloop
  endfacet
  facet normal 0.000000e+00 0.000000e+00 0.000000e+00
    outer loop
      vertex -3.442400e+00 -3.000000e-02 4.202400e+00
      vertex -3.277600e+00 2.300000e-01 4.202400e+00
      vertex -3.442400e+00 2.300000e-01 4.202400e+00
    endloop
  endfacet
  facet normal 0.000000e+00 0.000000e+00 0.000000e+00
    outer loop
      vertex -3.442400e+00 -3.000000e-02 4.037600e+00
      vertex -3.277600e+00 -3.000000e-02 4.037600e+00
      vertex -3.277600e+00 -3.000000e-02 4.202400e+00
    endloop
  endfacet
  facet normal 0.000000e+00 0.000000e+00 0.000000e+00
    outer loop
      vertex -3.442400e+00 -3.000000e-02 4.037600e+00
      vertex -3.277600e+00 -3.000000e-02 4.202400e+00
      vertex -3.442400e+00 -3.000000e-02 4.202400e+00
    endloop
  endfacet
  facet normal 0.000000e+00 0.000000e+00 0.000000e+00
    outer loop
      vertex -3.277600e+00 -3.000000e-02 4.037600e+00
      vertex -3.277600e+00 2.300000e-01 4.037600e+00
      vertex -3.277600e+00 2.300000e-01 4.202400e+00
    endloop
  endfacet
  facet normal 0.000000e+00 0.000000e+00 0.000000e+00
    outer loop
      vertex -3.277600e+00 -3.000000e-02 4.037600e+00
      vertex -3.277600e+00 2.300000e-01 4.202400e+00
      vertex -3.277600e+00 -3.000000e-02 4.202400e+00
    endloop
  endfacet
  facet normal 0.000000e+00 0.000000e+00 0.000000e+00
    outer loop
      vertex -3.277600e+00 2.300000e-01 4.037600e+00
      vertex -3.442400e+00 2.300000e-01 4.037600e+00
      vertex -3.442400e+00 2.300000e-01 4.202400e+00
    endloop
  endfacet
  facet normal 0.000000e+00 0.000000e+00 0.000000e+00
    outer loop
      vertex -3.277600e+00 2.300000e-01 4.037600e+00
      vertex -3.442400e+00 2.300000e-01 4.202400e+00
      vertex -3.277600e+00 2.300000e-01 4.202400e+00
    endloop
  endfacet
  facet normal 0.000000e+00 0.000000e+00 0.000000e+00
    outer loop
      vertex -3.442400e+00 2.300000e-01 4.037600e+00
      vertex -3.442400e+00 -3.000000e-02 4.037600e+00
      vertex -3.442400e+00 -3.000000e-02 4.202400e+00
    endloop
  endfacet
  facet normal 0.000000e+00 0.000000e+00 0.000000e+00
    outer loop
      vertex -3.442400e+00 2.300000e-01 4.037600e+00
      vertex -3.442400e+00 -3.000000e-02 4.202400e+00
      vertex -3.442400e+00 2.300000e-01 4.202400e+00
    endloop
  endfacet
  facet normal 0.000000e+00 0.000000e+00 0.000000e+00
    outer loop
      vertex -3.922400e+00 -3.000000e-02 3.877600e+00
      vertex -3.757600e+00 2.300000e-01 3.877600e+00
      vertex -3.757600e+00 -3.000000e-02 3.877600e+00
    endloop
  endfacet
  facet normal 0.000000e+00 0.000000e+00 0.000000e+00
    outer loop
      vertex -3.922400e+00 -3.000000e-02 3.877600e+00
      vertex -3.922400e+00 2.300000e-01 3.877600e+00
      vertex -3.757600e+00 2.300000e-01 3.877600e+00
    endloop
  endfacet
  facet normal 0.000000e+00 0.000000e+00 0.000000e+00
    outer loop
      vertex -3.922400e+00 -3.000000e-02 4.042400e+00
      vertex -3.757600e+00 -3.000000e-02 4.042400e+00
      vertex -3.757600e+00 2.300000e-01 4.042400e+00
    endloop
  endfacet
  facet normal 0.000000e+00 0.000000e+00 0.000000e+00
    outer loop
      vertex -3.922400e+00 -3.000000e-02 4.042400e+00
      vertex -3.757600e+00 2.300000e-01 4.042400e+00
      vertex -3.922400e+00 2.300000e-01 4.042400e+00
    endloop
  endfacet
  facet normal 0.000000e+00 0.000000e+00 0.000000e+00
    outer loop
      vertex -3.922400e+00 -3.000000e-02 3.877600e+00
      vertex -3.757600e+00 -3.000000e-02 3.877600e+00
      vertex -3.757600e+00 -3.000000e-02 4.042400e+00
    endloop
  endfacet
  facet normal 0.000000e+00 0.000000e+00 0.000000e+00
    outer loop
      vertex -3.922400e+00 -3.000000e-02 3.877600e+00
      vertex -3.757600e+00 -3.000000e-02 4.042400e+00
      vertex -3.922400e+00 -3.000000e-02 4.042400e+00
    endloop
  endfacet
  facet normal 0.000000e+00 0.000000e+00 0.000000e+00
    outer loop
      vertex -3.757600e+00 -3.000000e-02 3.877600e+00
      vertex -3.757600e+00 2.300000e-01 3.877600e+00
      vertex -3.757600e+00 2.300000e-01 4.042400e+00
    endloop
  endfacet
  facet normal 0.000000e+00 0.000000e+00 0.000000e+00
    outer loop
      vertex -3.757600e+00 -3.000000e-02 3.877600e+00
      vertex -3.757600e+00 2.300000e-01 4.042400e+00
      vertex -3.757600e+00 -3.000000e-02 4.042400e+00
    endloop
  endfacet
  facet normal 0.000000e+00 0.000000e+00 0.000000e+00
    outer loop
      vertex -3.757600e+00 2.300000e-01 3.877600e+00
      vertex -3.922400e+00 2.300000e-01 3.877600e+00
      vertex -3.922400e+00 2.300000e-01 4.042400e+00
    endloop
  endfacet
  facet normal 0.000000e+00 0.000000e+00 0.000000e+00
    outer loop
      vertex -3.757600e+00 2.300000e-01 3.877600e+00
      vertex -3.922400e+00 2.300000e-01 4.042400e+00
      vertex -3.757600e+00 2.300000e-01 4.042400e+00
    endloop
  endfacet
  facet normal 0.000000e+00 0.000000e+00 0.000000e+00
    outer loop
      vertex -3.922400e+00 2.300000e-01 3.877600e+00
      vertex -3.922400e+00 -3.000000e-02 3.877600e+00
      vertex -3.922400e+00 -3.000000e-02 4.042400e+00
    endloop
  endfacet
  facet normal 0.000000e+00 0.000000e+00 0.000000e+00
    outer loop
      vertex -3.922400e+00 2.300000e-01 3.877600e+00
      vertex -3.922400e+00 -3.000000e-02 4.042400e+00
      vertex -3.922400e+00 2.300000e-01 4.042400e+00
    endloop
  endfacet
  facet normal 0.000000e+00 0.000000e+00 0.000000e+00
    outer loop
      vertex -3.922400e+00 -3.000000e-02 3.717600e+00
      vertex -3.757600e+00 2.300000e-01 3.717600e+00
      vertex -3.757600e+00 -3.000000e-02 3.717600e+00
    endloop
  endfacet
  facet normal 0.000000e+00 0.000000e+00 0.000000e+00
    outer loop
      vertex -3.922400e+00 -3.000000e-02 3.717600e+00
      vertex -3.922400e+00 2.300000e-01 3.717600e+00
      vertex -3.757600e+00 2.300000e-01 3.717600e+00
    endloop
  endfacet
  facet normal 0.000000e+00 0.000000e+00 0.000000e+00
    outer loop
      vertex -3.922400e+00 -3.000000e-02 3.882400e+00
      vertex -3.757600e+00 -3.000000e-02 3.882400e+00
      vertex -3.757600e+00 2.300000e-01 3.882400e+00
    endloop
  endfacet
  facet normal 0.000000e+00 0.000000e+00 0.000000e+00
    outer loop
      vertex -3.922400e+00 -3.000000e-02 3.882400e+00
      vertex -3.757600e+00 2.300000e-01 3.882400e+00
      vertex -3.922400e+00 2.300000e-01 3.882400e+00
    endloop
  endfacet
  facet normal 0.000000e+00 0.000000e+00 0.000000e+00
    outer loop
      vertex -3.922400e+00 -3.000000e-02 3.717600e+00
      vertex -3.757600e+00 -3.000000e-02 3.717600e+00
      vertex -3.757600e+00 -3.000000e-02 3.882400e+00
    endloop
  endfacet
  facet normal 0.000000e+00 0.000000e+00 0.000000e+00
    outer loop
      vertex -3.922400e+00 -3.000000e-02 3.717600e+00
      vertex -3.757600e+00 -3.000000e-02 3.882400e+00
      vertex -3.922400e+00 -3.000000e-02 3.882400e+00
    endloop
  endfacet
  facet normal 0.000000e+00 0.000000e+00 0.000000e+00
    outer loop
      vertex -3.757600e+00 -3.000000e-02 3.717600e+00
      vertex -3.757600e+00 2.300000e-01 3.717600e+00
      vertex -3.757600e+00 2.300000e-01 3.882400e+00
    endloop
  endfacet
  facet normal 0.000000e+00 0.000000e+00 0.000000e+00
    outer loop
      vertex -3.757600e+00 -3.000000e-02 3.717600e+00
      vertex -3.757600e+00 2.300000e-01 3.882400e+00
      vertex -3.757600e+00 -3.000000e-02 3.882400e+00
    endloop
  endfacet
  facet normal 0.000000e+00 0.000000e+00 0.000000e+00
    outer loop
      vertex -3.757600e+00 2.300000e-01 3.717600e+00
      vertex -3.922400e+00 2.300000e-01 3.717600e+00
      vertex -3.922400e+00 2.300000e-01 3.882400e+00
    endloop
  endfacet
  facet normal 0.000000e+00 0.000000e+00 0.000000e+00
    outer loop
      vertex -3.757600e+00 2.300000e-01 3.717600e+00
      vertex -3.922400e+00 2.300000e-01 3.882400e+00
      vertex -3.757600e+00 2.300000e-01 3.882400e+00
    endloop
  endfacet
  facet normal 0.000000e+00 0.000000e+00 0.000000e+00
    outer loop
      vertex -3.922400e+00 2.300000e-01 3.717600e+00
      vertex -3.922400e+00 -3.000000e-02 3.717600e+00
      vertex -3.922400e+00 -3.000000e-02 3.882400e+00
    endloop
  endfacet
  facet normal 0.000000e+00 0.000000e+00 0.000000e+00
    outer loop
      vertex -3.922400e+00 2.300000e-01 3.717600e+00
      vertex -3.922400e+00 -3.000000e-02 3.882400e+00
      vertex -3.922400e+00 2.300000e-01 3.882400e+00
    endloop
  endfacet
  facet normal 0.000000e+00 0.000000e+00 0.000000e+00
    outer loop
      vertex -3.762400e+00 -3.000000e-02 3.557600e+00
      vertex -3.597600e+00 2.300000e-01 3.557600e+00
      vertex -3.597600e+00 -3.000000e-02 3.557600e+00
    endloop
  endfacet
  facet normal 0.000000e+00 0.000000e+00 0.000000e+00
    outer loop
      vertex -3.762400e+00 -3.000000e-02 3.557600e+00
      vertex -3.762400e+00 2.300000e-01 3.557600e+00
      vertex -3.597600e+00 2.300000e-01 3.557600e+00
    endloop
  endfacet
  facet normal 0.000000e+00 0.000000e+00 0.000000e+00
    outer loop
      vertex -3.762400e+00 -3.000000e-02 3.722400e+00
      vertex -3.597600e+00 -3.000000e-02 3.722400e+00
      vertex -3.597600e+00 2.300000e-01 3.722400e+00
    endloop
  endfacet
  facet normal 0.000000e+00 0.000000e+00 0.000000e+00
    outer loop
      vertex -3.762400e+00 -3.000000e-02 3.722400e+00
      vertex -3.597600e+00 2.300000e-01 3.722400e+00
      vertex -3.762400e+00 2.300000e-01 3.722400e+00
    endloop
  endfacet
  facet normal 0.000000e+00 0.000000e+00 0.000000e+00
    outer loop
      vertex -3.762400e+00 -3.000000e-02 3.557600e+00
      vertex -3.597600e+00 -3.000000e-02 3.557600e+00
      vertex -3.597600e+00 -3.000000e-02 3.722400e+00
    endloop
  endfacet
  facet normal 0.000000e+00 0.000000e+00 0.000000e+00
    outer loop
      vertex -3.762400e+00 -3.000000e-02 3.557600e+00
      vertex -3.597600e+00 -3.000000e-02 3.722400e+00
      vertex -3.762400e+00 -3.000000e-02 3.722400e+00
    endloop
  endfacet
  facet normal 0.000000e+00 0.000000e+00 0.000000e+00
    outer loop
      vertex -3.597600e+00 -3.000000e-02 3.557600e+00
      vertex -3.597600e+00 2.300000e-01 3.557600e+00
      vertex -3.597600e+00 2.300000e-01 3.722400e+00
    endloop
  endfacet
  facet normal 0.000000e+00 0.000000e+00 0.000000e+00
    outer loop
      vertex -3.597600e+00 -3.000000e-02 3.557600e+00
      vertex -3.597600e+00 2.300000e-01 3.722400e+00
      vertex -3.597600e+00 -3.000000e-02 3.722400e+00
    endloop
  endfacet
  facet normal 0.000000e+00 0.000000e+00 0.000000e+00
    outer loop
      vertex -3.597600e+00 2.300000e-01 3.557600e+00
      vertex -3.762400e+00 2.300000e-01 3.557600e+00
      vertex -3.762400e+00 2.300000e-01 3.722400e+00
    endloop
  endfacet
  facet normal 0.000000e+00 0.000000e+00 0.000000e+00
    outer loop
      vertex -3.597600e+00 2.300000e-01 3.557600e+00
      vertex -3.762400e+00 2.300000e-01 3.722400e+00
      vertex -3.597600e+00 2.300000e-01 3.722400e+00
    endloop
  endfacet
  facet normal 0.000000e+00 0.000000e+00 0.000000e+00
    outer loop
      vertex -3.762400e+00 2.300000e-01 3.557600e+00
      vertex -3.762400e+00 -3.000000e-02 3.557600e+00
      vertex -3.762400e+00 -3.000000e-02 3.722400e+00
    endloop
  endfacet
  facet normal 0.000000e+00 0.000000e+00 0.000000e+00
    outer loop
      vertex -3.762400e+00 2.300000e-01 3.557600e+00
      vertex -3.762400e+00 -3.000000e-02 3.722400e+00
      vertex -3.762400e+00 2.300000e-01 3.722400e+00
    endloop
  endfacet
  facet normal 0.000000e+00 0.000000e+00 0.000000e+00
    outer loop
      vertex -3.602400e+00 -3.000000e-02 3.557600e+00
      vertex -3.437600e+00 2.300000e-01 3.557600e+00
      vertex -3.437600e+00 -3.000000e-02 3.557600e+00
    endloop
  endfacet
  facet normal 0.000000e+00 0.000000e+00 0.000000e+00
    outer loop
      vertex -3.602400e+00 -3.000000e-02 3.557600e+00
      vertex -3.602400e+00 2.300000e-01 3.557600e+00
      vertex -3.437600e+00 2.300000e-01 3.557600e+00
    endloop
  endfacet
  facet normal 0.000000e+00 0.000000e+00 0.000000e+00
    outer loop
      vertex -3.602400e+00 -3.000000e-02 3.722400e+00
      vertex -3.437600e+00 -3.000000e-02 3.722400e+00
      vertex -3.437600e+00 2.300000e-01 3.722400e+00
    endloop
  endfacet
  facet normal 0.000000e+00 0.000000e+00 0.000000e+00
    outer loop
      vertex -3.602400e+00 -3.000000e-02 3.722400e+00
      vertex -3.437600e+00 2.300000e-01 3.722400e+00
      vertex -3.602400e+00 2.300000e-01 3.722400e+00
    endloop
  endfacet
  facet normal 0.000000e+00 0.000000e+00 0.000000e+00
    outer loop
      vertex -3.602400e+00 -3.000000e-02 3.557600e+00
      vertex -3.437600e+00 -3.000000e-02 3.557600e+00
      vertex -3.437600e+00 -3.000000e-02 3.722400e+00
    endloop
  endfacet
  facet normal 0.000000e+00 0.000000e+00 0.000000e+00
    outer loop
      vertex -3.602400e+00 -3.000000e-02 3.557600e+00
      vertex -3.437600e+00 -3.000000e-02 3.722400e+00
      vertex -3.602400e+00 -3.000000e-02 3.722400e+00
    endloop
  endfacet
  facet normal 0.000000e+00 0.000000e+00 0.000000e+00
    outer loop
      vertex -3.437600e+00 -3.000000e-02 3.557600e+00
      vertex -3.437600e+00 2.300000e-01 3.557600e+00
      vertex -3.437600e+00 2.300000e-01 3.722400e+00
    endloop
  endfacet
  facet normal 0.000000e+00 0.000000e+00 0.000000e+00
    outer loop
      vertex -3.437600e+00 -3.000000e-02 3.557600e+00
      vertex -3.437600e+00 2.300000e-01 3.722400e+00
      vertex -3.437600e+00 -3.000000e-02 3.722400e+00
    endloop
  endfacet
  facet normal 0.000000e+00 0.000000e+00 0.000000e+00
    outer loop
      vertex -3.437600e+00 2.300000e-01 3.557600e+00
      vertex -3.602400e+00 2.300000e-01 3.557600e+00
      vertex -3.602400e+00 2.300000e-01 3.722400e+00
    endloop
  endfacet
  facet normal 0.000000e+00 0.000000e+00 0.000000e+00
    outer loop
      vertex -3.437600e+00 2.300000e-01 3.557600e+00
      vertex -3.602400e+00 2.300000e-01 3.722400e+00
      vertex -3.437600e+00 2.300000e-01 3.722400e+00
    endloop
  endfacet
  facet normal 0.000000e+00 0.000000e+00 0.000000e+00
    outer loop
      vertex -3.602400e+00 2.300000e-01 3.557600e+00
      vertex -3.602400e+00 -3.000000e-02 3.557600e+00
      vertex -3.602400e+00 -3.000000e-02 3.722400e+00
    endloop
  endfacet
  facet normal 0.000000e+00 0.000000e+00 0.000000e+00
    outer loop
      vertex -3.602400e+00 2.300000e-01 3.557600e+00
      vertex -3.602400e+00 -3.000000e-02 3.722400e+00
      vertex -3.602400e+00 2.300000e-01 3.722400e+00
    endloop
  endfacet
  facet normal 0.000000e+00 0.000000e+00 0.000000e+00
    outer loop
      vertex -3.442400e+00 -3.000000e-02 3.557600e+00
      vertex -3.277600e+00 2.300000e-01 3.557600e+00
      vertex -3.277600e+00 -3.000000e-02 3.557600e+00
    endloop
  endfacet
  facet normal 0.000000e+00 0.000000e+00 0.000000e+00
    outer loop
      vertex -3.442400e+00 -3.000000e-02 3.557600e+00
      vertex -3.442400e+00 2.300000e-01 3.557600e+00
      vertex -3.277600e+00 2.300000e-01 3.557600e+00
    endloop
  endfacet
  facet normal 0.000000e+00 0.000000e+00 0.000000e+00
    outer loop
      vertex -3.442400e+00 -3.000000e-02 3.722400e+00
      vertex -3.277600e+00 -3.000000e-02 3.722400e+00
      vertex -3.277600e+00 2.300000e-01 3.722400e+00
    endloop
  endfacet
  facet normal 0.000000e+00 0.000000e+00 0.000000e+00
    outer loop
      vertex -3.442400e+00 -3.000000e-02 3.722400e+00
      vertex -3.277600e+00 2.300000e-01 3.722400e+00
      vertex -3.442400e+00 2.300000e-01 3.722400e+00
    endloop
  endfacet
  facet normal 0.000000e+00 0.000000e+00 0.000000e+00
    outer loop
      vertex -3.442400e+00 -3.000000e-02 3.557600e+00
      vertex -3.277600e+00 -3.000000e-02 3.557600e+00
      vertex -3.277600e+00 -3.000000e-02 3.722400e+00
    endloop
  endfacet
  facet normal 0.000000e+00 0.000000e+00 0.000000e+00
    outer loop
      vertex -3.442400e+00 -3.000000e-02 3.557600e+00
      vertex -3.277600e+00 -3.000000e-02 3.722400e+00
      vertex -3.442400e+00 -3.000000e-02 3.722400e+00
    endloop
  endfacet
  facet normal 0.000000e+00 0.000000e+00 0.000000e+00
    outer loop
      vertex -3.277600e+00 -3.000000e-02 3.557600e+00
      vertex -3.277600e+00 2.300000e-01 3.557600e+00
      vertex -3.277600e+00 2.300000e-01 3.722400e+00
    endloop
  endfacet
  facet normal 0.000000e+00 0.000000e+00 0.000000e+00
    outer loop
      vertex -3.277600e+00 -3.000000e-02 3.557600e+00
      vertex -3.277600e+00 2.300000e-01 3.722400e+00
      vertex -3.277600e+00 -3.000000e-02 3.722400e+00
    endloop
  endfacet
  facet normal 0.000000e+00 0.000000e+00 0.000000e+00
    outer loop
      vertex -3.277600e+00 2.300000e-01 3.557600e+00
      vertex -3.442400e+00 2.300000e-01 3.557600e+00
      vertex -3.442400e+00 2.300000e-01 3.722400e+00
    endloop
  endfacet
  facet normal 0.000000e+00 0.000000e+00 0.000000e+00
    outer loop
      vertex -3.277600e+00 2.300000e-01 3.557600e+00
      vertex -3.442400e+00 2.300000e-01 3.722400e+00
      vertex -3.277600e+00 2.300000e-01 3.722400e+00
    endloop
  endfacet
  facet normal 0.000000e+00 0.000000e+00 0.000000e+00
    outer loop
      vertex -3.442400e+00 2.300000e-01 3.557600e+00
      vertex -3.442400e+00 -3.000000e-02 3.557600e+00
      vertex -3.442400e+00 -3.000000e-02 3.722400e+00
    endloop
  endfacet
  facet normal 0.000000e+00 0.000000e+00 0.000000e+00
    outer loop
      vertex -3.442400e+00 2.300000e-01 3.557600e+00
      vertex -3.442400e+00 -3.000000e-02 3.722400e+00
      vertex -3.442400e+00 2.300000e-01 3.722400e+00
    endloop
  endfacet
  facet normal 0.000000e+00 0.000000e+00 0.000000e+00
    outer loop
      vertex -3.282400e+00 -3.000000e-02 3.397600e+00
      vertex -3.117600e+00 2.300000e-01 3.397600e+00
      vertex -3.117600e+00 -3.000000e-02 3.397600e+00
    endloop
  endfacet
  facet normal 0.000000e+00 0.000000e+00 0.000000e+00
    outer loop
      vertex -3.282400e+00 -3.000000e-02 3.397600e+00
      vertex -3.282400e+00 2.300000e-01 3.397600e+00
      vertex -3.117600e+00 2.300000e-01 3.397600e+00
    endloop
  endfacet
  facet normal 0.000000e+00 0.000000e+00 0.000000e+00
    outer loop
      vertex -3.282400e+00 -3.000000e-02 3.562400e+00
      vertex -3.117600e+00 -3.000000e-02 3.562400e+00
      vertex -3.117600e+00 2.300000e-01 3.562400e+00
    endloop
  endfacet
  facet normal 0.000000e+00 0.000000e+00 0.000000e+00
    outer loop
      vertex -3.282400e+00 -3.000000e-02 3.562400e+00
      vertex -3.117600e+00 2.300000e-01 3.562400e+00
      vertex -3.282400e+00 2.300000e-01 3.562400e+00
    endloop
  endfacet
  facet normal 0.000000e+00 0.000000e+00 0.000000e+00
    outer loop
      vertex -3.282400e+00 -3.000000e-02 3.397600e+00
      vertex -3.117600e+00 -3.000000e-02 3.397600e+00
      vertex -3.117600e+00 -3.000000e-02 3.562400e+00
    endloop
  endfacet
  facet normal 0.000000e+00 0.000000e+00 0.000000e+00
    outer loop
      vertex -3.282400e+00 -3.000000e-02 3.397600e+00
      vertex -3.117600e+00 -3.000000e-02 3.562400e+00
      vertex -3.282400e+00 -3.000000e-02 3.562400e+00
    endloop
  endfacet
  facet normal 0.000000e+00 0.000000e+00 0.000000e+00
    outer loop
      vertex -3.117600e+00 -3.000000e-02 3.397600e+00
      vertex -3.117600e+00 2.300000e-01 3.397600e+00
      vertex -3.117600e+00 2.300000e-01 3.562400e+00
    endloop
  endfacet
  facet normal 0.000000e+00 0.000000e+00 0.000000e+00
    outer loop
      vertex -3.117600e+00 -3.000000e-02 3.397600e+00
      vertex -3.117600e+00 2.300000e-01 3.562400e+00
      vertex -3.117600e+00 -3.000000e-02 3.562400e+00
    endloop
  endfacet
  facet normal 0.000000e+00 0.000000e+00 0.000000e+00
    outer loop
      vertex -3.117600e+00 2.300000e-01 3.397600e+00
      vertex -3.282400e+00 2.300000e-01 3.397600e+00
      vertex -3.282400e+00 2.300000e-01 3.562400e+00
    endloop
  endfacet
  facet normal 0.000000e+00 0.000000e+00 0.000000e+00
    outer loop
      vertex -3.117600e+00 2.300000e-01 3.397600e+00
      vertex -3.282400e+00 2.300000e-01 3.562400e+00
      vertex -3.117600e+00 2.300000e-01 3.562400e+00
    endloop
  endfacet
  facet normal 0.000000e+00 0.000000e+00 0.000000e+00
    outer loop
      vertex -3.282400e+00 2.300000e-01 3.397600e+00
      vertex -3.282400e+00 -3.000000e-02 3.397600e+00
      vertex -3.282400e+00 -3.000000e-02 3.562400e+00
    endloop
  endfacet
  facet normal 0.000000e+00 0.000000e+00 0.000000e+00
    outer loop
      vertex -3.282400e+00 2.300000e-01 3.397600e+00
      vertex -3.282400e+00 -3.000000e-02 3.562400e+00
      vertex -3.282400e+00 2.300000e-01 3.562400e+00
    endloop
  endfacet
  facet normal 0.000000e+00 0.000000e+00 0.000000e+00
    outer loop
      vertex -3.282400e+00 -3.000000e-02 3.237600e+00
      vertex -3.117600e+00 2.300000e-01 3.237600e+00
      vertex -3.117600e+00 -3.000000e-02 3.237600e+00
    endloop
  endfacet
  facet normal 0.000000e+00 0.000000e+00 0.000000e+00
    outer loop
      vertex -3.282400e+00 -3.000000e-02 3.237600e+00
      vertex -3.282400e+00 2.300000e-01 3.237600e+00
      vertex -3.117600e+00 2.300000e-01 3.237600e+00
    endloop
  endfacet
  facet normal 0.000000e+00 0.000000e+00 0.000000e+00
    outer loop
      vertex -3.282400e+00 -3.000000e-02 3.402400e+00
      vertex -3.117600e+00 -3.000000e-02 3.402400e+00
      vertex -3.117600e+00 2.300000e-01 3.402400e+00
    endloop
  endfacet
  facet normal 0.000000e+00 0.000000e+00 0.000000e+00
    outer loop
      vertex -3.282400e+00 -3.000000e-02 3.402400e+00
      vertex -3.117600e+00 2.300000e-01 3.402400e+00
      vertex -3.282400e+00 2.300000e-01 3.402400e+00
    endloop
  endfacet
  facet normal 0.000000e+00 0.000000e+00 0.000000e+00
    outer loop
      vertex -3.282400e+00 -3.000000e-02 3.237600e+00
      vertex -3.117600e+00 -3.000000e-02 3.237600e+00
      vertex -3.117600e+00 -3.000000e-02 3.402400e+00
    endloop
  endfacet
  facet normal 0.000000e+00 0.000000e+00 0.000000e+00
    outer loop
      vertex -3.282400e+00 -3.000000e-02 3.237600e+00
      vertex -3.117600e+00 -3.000000e-02 3.402400e+00
      vertex -3.282400e+00 -3.000000e-02 3.402400e+00
    endloop
  endfacet
  facet normal 0.000000e+00 0.000000e+00 0.000000e+00
    outer loop
      vertex -3.117600e+00 -3.000000e-02 3.237600e+00
      vertex -3.117600e+00 2.300000e-01 3.237600e+00
      vertex -3.117600e+00 2.300000e-01 3.402400e+00
    endloop
  endfacet
  facet normal 0.000000e+00 0.000000e+00 0.000000e+00
    outer loop
      vertex -3.117600e+00 -3.000000e-02 3.237600e+00
      vertex -3.117600e+00 2.300000e-01 3.402400e+00
      vertex -3.117600e+00 -3.000000e-02 3.402400e+00
    endloop
  endfacet
  facet normal 0.000000e+00 0.000000e+00 0.000000e+00
    outer loop
      vertex -3.117600e+00 2.300000e-01 3.237600e+00
      vertex -3.282400e+00 2.300000e-01 3.237600e+00
      vertex -3.282400e+00 2.300000e-01 3.402400e+00
    endloop
  endfacet
  facet normal 0.000000e+00 0.000000e+00 0.000000e+00
    outer loop
      vertex -3.117600e+00 2.300000e-01 3.237600e+00
      vertex -3.282400e+00 2.300000e-01 3.402400e+00
      vertex -3.117600e+00 2.300000e-01 3.402400e+00
    endloop
  endfacet
  facet normal 0.000000e+00 0.000000e+00 0.000000e+00
    outer loop
      vertex -3.282400e+00 2.300000e-01 3.237600e+00
      vertex -3.282400e+00 -3.000000e-02 3.237600e+00
      vertex -3.282400e+00 -3.000000e-02 3.402400e+00
    endloop
  endfacet
  facet normal 0.000000e+00 0.000000e+00 0.000000e+00
    outer loop
      vertex -3.282400e+00 2.300000e-01 3.237600e+00
      vertex -3.282400e+00 -3.000000e-02 3.402400e+00
      vertex -3.282400e+00 2.300000e-01 3.402400e+00
    endloop
  endfacet
  facet normal 0.000000e+00 0.000000e+00 0.000000e+00
    outer loop
      vertex -3.922400e+00 -3.000000e-02 3.077600e+00
      vertex -3.757600e+00 2.300000e-01 3.077600e+00
      vertex -3.757600e+00 -3.000000e-02 3.077600e+00
    endloop
  endfacet
  facet normal 0.000000e+00 0.000000e+00 0.000000e+00
    outer loop
      vertex -3.922400e+00 -3.000000e-02 3.077600e+00
      vertex -3.922400e+00 2.300000e-01 3.077600e+00
      vertex -3.757600e+00 2.300000e-01 3.077600e+00
    endloop
  endfacet
  facet normal 0.000000e+00 0.000000e+00 0.000000e+00
    outer loop
      vertex -3.922400e+00 -3.000000e-02 3.242400e+00
      vertex -3.757600e+00 -3.000000e-02 3.242400e+00
      vertex -3.757600e+00 2.300000e-01 3.242400e+00
    endloop
  endfacet
  facet normal 0.000000e+00 0.000000e+00 0.000000e+00
    outer loop
      vertex -3.922400e+00 -3.000000e-02 3.242400e+00
      vertex -3.757600e+00 2.300000e-01 3.242400e+00
      vertex -3.922400e+00 2.300000e-01 3.242400e+00
    endloop
  endfacet
  facet normal 0.000000e+00 0.000000e+00 0.000000e+00
    outer loop
      vertex -3.922400e+00 -3.000000e-02 3.077600e+00
      vertex -3.757600e+00 -3.000000e-02 3.077600e+00
      vertex -3.757600e+00 -3.000000e-02 3.242400e+00
    endloop
  endfacet
  facet normal 0.000000e+00 0.000000e+00 0.000000e+00
    outer loop
      vertex -3.922400e+00 -3.000000e-02 3.077600e+00
      vertex -3.757600e+00 -3.000000e-02 3.242400e+00
      vertex -3.922400e+00 -3.000000e-02 3.242400e+00
    endloop
  endfacet
  facet normal 0.000000e+00 0.000000e+00 0.000000e+00
    outer loop
      vertex -3.757600e+00 -3.000000e-02 3.077600e+00
      vertex -3.757600e+00 2.300000e-01 3.077600e+00
      vertex -3.757600e+00 2.300000e-01 3.242400e+00
    endloop
  endfacet
  facet normal 0.000000e+00 0.000000e+00 0.000000e+00
    outer loop
      vertex -3.757600e+00 -3.000000e-02 3.077600e+00
      vertex -3.757600e+00 2.300000e-01 3.242400e+00
      vertex -3.757600e+00 -3.000000e-02 3.242400e+00
    endloop
  endfacet
  facet normal 0.000000e+00 0.000000e+00 0.000000e+00
    outer loop
      vertex -3.757600e+00 2.300000e-01 3.077600e+00
      vertex -3.922400e+00 2.300000e-01 3.077600e+00
      vertex -3.922400e+00 2.300000e-01 3.242400e+00
    endloop
  endfacet
  facet normal 0.000000e+00 0.000000e+00 0.000000e+00
    outer loop
      vertex -3.757600e+00 2.300000e-01 3.077600e+00
      vertex -3.922400e+00 2.300000e-01 3.242400e+00
      vertex -3.757600e+00 2.300000e-01 3.242400e+00
    endloop
  endfacet
  facet normal 0.000000e+00 0.000000e+00 0.000000e+00
    outer loop
      vertex -3.922400e+00 2.300000e-01 3.077600e+00
      vertex -3.922400e+00 -3.000000e-02 3.077600e+00
      vertex -3.922400e+00 -3.000000e-02 3.242400e+00
    endloop
  endfacet
  facet normal 0.000000e+00 0.000000e+00 0.000000e+00
    outer loop
      vertex -3.922400e+00 2.300000e-01 3.077600e+00
      vertex -3.922400e+00 -3.000000e-02 3.242400e+00
      vertex -3.922400e+00 2.300000e-01 3.242400e+00
    endloop
  endfacet
  facet normal 0.000000e+00 0.000000e+00 0.000000e+00
    outer loop
      vertex -3.762400e+00 -3.000000e-02 3.077600e+00
      vertex -3.597600e+00 2.300000e-01 3.077600e+00
      vertex -3.597600e+00 -3.000000e-02 3.077600e+00
    endloop
  endfacet
  facet normal 0.000000e+00 0.000000e+00 0.000000e+00
    outer loop
      vertex -3.762400e+00 -3.000000e-02 3.077600e+00
      vertex -3.762400e+00 2.300000e-01 3.077600e+00
      vertex -3.597600e+00 2.300000e-01 3.077600e+00
    endloop
  endfacet
  facet normal 0.000000e+00 0.000000e+00 0.000000e+00
    outer loop
      vertex -3.762400e+00 -3.000000e-02 3.242400e+00
      vertex -3.597600e+00 -3.000000e-02 3.242400e+00
      vertex -3.597600e+00 2.300000e-01 3.242400e+00
    endloop
  endfacet
  facet normal 0.000000e+00 0.000000e+00 0.000000e+00
    outer loop
      vertex -3.762400e+00 -3.000000e-02 3.242400e+00
      vertex -3.597600e+00 2.300000e-01 3.242400e+00
      vertex -3.762400e+00 2.300000e-01 3.242400e+00
    endloop
  endfacet
  facet normal 0.000000e+00 0.000000e+00 0.000000e+00
    outer loop
      vertex -3.762400e+00 -3.000000e-02 3.077600e+00
      vertex -3.597600e+00 -3.000000e-02 3.077600e+00
      vertex -3.597600e+00 -3.000000e-02 3.242400e+00
    endloop
  endfacet
  facet normal 0.000000e+00 0.000000e+00 0.000000e+00
    outer loop
      vertex -3.762400e+00 -3.000000e-02 3.077600e+00
      vertex -3.597600e+00 -3.000000e-02 3.242400e+00
      vertex -3.762400e+00 -3.000000e-02 3.242400e+00
    endloop
  endfacet
  facet normal 0.000000e+00 0.000000e+00 0.000000e+00
    outer loop
      vertex -3.597600e+00 -3.000000e-02 3.077600e+00
      vertex -3.597600e+00 2.300000e-01 3.077600e+00
      vertex -3.597600e+00 2.300000e-01 3.242400e+00
    endloop
  endfacet
  facet normal 0.000000e+00 0.000000e+00 0.000000e+00
    outer loop
      vertex -3.597600e+00 -3.000000e-02 3.077600e+00
      vertex -3.597600e+00 2.300000e-01 3.242400e+00
      vertex -3.597600e+00 -3.000000e-02 3.242400e+00
    endloop
  endfacet
  facet normal 0.000000e+00 0.000000e+00 0.000000e+00
    outer loop
      vertex -3.597600e+00 2.300000e-01 3.077600e+00
      vertex -3.762400e+00 2.300000e-01 3.077600e+00
      vertex -3.762400e+00 2.300000e-01 3.242400e+00
    endloop
  endfacet
  facet normal 0.000000e+00 0.000000e+00 0.000000e+00
    outer loop
      vertex -3.597600e+00 2.300000e-01 3.077600e+00
      vertex -3.762400e+00 2.300000e-01 3.242400e+00
      vertex -3.597600e+00 2.300000e-01 3.242400e+00
    endloop
  endfacet
  facet normal 0.000000e+00 0.000000e+00 0.000000e+00
    outer loop
      vertex -3.762400e+00 2.300000e-01 3.077600e+00
      vertex -3.762400e+00 -3.000000e-02 3.077600e+00
      vertex -3.762400e+00 -3.000000e-02 3.242400e+00
    endloop
  endfacet
  facet normal 0.000000e+00 0.000000e+00 0.000000e+00
    outer loop
      vertex -3.762400e+00 2.300000e-01 3.077600e+00
      vertex -3.762400e+00 -3.000000e-02 3.242400e+00
      vertex -3.762400e+00 2.300000e-01 3.242400e+00
    endloop
  endfacet
  facet normal 0.000000e+00 0.000000e+00 0.000000e+00
    outer loop
      vertex -3.602400e+00 -3.000000e-02 3.077600e+00
      vertex -3.437600e+00 2.300000e-01 3.077600e+00
      vertex -3.437600e+00 -3.000000e-02 3.077600e+00
    endloop
  endfacet
  facet normal 0.000000e+00 0.000000e+00 0.000000e+00
    outer loop
      vertex -3.602400e+00 -3.000000e-02 3.077600e+00
      vertex -3.602400e+00 2.300000e-01 3.077600e+00
      vertex -3.437600e+00 2.300000e-01 3.077600e+00
    endloop
  endfacet
  facet normal 0.000000e+00 0.000000e+00 0.000000e+00
    outer loop
      vertex -3.602400e+00 -3.000000e-02 3.242400e+00
      vertex -3.437600e+00 -3.000000e-02 3.242400e+00
      vertex -3.437600e+00 2.300000e-01 3.242400e+00
    endloop
  endfacet
  facet normal 0.000000e+00 0.000000e+00 0.000000e+00
    outer loop
      vertex -3.602400e+00 -3.000000e-02 3.242400e+00
      vertex -3.437600e+00 2.300000e-01 3.242400e+00
      vertex -3.602400e+00 2.300000e-01 3.242400e+00
    endloop
  endfacet
  facet normal 0.000000e+00 0.000000e+00 0.000000e+00
    outer loop
      vertex -3.602400e+00 -3.000000e-02 3.077600e+00
      vertex -3.437600e+00 -3.000000e-02 3.077600e+00
      vertex -3.437600e+00 -3.000000e-02 3.242400e+00
    endloop
  endfacet
  facet normal 0.000000e+00 0.000000e+00 0.000000e+00
    outer loop
      vertex -3.602400e+00 -3.000000e-02 3.077600e+00
      vertex -3.437600e+00 -3.000000e-02 3.242400e+00
      vertex -3.602400e+00 -3.000000e-02 3.242400e+00
    endloop
  endfacet
  facet normal 0.000000e+00 0.000000e+00 0.000000e+00
    outer loop
      vertex -3.437600e+00 -3.000000e-02 3.077600e+00
      vertex -3.437600e+00 2.300000e-01 3.077600e+00
      vertex -3.437600e+00 2.300000e-01 3.242400e+00
    endloop
  endfacet
  facet normal 0.000000e+00 0.000000e+00 0.000000e+00
    outer loop
      vertex -3.437600e+00 -3.000000e-02 3.077600e+00
      vertex -3.437600e+00 2.300000e-01 3.242400e+00
      vertex -3.437600e+00 -3.000000e-02 3.242400e+00
    endloop
  endfacet
  facet normal 0.000000e+00 0.000000e+00 0.000000e+00
    outer loop
      vertex -3.437600e+00 2.300000e-01 3.077600e+00
      vertex -3.602400e+00 2.300000e-01 3.077600e+00
      vertex -3.602400e+00 2.300000e-01 3.242400e+00
    endloop
  endfacet
  facet normal 0.000000e+00 0.000000e+00 0.000000e+00
    outer loop
      vertex -3.437600e+00 2.300000e-01 3.077600e+00
      vertex -3.602400e+00 2.300000e-01 3.242400e+00
      vertex -3.437600e+00 2.300000e-01 3.242400e+00
    endloop
  endfacet
  facet normal 0.000000e+00 0.000000e+00 0.000000e+00
    outer loop
      vertex -3.602400e+00 2.300000e-01 3.077600e+00
      vertex -3.602400e+00 -3.000000e-02 3.077600e+00
      vertex -3.602400e+00 -3.000000e-02 3.242400e+00
    endloop
  endfacet
  facet normal 0.000000e+00 0.000000e+00 0.000000e+00
    outer loop
      vertex -3.602400e+00 2.300000e-01 3.077600e+00
      vertex -3.602400e+00 -3.000000e-02 3.242400e+00
      vertex -3.602400e+00 2.300000e-01 3.242400e+00
    endloop
  endfacet
  facet normal 0.000000e+00 0.000000e+00 0.000000e+00
    outer loop
      vertex -3.442400e+00 -3.000000e-02 3.077600e+00
      vertex -3.277600e+00 2.300000e-01 3.077600e+00
      vertex -3.277600e+00 -3.000000e-02 3.077600e+00
    endloop
  endfacet
  facet normal 0.000000e+00 0.000000e+00 0.000000e+00
    outer loop
      vertex -3.442400e+00 -3.000000e-02 3.077600e+00
      vertex -3.442400e+00 2.300000e-01 3.077600e+00
      vertex -3.277600e+00 2.300000e-01 3.077600e+00
    endloop
  endfacet
  facet normal 0.000000e+00 0.000000e+00 0.000000e+00
    outer loop
      vertex -3.442400e+00 -3.000000e-02 3.242400e+00
      vertex -3.277600e+00 -3.000000e-02 3.242400e+00
      vertex -3.277600e+00 2.300000e-01 3.242400e+00
    endloop
  endfacet
  facet normal 0.000000e+00 0.000000e+00 0.000000e+00
    outer loop
      vertex -3.442400e+00 -3.000000e-02 3.242400e+00
      vertex -3.277600e+00 2.300000e-01 3.242400e+00
      vertex -3.442400e+00 2.300000e-01 3.242400e+00
    endloop
  endfacet
  facet normal 0.000000e+00 0.000000e+00 0.000000e+00
    outer loop
      vertex -3.442400e+00 -3.000000e-02 3.077600e+00
      vertex -3.277600e+00 -3.000000e-02 3.077600e+00
      vertex -3.277600e+00 -3.000000e-02 3.242400e+00
    endloop
  endfacet
  facet normal 0.000000e+00 0.000000e+00 0.000000e+00
    outer loop
      vertex -3.442400e+00 -3.000000e-02 3.077600e+00
      vertex -3.277600e+00 -3.000000e-02 3.242400e+00
      vertex -3.442400e+00 -3.000000e-02 3.242400e+00
    endloop
  endfacet
  facet normal 0.000000e+00 0.000000e+00 0.000000e+00
    outer loop
      vertex -3.277600e+00 -3.000000e-02 3.077600e+00
      vertex -3.277600e+00 2.300000e-01 3.077600e+00
      vertex -3.277600e+00 2.300000e-01 3.242400e+00
    endloop
  endfacet
  facet normal 0.000000e+00 0.000000e+00 0.000000e+00
    outer loop
      vertex -3.277600e+00 -3.000000e-02 3.077600e+00
      vertex -3.277600e+00 2.300000e-01 3.242400e+00
      vertex -3.277600e+00 -3.000000e-02 3.242400e+00
    endloop
  endfacet
  facet normal 0.000000e+00 0.000000e+00 0.000000e+00
    outer loop
      vertex -3.277600e+00 2.300000e-01 3.077600e+00
      vertex -3.442400e+00 2.300000e-01 3.077600e+00
      vertex -3.442400e+00 2.300000e-01 3.242400e+00
    endloop
  endfacet
  facet normal 0.000000e+00 0.000000e+00 0.000000e+00
    outer loop
      vertex -3.277600e+00 2.300000e-01 3.077600e+00
      vertex -3.442400e+00 2.300000e-01 3.242400e+00
      vertex -3.277600e+00 2.300000e-01 3.242400e+00
    endloop
  endfacet
  facet normal 0.000000e+00 0.000000e+00 0.000000e+00
    outer loop
      vertex -3.442400e+00 2.300000e-01 3.077600e+00
      vertex -3.442400e+00 -3.000000e-02 3.077600e+00
      vertex -3.442400e+00 -3.000000e-02 3.242400e+00
    endloop
  endfacet
  facet normal 0.000000e+00 0.000000e+00 0.000000e+00
    outer loop
      vertex -3.442400e+00 2.300000e-01 3.077600e+00
      vertex -3.442400e+00 -3.000000e-02 3.242400e+00
      vertex -3.442400e+00 2.300000e-01 3.242400e+00
    endloop
  endfacet
  facet normal 0.000000e+00 0.000000e+00 0.000000e+00
    outer loop
      vertex -2.882400e+00 -3.000000e-02 3.717600e+00
      vertex -2.717600e+00 2.300000e-01 3.717600e+00
      vertex -2.717600e+00 -3.000000e-02 3.717600e+00
    endloop
  endfacet
  facet normal 0.000000e+00 0.000000e+00 0.000000e+00
    outer loop
      vertex -2.882400e+00 -3.000000e-02 3.717600e+00
      vertex -2.882400e+00 2.300000e-01 3.717600e+00
      vertex -2.717600e+00 2.300000e-01 3.717600e+00
    endloop
  endfacet
  facet normal 0.000000e+00 0.000000e+00 0.000000e+00
    outer loop
      vertex -2.882400e+00 -3.000000e-02 3.882400e+00
      vertex -2.717600e+00 -3.000000e-02 3.882400e+00
      vertex -2.717600e+00 2.300000e-01 3.882400e+00
    endloop
  endfacet
  facet normal 0.000000e+00 0.000000e+00 0.000000e+00
    outer loop
      vertex -2.882400e+00 -3.000000e-02 3.882400e+00
      vertex -2.717600e+00 2.300000e-01 3.882400e+00
      vertex -2.882400e+00 2.300000e-01 3.882400e+00
    endloop
  endfacet
  facet normal 0.000000e+00 0.000000e+00 0.000000e+00
    outer loop
      vertex -2.882400e+00 -3.000000e-02 3.717600e+00
      vertex -2.717600e+00 -3.000000e-02 3.717600e+00
      vertex -2.717600e+00 -3.000000e-02 3.882400e+00
    endloop
  endfacet
  facet normal 0.000000e+00 0.000000e+00 0.000000e+00
    outer loop
      vertex -2.882400e+00 -3.000000e-02 3.717600e+00
      vertex -2.717600e+00 -3.000000e-02 3.882400e+00
      vertex -2.882400e+00 -3.000000e-02 3.882400e+00
    endloop
  endfacet
  facet normal 0.000000e+00 0.000000e+00 0.000000e+00
    outer loop
      vertex -2.717600e+00 -3.000000e-02 3.717600e+00
      vertex -2.717600e+00 2.300000e-01 3.717600e+00
      vertex -2.717600e+00 2.300000e-01 3.882400e+00
    endloop
  endfacet
  facet normal 0.000000e+00 0.000000e+00 0.000000e+00
    outer loop
      vertex -2.717600e+00 -3.000000e-02 3.717600e+00
      vertex -2.717600e+00 2.300000e-01 3.882400e+00
      vertex -2.717600e+00 -3.000000e-02 3.882400e+00
    endloop
  endfacet
  facet normal 0.000000e+00 0.000000e+00 0.000000e+00
    outer loop
      vertex -2.717600e+00 2.300000e-01 3.717600e+00
      vertex -2.882400e+00 2.300000e-01 3.717600e+00
      vertex -2.882400e+00 2.300000e-01 3.882400e+00
    endloop
  endfacet
  facet normal 0.000000e+00 0.000000e+00 0.000000e+00
    outer loop
      vertex -2.717600e+00 2.300000e-01 3.717600e+00
      vertex -2.882400e+00 2.300000e-01 3.882400e+00
      vertex -2.717600e+00 2.300000e-01 3.882400e+00
    endloop
  endfacet
  facet normal 0.000000e+00 0.000000e+00 0.000000e+00
    outer loop
      vertex -2.882400e+00 2.300000e-01 3.717600e+00
      vertex -2.882400e+00 -3.000000e-02 3.717600e+00
      vertex -2.882400e+00 -3.000000e-02 3.882400e+00
    endloop
  endfacet
  facet normal 0.000000e+00 0.000000e+00 0.000000e+00
    outer loop
      vertex -2.882400e+00 2.300000e-01 3.717600e+00
      vertex -2.882400e+00 -3.000000e-02 3.882400e+00
      vertex -2.882400e+00 2.300000e-01 3.882400e+00
    endloop
  endfacet
  facet normal 0.000000e+00 0.000000e+00 0.000000e+00
    outer loop
      vertex -2.722400e+00 -3.000000e-02 3.717600e+00
      vertex -2.557600e+00 2.300000e-01 3.717600e+00
      vertex -2.557600e+00 -3.000000e-02 3.717600e+00
    endloop
  endfacet
  facet normal 0.000000e+00 0.000000e+00 0.000000e+00
    outer loop
      vertex -2.722400e+00 -3.000000e-02 3.717600e+00
      vertex -2.722400e+00 2.300000e-01 3.717600e+00
      vertex -2.557600e+00 2.300000e-01 3.717600e+00
    endloop
  endfacet
  facet normal 0.000000e+00 0.000000e+00 0.000000e+00
    outer loop
      vertex -2.722400e+00 -3.000000e-02 3.882400e+00
      vertex -2.557600e+00 -3.000000e-02 3.882400e+00
      vertex -2.557600e+00 2.300000e-01 3.882400e+00
    endloop
  endfacet
  facet normal 0.000000e+00 0.000000e+00 0.000000e+00
    outer loop
      vertex -2.722400e+00 -3.000000e-02 3.882400e+00
      vertex -2.557600e+00 2.300000e-01 3.882400e+00
      vertex -2.722400e+00 2.300000e-01 3.882400e+00
    endloop
  endfacet
  facet normal 0.000000e+00 0.000000e+00 0.000000e+00
    outer loop
      vertex -2.722400e+00 -3.000000e-02 3.717600e+00
      vertex -2.557600e+00 -3.000000e-02 3.717600e+00
      vertex -2.557600e+00 -3.000000e-02 3.882400e+00
    endloop
  endfacet
  facet normal 0.000000e+00 0.000000e+00 0.000000e+00
    outer loop
      vertex -2.722400e+00 -3.000000e-02 3.717600e+00
      vertex -2.557600e+00 -3.000000e-02 3.882400e+00
      vertex -2.722400e+00 -3.000000e-02 3.882400e+00
    endloop
  endfacet
  facet normal 0.000000e+00 0.000000e+00 0.000000e+00
    outer loop
      vertex -2.557600e+00 -3.000000e-02 3.717600e+00
      vertex -2.557600e+00 2.300000e-01 3.717600e+00
      vertex -2.557600e+00 2.300000e-01 3.882400e+00
    endloop
  endfacet
  facet normal 0.000000e+00 0.000000e+00 0.000000e+00
    outer loop
      vertex -2.557600e+00 -3.000000e-02 3.717600e+00
      vertex -2.557600e+00 2.300000e-01 3.882400e+00
      vertex -2.557600e+00 -3.000000e-02 3.882400e+00
    endloop
  endfacet
  facet normal 0.000000e+00 0.000000e+00 0.000000e+00
    outer loop
      vertex -2.557600e+00 2.300000e-01 3.717600e+00
      vertex -2.722400e+00 2.300000e-01 3.717600e+00
      vertex -2.722400e+00 2.300000e-01 3.882400e+00
    endloop
  endfacet
  facet normal 0.000000e+00 0.000000e+00 0.000000e+00
    outer loop
      vertex -2.557600e+00 2.300000e-01 3.717600e+00
      vertex -2.722400e+00 2.300000e-01 3.882400e+00
      vertex -2.557600e+00 2.300000e-01 3.882400e+00
    endloop
  endfacet
  facet normal 0.000000e+00 0.000000e+00 0.000000e+00
    outer loop
      vertex -2.722400e+00 2.300000e-01 3.717600e+00
      vertex -2.722400e+00 -3.000000e-02 3.717600e+00
      vertex -2.722400e+00 -3.000000e-02 3.882400e+00
    endloop
  endfacet
  facet normal 0.000000e+00 0.000000e+00 0.000000e+00
    outer loop
      vertex -2.722400e+00 2.300000e-01 3.717600e+00
      vertex -2.722400e+00 -3.000000e-02 3.882400e+00
      vertex -2.722400e+00 2.300000e-01 3.882400e+00
    endloop
  endfacet
  facet normal 0.000000e+00 0.000000e+00 0.000000e+00
    outer loop
      vertex -2.562400e+00 -3.000000e-02 3.717600e+00
      vertex -2.397600e+00 2.300000e-01 3.717600e+00
      vertex -2.397600e+00 -3.000000e-02 3.717600e+00
    endloop
  endfacet
  facet normal 0.000000e+00 0.000000e+00 0.000000e+00
    outer loop
      vertex -2.562400e+00 -3.000000e-02 3.717600e+00
      vertex -2.562400e+00 2.300000e-01 3.717600e+00
      vertex -2.397600e+00 2.300000e-01 3.717600e+00
    endloop
  endfacet
  facet normal 0.000000e+00 0.000000e+00 0.000000e+00
    outer loop
      vertex -2.562400e+00 -3.000000e-02 3.882400e+00
      vertex -2.397600e+00 -3.000000e-02 3.882400e+00
      vertex -2.397600e+00 2.300000e-01 3.882400e+00
    endloop
  endfacet
  facet normal 0.000000e+00 0.000000e+00 0.000000e+00
    outer loop
      vertex -2.562400e+00 -3.000000e-02 3.882400e+00
      vertex -2.397600e+00 2.300000e-01 3.882400e+00
      vertex -2.562400e+00 2.300000e-01 3.882400e+00
    endloop
  endfacet
  facet normal 0.000000e+00 0.000000e+00 0.000000e+00
    outer loop
      vertex -2.562400e+00 -3.000000e-02 3.717600e+00
      vertex -2.397600e+00 -3.000000e-02 3.717600e+00
      vertex -2.397600e+00 -3.000000e-02 3.882400e+00
    endloop
  endfacet
  facet normal 0.000000e+00 0.000000e+00 0.000000e+00
    outer loop
      vertex -2.562400e+00 -3.000000e-02 3.717600e+00
      vertex -2.397600e+00 -3.000000e-02 3.882400e+00
      vertex -2.562400e+00 -3.000000e-02 3.882400e+00
    endloop
  endfacet
  facet normal 0.000000e+00 0.000000e+00 0.000000e+00
    outer loop
      vertex -2.397600e+00 -3.000000e-02 3.717600e+00
      vertex -2.397600e+00 2.300000e-01 3.717600e+00
      vertex -2.397600e+00 2.300000e-01 3.882400e+00
    endloop
  endfacet
  facet normal 0.000000e+00 0.000000e+00 0.000000e+00
    outer loop
      vertex -2.397600e+00 -3.000000e-02 3.717600e+00
      vertex -2.397600e+00 2.300000e-01 3.882400e+00
      vertex -2.397600e+00 -3.000000e-02 3.882400e+00
    endloop
  endfacet
  facet normal 0.000000e+00 0.000000e+00 0.000000e+00
    outer loop
      vertex -2.397600e+00 2.300000e-01 3.717600e+00
      vertex -2.562400e+00 2.300000e-01 3.717600e+00
      vertex -2.562400e+00 2.300000e-01 3.882400e+00
    endloop
  endfacet
  facet normal 0.000000e+00 0.000000e+00 0.000000e+00
    outer loop
      vertex -2.397600e+00 2.300000e-01 3.717600e+00
      vertex -2.562400e+00 2.300000e-01 3.882400e+00
      vertex -2.397600e+00 2.300000e-01 3.882400e+00
    endloop
  endfacet
  facet normal 0.000000e+00 0.000000e+00 0.000000e+00
    outer loop
      vertex -2.562400e+00 2.300000e-01 3.717600e+00
      vertex -2.562400e+00 -3.000000e-02 3.717600e+00
      vertex -2.562400e+00 -3.000000e-02 3.882400e+00
    endloop
  endfacet
  facet normal 0.000000e+00 0.000000e+00 0.000000e+00
    outer loop
      vertex -2.562400e+00 2.300000e-01 3.717600e+00
      vertex -2.562400e+00 -3.000000e-02 3.882400e+00
      vertex -2.562400e+00 2.300000e-01 3.882400e+00
    endloop
  endfacet
  facet normal 0.000000e+00 0.000000e+00 0.000000e+00
    outer loop
      vertex -3.042400e+00 -3.000000e-02 3.557600e+00
      vertex -2.877600e+00 2.300000e-01 3.557600e+00
      vertex -2.877600e+00 -3.000000e-02 3.557600e+00
    endloop
  endfacet
  facet normal 0.000000e+00 0.000000e+00 0.000000e+00
    outer loop
      vertex -3.042400e+00 -3.000000e-02 3.557600e+00
      vertex -3.042400e+00 2.300000e-01 3.557600e+00
      vertex -2.877600e+00 2.300000e-01 3.557600e+00
    endloop
  endfacet
  facet normal 0.000000e+00 0.000000e+00 0.000000e+00
    outer loop
      vertex -3.042400e+00 -3.000000e-02 3.722400e+00
      vertex -2.877600e+00 -3.000000e-02 3.722400e+00
      vertex -2.877600e+00 2.300000e-01 3.722400e+00
    endloop
  endfacet
  facet normal 0.000000e+00 0.000000e+00 0.000000e+00
    outer loop
      vertex -3.042400e+00 -3.000000e-02 3.722400e+00
      vertex -2.877600e+00 2.300000e-01 3.722400e+00
      vertex -3.042400e+00 2.300000e-01 3.722400e+00
    endloop
  endfacet
  facet normal 0.000000e+00 0.000000e+00 0.000000e+00
    outer loop
      vertex -3.042400e+00 -3.000000e-02 3.557600e+00
      vertex -2.877600e+00 -3.000000e-02 3.557600e+00
      vertex -2.877600e+00 -3.000000e-02 3.722400e+00
    endloop
  endfacet
  facet normal 0.000000e+00 0.000000e+00 0.000000e+00
    outer loop
      vertex -3.042400e+00 -3.000000e-02 3.557600e+00
      vertex -2.877600e+00 -3.000000e-02 3.722400e+00
      vertex -3.042400e+00 -3.000000e-02 3.722400e+00
    endloop
  endfacet
  facet normal 0.000000e+00 0.000000e+00 0.000000e+00
    outer loop
      vertex -2.877600e+00 -3.000000e-02 3.557600e+00
      vertex -2.877600e+00 2.300000e-01 3.557600e+00
      vertex -2.877600e+00 2.300000e-01 3.722400e+00
    endloop
  endfacet
  facet normal 0.000000e+00 0.000000e+00 0.000000e+00
    outer loop
      vertex -2.877600e+00 -3.000000e-02 3.557600e+00
      vertex -2.877600e+00 2.300000e-01 3.722400e+00
      vertex -2.877600e+00 -3.000000e-02 3.722400e+00
    endloop
  endfacet
  facet normal 0.000000e+00 0.000000e+00 0.000000e+00
    outer loop
      vertex -2.877600e+00 2.300000e-01 3.557600e+00
      vertex -3.042400e+00 2.300000e-01 3.557600e+00
      vertex -3.042400e+00 2.300000e-01 3.722400e+00
    endloop
  endfacet
  facet normal 0.000000e+00 0.000000e+00 0.000000e+00
    outer loop
      vertex -2.877600e+00 2.300000e-01 3.557600e+00
      vertex -3.042400e+00 2.300000e-01 3.722400e+00
      vertex -2.877600e+00 2.300000e-01 3.722400e+00
    endloop
  endfacet
  facet normal 0.000000e+00 0.000000e+00 0.000000e+00
    outer loop
      vertex -3.042400e+00 2.300000e-01 3.557600e+00
      vertex -3.042400e+00 -3.000000e-02 3.557600e+00
      vertex -3.042400e+00 -3.000000e-02 3.722400e+00
    endloop
  endfacet
  facet normal 0.000000e+00 0.000000e+00 0.000000e+00
    outer loop
      vertex -3.042400e+00 2.300000e-01 3.557600e+00
      vertex -3.042400e+00 -3.000000e-02 3.722400e+00
      vertex -3.042400e+00 2.300000e-01 3.722400e+00
    endloop
  endfacet
  facet normal 0.000000e+00 0.000000e+00 0.000000e+00
    outer loop
      vertex -2.402400e+00 -3.000000e-02 3.557600e+00
      vertex -2.237600e+00 2.300000e-01 3.557600e+00
      vertex -2.237600e+00 -3.000000e-02 3.557600e+00
    endloop
  endfacet
  facet normal 0.000000e+00 0.000000e+00 0.000000e+00
    outer loop
      vertex -2.402400e+00 -3.000000e-02 3.557600e+00
      vertex -2.402400e+00 2.300000e-01 3.557600e+00
      vertex -2.237600e+00 2.300000e-01 3.557600e+00
    endloop
  endfacet
  facet normal 0.000000e+00 0.000000e+00 0.000000e+00
    outer loop
      vertex -2.402400e+00 -3.000000e-02 3.722400e+00
      vertex -2.237600e+00 -3.000000e-02 3.722400e+00
      vertex -2.237600e+00 2.300000e-01 3.722400e+00
    endloop
  endfacet
  facet normal 0.000000e+00 0.000000e+00 0.000000e+00
    outer loop
      vertex -2.402400e+00 -3.000000e-02 3.722400e+00
      vertex -2.237600e+00 2.300000e-01 3.722400e+00
      vertex -2.402400e+00 2.300000e-01 3.722400e+00
    endloop
  endfacet
  facet normal 0.000000e+00 0.000000e+00 0.000000e+00
    outer loop
      vertex -2.402400e+00 -3.000000e-02 3.557600e+00
      vertex -2.237600e+00 -3.000000e-02 3.557600e+00
      vertex -2.237600e+00 -3.000000e-02 3.722400e+00
    endloop
  endfacet
  facet normal 0.000000e+00 0.000000e+00 0.000000e+00
    outer loop
      vertex -2.402400e+00 -3.000000e-02 3.557600e+00
      vertex -2.237600e+00 -3.000000e-02 3.722400e+00
      vertex -2.402400e+00 -3.000000e-02 3.722400e+00
    endloop
  endfacet
  facet normal 0.000000e+00 0.000000e+00 0.000000e+00
    outer loop
      vertex -2.237600e+00 -3.000000e-02 3.557600e+00
      vertex -2.237600e+00 2.300000e-01 3.557600e+00
      vertex -2.237600e+00 2.300000e-01 3.722400e+00
    endloop
  endfacet
  facet normal 0.000000e+00 0.000000e+00 0.000000e+00
    outer loop
      vertex -2.237600e+00 -3.000000e-02 3.557600e+00
      vertex -2.237600e+00 2.300000e-01 3.722400e+00
      vertex -2.237600e+00 -3.000000e-02 3.722400e+00
    endloop
  endfacet
  facet normal 0.000000e+00 0.000000e+00 0.000000e+00
    outer loop
      vertex -2.237600e+00 2.300000e-01 3.557600e+00
      vertex -2.402400e+00 2.300000e-01 3.557600e+00
      vertex -2.402400e+00 2.300000e-01 3.722400e+00
    endloop
  endfacet
  facet normal 0.000000e+00 0.000000e+00 0.000000e+00
    outer loop
      vertex -2.237600e+00 2.300000e-01 3.557600e+00
      vertex -2.402400e+00 2.300000e-01 3.722400e+00
      vertex -2.237600e+00 2.300000e-01 3.722400e+00
    endloop
  endfacet
  facet normal 0.000000e+00 0.000000e+00 0.000000e+00
    outer loop
      vertex -2.402400e+00 2.300000e-01 3.557600e+00
      vertex -2.402400e+00 -3.000000e-02 3.557600e+00
      vertex -2.402400e+00 -3.000000e-02 3.722400e+00
    endloop
  endfacet
  facet normal 0.000000e+00 0.000000e+00 0.000000e+00
    outer loop
      vertex -2.402400e+00 2.300000e-01 3.557600e+00
      vertex -2.402400e+00 -3.000000e-02 3.722400e+00
      vertex -2.402400e+00 2.300000e-01 3.722400e+00
    endloop
  endfacet
  facet normal 0.000000e+00 0.000000e+00 0.000000e+00
    outer loop
      vertex -3.042400e+00 -3.000000e-02 3.397600e+00
      vertex -2.877600e+00 2.300000e-01 3.397600e+00
      vertex -2.877600e+00 -3.000000e-02 3.397600e+00
    endloop
  endfacet
  facet normal 0.000000e+00 0.000000e+00 0.000000e+00
    outer loop
      vertex -3.042400e+00 -3.000000e-02 3.397600e+00
      vertex -3.042400e+00 2.300000e-01 3.397600e+00
      vertex -2.877600e+00 2.300000e-01 3.397600e+00
    endloop
  endfacet
  facet normal 0.000000e+00 0.000000e+00 0.000000e+00
    outer loop
      vertex -3.042400e+00 -3.000000e-02 3.562400e+00
      vertex -2.877600e+00 -3.000000e-02 3.562400e+00
      vertex -2.877600e+00 2.300000e-01 3.562400e+00
    endloop
  endfacet
  facet normal 0.000000e+00 0.000000e+00 0.000000e+00
    outer loop
      vertex -3.042400e+00 -3.000000e-02 3.562400e+00
      vertex -2.877600e+00 2.300000e-01 3.562400e+00
      vertex -3.042400e+00 2.300000e-01 3.562400e+00
    endloop
  endfacet
  facet normal 0.000000e+00 0.000000e+00 0.000000e+00
    outer loop
      vertex -3.042400e+00 -3.000000e-02 3.397600e+00
      vertex -2.877600e+00 -3.000000e-02 3.397600e+00
      vertex -2.877600e+00 -3.000000e-02 3.562400e+00
    endloop
  endfacet
  facet normal 0.000000e+00 0.000000e+00 0.000000e+00
    outer loop
      vertex -3.042400e+00 -3.000000e-02 3.397600e+00
      vertex -2.877600e+00 -3.000000e-02 3.562400e+00
      vertex -3.042400e+00 -3.000000e-02 3.562400e+00
    endloop
  endfacet
  facet normal 0.000000e+00 0.000000e+00 0.000000e+00
    outer loop
      vertex -2.877600e+00 -3.000000e-02 3.397600e+00
      vertex -2.877600e+00 2.300000e-01 3.397600e+00
      vertex -2.877600e+00 2.300000e-01 3.562400e+00
    endloop
  endfacet
  facet normal 0.000000e+00 0.000000e+00 0.000000e+00
    outer loop
      vertex -2.877600e+00 -3.000000e-02 3.397600e+00
      vertex -2.877600e+00 2.300000e-01 3.562400e+00
      vertex -2.877600e+00 -3.000000e-02 3.562400e+00
    endloop
  endfacet
  facet normal 0.000000e+00 0.000000e+00 0.000000e+00
    outer loop
      vertex -2.877600e+00 2.300000e-01 3.397600e+00
      vertex -3.042400e+00 2.300000e-01 3.397600e+00
      vertex -3.042400e+00 2.300000e-01 3.562400e+00
    endloop
  endfacet
  facet normal 0.000000e+00 0.000000e+00 0.000000e+00
    outer loop
      vertex -2.877600e+00 2.300000e-01 3.397600e+00
      vertex -3.042400e+00 2.300000e-01 3.562400e+00
      vertex -2.877600e+00 2.300000e-01 3.562400e+00
    endloop
  endfacet
  facet normal 0.000000e+00 0.000000e+00 0.000000e+00
    outer loop
      vertex -3.042400e+00 2.300000e-01 3.397600e+00
      vertex -3.042400e+00 -3.000000e-02 3.397600e+00
      vertex -3.042400e+00 -3.000000e-02 3.562400e+00
    endloop
  endfacet
  facet normal 0.000000e+00 0.000000e+00 0.000000e+00
    outer loop
      vertex -3.042400e+00 2.300000e-01 3.397600e+00
      vertex -3.042400e+00 -3.000000e-02 3.562400e+00
      vertex -3.042400e+00 2.300000e-01 3.562400e+00
    endloop
  endfacet
  facet normal 0.000000e+00 0.000000e+00 0.000000e+00
    outer loop
      vertex -2.402400e+00 -3.000000e-02 3.397600e+00
      vertex -2.237600e+00 2.300000e-01 3.397600e+00
      vertex -2.237600e+00 -3.000000e-02 3.397600e+00
    endloop
  endfacet
  facet normal 0.000000e+00 0.000000e+00 0.000000e+00
    outer loop
      vertex -2.402400e+00 -3.000000e-02 3.397600e+00
      vertex -2.402400e+00 2.300000e-01 3.397600e+00
      vertex -2.237600e+00 2.300000e-01 3.397600e+00
    endloop
  endfacet
  facet normal 0.000000e+00 0.000000e+00 0.000000e+00
    outer loop
      vertex -2.402400e+00 -3.000000e-02 3.562400e+00
      vertex -2.237600e+00 -3.000000e-02 3.562400e+00
      vertex -2.237600e+00 2.300000e-01 3.562400e+00
    endloop
  endfacet
  facet normal 0.000000e+00 0.000000e+00 0.000000e+00
    outer loop
      vertex -2.402400e+00 -3.000000e-02 3.562400e+00
      vertex -2.237600e+00 2.300000e-01 3.562400e+00
      vertex -2.402400e+00 2.300000e-01 3.562400e+00
    endloop
  endfacet
  facet normal 0.000000e+00 0.000000e+00 0.000000e+00
    outer loop
      vertex -2.402400e+00 -3.000000e-02 3.397600e+00
      vertex -2.237600e+00 -3.000000e-02 3.397600e+00
      vertex -2.237600e+00 -3.000000e-02 3.562400e+00
    endloop
  endfacet
  facet normal 0.000000e+00 0.000000e+00 0.000000e+00
    outer loop
      vertex -2.402400e+00 -3.000000e-02 3.397600e+00
      vertex -2.237600e+00 -3.000000e-02 3.562400e+00
      vertex -2.402400e+00 -3.000000e-02 3.562400e+00
    endloop
  endfacet
  facet normal 0.000000e+00 0.000000e+00 0.000000e+00
    outer loop
      vertex -2.237600e+00 -3.000000e-02 3.397600e+00
      vertex -2.237600e+00 2.300000e-01 3.397600e+00
      vertex -2.237600e+00 2.300000e-01 3.562400e+00
    endloop
  endfacet
  facet normal 0.000000e+00 0.000000e+00 0.000000e+00
    outer loop
      vertex -2.237600e+00 -3.000000e-02 3.397600e+00
      vertex -2.237600e+00 2.300000e-01 3.562400e+00
      vertex -2.237600e+00 -3.000000e-02 3.562400e+00
    endloop
  endfacet
  facet normal 0.000000e+00 0.000000e+00 0.000000e+00
    outer loop
      vertex -2.237600e+00 2.300000e-01 3.397600e+00
      vertex -2.402400e+00 2.300000e-01 3.397600e+00
      vertex -2.402400e+00 2.300000e-01 3.562400e+00
    endloop
  endfacet
  facet normal 0.000000e+00 0.000000e+00 0.000000e+00
    outer loop
      vertex -2.237600e+00 2.300000e-01 3.397600e+00
      vertex -2.402400e+00 2.300000e-01 3.562400e+00
      vertex -2.237600e+00 2.300000e-01 3.562400e+00
    endloop
  endfacet
  facet normal 0.000000e+00 0.000000e+00 0.000000e+00
    outer loop
      vertex -2.402400e+00 2.300000e-01 3.397600e+00
      vertex -2.402400e+00 -3.000000e-02 3.397600e+00
      vertex -2.402400e+00 -3.000000e-02 3.562400e+00
    endloop
  endfacet
  facet normal 0.000000e+00 0.000000e+00 0.000000e+00
    outer loop
      vertex -2.402400e+00 2.300000e-01 3.397600e+00
      vertex -2.402400e+00 -3.000000e-02 3.562400e+00
      vertex -2.402400e+00 2.300000e-01 3.562400e+00
    endloop
  endfacet
  facet normal 0.000000e+00 0.000000e+00 0.000000e+00
    outer loop
      vertex -3.042400e+00 -3.000000e-02 3.237600e+00
      vertex -2.877600e+00 2.300000e-01 3.237600e+00
      vertex -2.877600e+00 -3.000000e-02 3.237600e+00
    endloop
  endfacet
  facet normal 0.000000e+00 0.000000e+00 0.000000e+00
    outer loop
      vertex -3.042400e+00 -3.000000e-02 3.237600e+00
      vertex -3.042400e+00 2.300000e-01 3.237600e+00
      vertex -2.877600e+00 2.300000e-01 3.237600e+00
    endloop
  endfacet
  facet normal 0.000000e+00 0.000000e+00 0.000000e+00
    outer loop
      vertex -3.042400e+00 -3.000000e-02 3.402400e+00
      vertex -2.877600e+00 -3.000000e-02 3.402400e+00
      vertex -2.877600e+00 2.300000e-01 3.402400e+00
    endloop
  endfacet
  facet normal 0.000000e+00 0.000000e+00 0.000000e+00
    outer loop
      vertex -3.042400e+00 -3.000000e-02 3.402400e+00
      vertex -2.877600e+00 2.300000e-01 3.402400e+00
      vertex -3.042400e+00 2.300000e-01 3.402400e+00
    endloop
  endfacet
  facet normal 0.000000e+00 0.000000e+00 0.000000e+00
    outer loop
      vertex -3.042400e+00 -3.000000e-02 3.237600e+00
      vertex -2.877600e+00 -3.000000e-02 3.237600e+00
      vertex -2.877600e+00 -3.000000e-02 3.402400e+00
    endloop
  endfacet
  facet normal 0.000000e+00 0.000000e+00 0.000000e+00
    outer loop
      vertex -3.042400e+00 -3.000000e-02 3.237600e+00
      vertex -2.877600e+00 -3.000000e-02 3.402400e+00
      vertex -3.042400e+00 -3.000000e-02 3.402400e+00
    endloop
  endfacet
  facet normal 0.000000e+00 0.000000e+00 0.000000e+00
    outer loop
      vertex -2.877600e+00 -3.000000e-02 3.237600e+00
      vertex -2.877600e+00 2.300000e-01 3.237600e+00
      vertex -2.877600e+00 2.300000e-01 3.402400e+00
    endloop
  endfacet
  facet normal 0.000000e+00 0.000000e+00 0.000000e+00
    outer loop
      vertex -2.877600e+00 -3.000000e-02 3.237600e+00
      vertex -2.877600e+00 2.300000e-01 3.402400e+00
      vertex -2.877600e+00 -3.000000e-02 3.402400e+00
    endloop
  endfacet
  facet normal 0.000000e+00 0.000000e+00 0.000000e+00
    outer loop
      vertex -2.877600e+00 2.300000e-01 3.237600e+00
      vertex -3.042400e+00 2.300000e-01 3.237600e+00
      vertex -3.042400e+00 2.300000e-01 3.402400e+00
    endloop
  endfacet
  facet normal 0.000000e+00 0.000000e+00 0.000000e+00
    outer loop
      vertex -2.877600e+00 2.300000e-01 3.237600e+00
      vertex -3.042400e+00 2.300000e-01 3.402400e+00
      vertex -2.877600e+00 2.300000e-01 3.402400e+00
    endloop
  endfacet
  facet normal 0.000000e+00 0.000000e+00 0.000000e+00
    outer loop
      vertex -3.042400e+00 2.300000e-01 3.237600e+00
      vertex -3.042400e+00 -3.000000e-02 3.237600e+00
      vertex -3.042400e+00 -3.000000e-02 3.402400e+00
    endloop
  endfacet
  facet normal 0.000000e+00 0.000000e+00 0.000000e+00
    outer loop
      vertex -3.042400e+00 2.300000e-01 3.237600e+00
      vertex -3.042400e+00 -3.000000e-02 3.402400e+00
      vertex -3.042400e+00 2.300000e-01 3.402400e+00
    endloop
  endfacet
  facet normal 0.000000e+00 0.000000e+00 0.000000e+00
    outer loop
      vertex -2.402400e+00 -3.000000e-02 3.237600e+00
      vertex -2.237600e+00 2.300000e-01 3.237600e+00
      vertex -2.237600e+00 -3.000000e-02 3.237600e+00
    endloop
  endfacet
  facet normal 0.000000e+00 0.000000e+00 0.000000e+00
    outer loop
      vertex -2.402400e+00 -3.000000e-02 3.237600e+00
      vertex -2.402400e+00 2.300000e-01 3.237600e+00
      vertex -2.237600e+00 2.300000e-01 3.237600e+00
    endloop
  endfacet
  facet normal 0.000000e+00 0.000000e+00 0.000000e+00
    outer loop
      vertex -2.402400e+00 -3.000000e-02 3.402400e+00
      vertex -2.237600e+00 -3.000000e-02 3.402400e+00
      vertex -2.237600e+00 2.300000e-01 3.402400e+00
    endloop
  endfacet
  facet normal 0.000000e+00 0.000000e+00 0.000000e+00
    outer loop
      vertex -2.402400e+00 -3.000000e-02 3.402400e+00
      vertex -2.237600e+00 2.300000e-01 3.402400e+00
      vertex -2.402400e+00 2.300000e-01 3.402400e+00
    endloop
  endfacet
  facet normal 0.000000e+00 0.000000e+00 0.000000e+00
    outer loop
      vertex -2.402400e+00 -3.000000e-02 3.237600e+00
      vertex -2.237600e+00 -3.000000e-02 3.237600e+00
      vertex -2.237600e+00 -3.000000e-02 3.402400e+00
    endloop
  endfacet
  facet normal 0.000000e+00 0.000000e+00 0.000000e+00
    outer loop
      vertex -2.402400e+00 -3.000000e-02 3.237600e+00
      vertex -2.237600e+00 -3.000000e-02 3.402400e+00
      vertex -2.402400e+00 -3.000000e-02 3.402400e+00
    endloop
  endfacet
  facet normal 0.000000e+00 0.000000e+00 0.000000e+00
    outer loop
      vertex -2.237600e+00 -3.000000e-02 3.237600e+00
      vertex -2.237600e+00 2.300000e-01 3.237600e+00
      vertex -2.237600e+00 2.300000e-01 3.402400e+00
    endloop
  endfacet
  facet normal 0.000000e+00 0.000000e+00 0.000000e+00
    outer loop
      vertex -2.237600e+00 -3.000000e-02 3.237600e+00
      vertex -2.237600e+00 2.300000e-01 3.402400e+00
      vertex -2.237600e+00 -3.000000e-02 3.402400e+00
    endloop
  endfacet
  facet normal 0.000000e+00 0.000000e+00 0.000000e+00
    outer loop
      vertex -2.237600e+00 2.300000e-01 3.237600e+00
      vertex -2.402400e+00 2.300000e-01 3.237600e+00
      vertex -2.402400e+00 2.300000e-01 3.402400e+00
    endloop
  endfacet
  facet normal 0.000000e+00 0.000000e+00 0.000000e+00
    outer loop
      vertex -2.237600e+00 2.300000e-01 3.237600e+00
      vertex -2.402400e+00 2.300000e-01 3.402400e+00
      vertex -2.237600e+00 2.300000e-01 3.402400e+00
    endloop
  endfacet
  facet normal 0.000000e+00 0.000000e+00 0.000000e+00
    outer loop
      vertex -2.402400e+00 2.300000e-01 3.237600e+00
      vertex -2.402400e+00 -3.000000e-02 3.237600e+00
      vertex -2.402400e+00 -3.000000e-02 3.402400e+00
    endloop
  endfacet
  facet normal 0.000000e+00 0.000000e+00 0.000000e+00
    outer loop
      vertex -2.402400e+00 2.300000e-01 3.237600e+00
      vertex -2.402400e+00 -3.000000e-02 3.402400e+00
      vertex -2.402400e+00 2.300000e-01 3.402400e+00
    endloop
  endfacet
  facet normal 0.000000e+00 0.000000e+00 0.000000e+00
    outer loop
      vertex -2.882400e+00 -3.000000e-02 3.077600e+00
      vertex -2.717600e+00 2.300000e-01 3.077600e+00
      vertex -2.717600e+00 -3.000000e-02 3.077600e+00
    endloop
  endfacet
  facet normal 0.000000e+00 0.000000e+00 0.000000e+00
    outer loop
      vertex -2.882400e+00 -3.000000e-02 3.077600e+00
      vertex -2.882400e+00 2.300000e-01 3.077600e+00
      vertex -2.717600e+00 2.300000e-01 3.077600e+00
    endloop
  endfacet
  facet normal 0.000000e+00 0.000000e+00 0.000000e+00
    outer loop
      vertex -2.882400e+00 -3.000000e-02 3.242400e+00
      vertex -2.717600e+00 -3.000000e-02 3.242400e+00
      vertex -2.717600e+00 2.300000e-01 3.242400e+00
    endloop
  endfacet
  facet normal 0.000000e+00 0.000000e+00 0.000000e+00
    outer loop
      vertex -2.882400e+00 -3.000000e-02 3.242400e+00
      vertex -2.717600e+00 2.300000e-01 3.242400e+00
      vertex -2.882400e+00 2.300000e-01 3.242400e+00
    endloop
  endfacet
  facet normal 0.000000e+00 0.000000e+00 0.000000e+00
    outer loop
      vertex -2.882400e+00 -3.000000e-02 3.077600e+00
      vertex -2.717600e+00 -3.000000e-02 3.077600e+00
      vertex -2.717600e+00 -3.000000e-02 3.242400e+00
    endloop
  endfacet
  facet normal 0.000000e+00 0.000000e+00 0.000000e+00
    outer loop
      vertex -2.882400e+00 -3.000000e-02 3.077600e+00
      vertex -2.717600e+00 -3.000000e-02 3.242400e+00
      vertex -2.882400e+00 -3.000000e-02 3.242400e+00
    endloop
  endfacet
  facet normal 0.000000e+00 0.000000e+00 0.000000e+00
    outer loop
      vertex -2.717600e+00 -3.000000e-02 3.077600e+00
      vertex -2.717600e+00 2.300000e-01 3.077600e+00
      vertex -2.717600e+00 2.300000e-01 3.242400e+00
    endloop
  endfacet
  facet normal 0.000000e+00 0.000000e+00 0.000000e+00
    outer loop
      vertex -2.717600e+00 -3.000000e-02 3.077600e+00
      vertex -2.717600e+00 2.300000e-01 3.242400e+00
      vertex -2.717600e+00 -3.000000e-02 3.242400e+00
    endloop
  endfacet
  facet normal 0.000000e+00 0.000000e+00 0.000000e+00
    outer loop
      vertex -2.717600e+00 2.300000e-01 3.077600e+00
      vertex -2.882400e+00 2.300000e-01 3.077600e+00
      vertex -2.882400e+00 2.300000e-01 3.242400e+00
    endloop
  endfacet
  facet normal 0.000000e+00 0.000000e+00 0.000000e+00
    outer loop
      vertex -2.717600e+00 2.300000e-01 3.077600e+00
      vertex -2.882400e+00 2.300000e-01 3.242400e+00
      vertex -2.717600e+00 2.300000e-01 3.242400e+00
    endloop
  endfacet
  facet normal 0.000000e+00 0.000000e+00 0.000000e+00
    outer loop
      vertex -2.882400e+00 2.300000e-01 3.077600e+00
      vertex -2.882400e+00 -3.000000e-02 3.077600e+00
      vertex -2.882400e+00 -3.000000e-02 3.242400e+00
    endloop
  endfacet
  facet normal 0.000000e+00 0.000000e+00 0.000000e+00
    outer loop
      vertex -2.882400e+00 2.300000e-01 3.077600e+00
      vertex -2.882400e+00 -3.000000e-02 3.242400e+00
      vertex -2.882400e+00 2.300000e-01 3.242400e+00
    endloop
  endfacet
  facet normal 0.000000e+00 0.000000e+00 0.000000e+00
    outer loop
      vertex -2.722400e+00 -3.000000e-02 3.077600e+00
      vertex -2.557600e+00 2.300000e-01 3.077600e+00
      vertex -2.557600e+00 -3.000000e-02 3.077600e+00
    endloop
  endfacet
  facet normal 0.000000e+00 0.000000e+00 0.000000e+00
    outer loop
      vertex -2.722400e+00 -3.000000e-02 3.077600e+00
      vertex -2.722400e+00 2.300000e-01 3.077600e+00
      vertex -2.557600e+00 2.300000e-01 3.077600e+00
    endloop
  endfacet
  facet normal 0.000000e+00 0.000000e+00 0.000000e+00
    outer loop
      vertex -2.722400e+00 -3.000000e-02 3.242400e+00
      vertex -2.557600e+00 -3.000000e-02 3.242400e+00
      vertex -2.557600e+00 2.300000e-01 3.242400e+00
    endloop
  endfacet
  facet normal 0.000000e+00 0.000000e+00 0.000000e+00
    outer loop
      vertex -2.722400e+00 -3.000000e-02 3.242400e+00
      vertex -2.557600e+00 2.300000e-01 3.242400e+00
      vertex -2.722400e+00 2.300000e-01 3.242400e+00
    endloop
  endfacet
  facet normal 0.000000e+00 0.000000e+00 0.000000e+00
    outer loop
      vertex -2.722400e+00 -3.000000e-02 3.077600e+00
      vertex -2.557600e+00 -3.000000e-02 3.077600e+00
      vertex -2.557600e+00 -3.000000e-02 3.242400e+00
    endloop
  endfacet
  facet normal 0.000000e+00 0.000000e+00 0.000000e+00
    outer loop
      vertex -2.722400e+00 -3.000000e-02 3.077600e+00
      vertex -2.557600e+00 -3.000000e-02 3.242400e+00
      vertex -2.722400e+00 -3.000000e-02 3.242400e+00
    endloop
  endfacet
  facet normal 0.000000e+00 0.000000e+00 0.000000e+00
    outer loop
      vertex -2.557600e+00 -3.000000e-02 3.077600e+00
      vertex -2.557600e+00 2.300000e-01 3.077600e+00
      vertex -2.557600e+00 2.300000e-01 3.242400e+00
    endloop
  endfacet
  facet normal 0.000000e+00 0.000000e+00 0.000000e+00
    outer loop
      vertex -2.557600e+00 -3.000000e-02 3.077600e+00
      vertex -2.557600e+00 2.300000e-01 3.242400e+00
      vertex -2.557600e+00 -3.000000e-02 3.242400e+00
    endloop
  endfacet
  facet normal 0.000000e+00 0.000000e+00 0.000000e+00
    outer loop
      vertex -2.557600e+00 2.300000e-01 3.077600e+00
      vertex -2.722400e+00 2.300000e-01 3.077600e+00
      vertex -2.722400e+00 2.300000e-01 3.242400e+00
    endloop
  endfacet
  facet normal 0.000000e+00 0.000000e+00 0.000000e+00
    outer loop
      vertex -2.557600e+00 2.300000e-01 3.077600e+00
      vertex -2.722400e+00 2.300000e-01 3.242400e+00
      vertex -2.557600e+00 2.300000e-01 3.242400e+00
    endloop
  endfacet
  facet normal 0.000000e+00 0.000000e+00 0.000000e+00
    outer loop
      vertex -2.722400e+00 2.300000e-01 3.077600e+00
      vertex -2.722400e+00 -3.000000e-02 3.077600e+00
      vertex -2.722400e+00 -3.000000e-02 3.242400e+00
    endloop
  endfacet
  facet normal 0.000000e+00 0.000000e+00 0.000000e+00
    outer loop
      vertex -2.722400e+00 2.300000e-01 3.077600e+00
      vertex -2.722400e+00 -3.000000e-02 3.242400e+00
      vertex -2.722400e+00 2.300000e-01 3.242400e+00
    endloop
  endfacet
  facet normal 0.000000e+00 0.000000e+00 0.000000e+00
    outer loop
      vertex -2.562400e+00 -3.000000e-02 3.077600e+00
      vertex -2.397600e+00 2.300000e-01 3.077600e+00
      vertex -2.397600e+00 -3.000000e-02 3.077600e+00
    endloop
  endfacet
  facet normal 0.000000e+00 0.000000e+00 0.000000e+00
    outer loop
      vertex -2.562400e+00 -3.000000e-02 3.077600e+00
      vertex -2.562400e+00 2.300000e-01 3.077600e+00
      vertex -2.397600e+00 2.300000e-01 3.077600e+00
    endloop
  endfacet
  facet normal 0.000000e+00 0.000000e+00 0.000000e+00
    outer loop
      vertex -2.562400e+00 -3.000000e-02 3.242400e+00
      vertex -2.397600e+00 -3.000000e-02 3.242400e+00
      vertex -2.397600e+00 2.300000e-01 3.242400e+00
    endloop
  endfacet
  facet normal 0.000000e+00 0.000000e+00 0.000000e+00
    outer loop
      vertex -2.562400e+00 -3.000000e-02 3.242400e+00
      vertex -2.397600e+00 2.300000e-01 3.242400e+00
      vertex -2.562400e+00 2.300000e-01 3.242400e+00
    endloop
  endfacet
  facet normal 0.000000e+00 0.000000e+00 0.000000e+00
    outer loop
      vertex -2.562400e+00 -3.000000e-02 3.077600e+00
      vertex -2.397600e+00 -3.000000e-02 3.077600e+00
      vertex -2.397600e+00 -3.000000e-02 3.242400e+00
    endloop
  endfacet
  facet normal 0.000000e+00 0.000000e+00 0.000000e+00
    outer loop
      vertex -2.562400e+00 -3.000000e-02 3.077600e+00
      vertex -2.397600e+00 -3.000000e-02 3.242400e+00
      vertex -2.562400e+00 -3.000000e-02 3.242400e+00
    endloop
  endfacet
  facet normal 0.000000e+00 0.000000e+00 0.000000e+00
    outer loop
      vertex -2.397600e+00 -3.000000e-02 3.077600e+00
      vertex -2.397600e+00 2.300000e-01 3.077600e+00
      vertex -2.397600e+00 2.300000e-01 3.242400e+00
    endloop
  endfacet
  facet normal 0.000000e+00 0.000000e+00 0.000000e+00
    outer loop
      vertex -2.397600e+00 -3.000000e-02 3.077600e+00
      vertex -2.397600e+00 2.300000e-01 3.242400e+00
      vertex -2.397600e+00 -3.000000e-02 3.242400e+00
    endloop
  endfacet
  facet normal 0.000000e+00 0.000000e+00 0.000000e+00
    outer loop
      vertex -2.397600e+00 2.300000e-01 3.077600e+00
      vertex -2.562400e+00 2.300000e-01 3.077600e+00
      vertex -2.562400e+00 2.300000e-01 3.242400e+00
    endloop
  endfacet
  facet normal 0.000000e+00 0.000000e+00 0.000000e+00
    outer loop
      vertex -2.397600e+00 2.300000e-01 3.077600e+00
      vertex -2.562400e+00 2.300000e-01 3.242400e+00
      vertex -2.397600e+00 2.300000e-01 3.242400e+00
    endloop
  endfacet
  facet normal 0.000000e+00 0.000000e+00 0.000000e+00
    outer loop
      vertex -2.562400e+00 2.300000e-01 3.077600e+00
      vertex -2.562400e+00 -3.000000e-02 3.077600e+00
      vertex -2.562400e+00 -3.000000e-02 3.242400e+00
    endloop
  endfacet
  facet normal 0.000000e+00 0.000000e+00 0.000000e+00
    outer loop
      vertex -2.562400e+00 2.300000e-01 3.077600e+00
      vertex -2.562400e+00 -3.000000e-02 3.242400e+00
      vertex -2.562400e+00 2.300000e-01 3.242400e+00
    endloop
  endfacet
  facet normal 0.000000e+00 0.000000e+00 0.000000e+00
    outer loop
      vertex -2.002400e+00 -3.000000e-02 4.037600e+00
      vertex -1.837600e+00 2.300000e-01 4.037600e+00
      vertex -1.837600e+00 -3.000000e-02 4.037600e+00
    endloop
  endfacet
  facet normal 0.000000e+00 0.000000e+00 0.000000e+00
    outer loop
      vertex -2.002400e+00 -3.000000e-02 4.037600e+00
      vertex -2.002400e+00 2.300000e-01 4.037600e+00
      vertex -1.837600e+00 2.300000e-01 4.037600e+00
    endloop
  endfacet
  facet normal 0.000000e+00 0.000000e+00 0.000000e+00
    outer loop
      vertex -2.002400e+00 -3.000000e-02 4.202400e+00
      vertex -1.837600e+00 -3.000000e-02 4.202400e+00
      vertex -1.837600e+00 2.300000e-01 4.202400e+00
    endloop
  endfacet
  facet normal 0.000000e+00 0.000000e+00 0.000000e+00
    outer loop
      vertex -2.002400e+00 -3.000000e-02 4.202400e+00
      vertex -1.837600e+00 2.300000e-01 4.202400e+00
      vertex -2.002400e+00 2.300000e-01 4.202400e+00
    endloop
  endfacet
  facet normal 0.000000e+00 0.000000e+00 0.000000e+00
    outer loop
      vertex -2.002400e+00 -3.000000e-02 4.037600e+00
      vertex -1.837600e+00 -3.000000e-02 4.037600e+00
      vertex -1.837600e+00 -3.000000e-02 4.202400e+00
    endloop
  endfacet
  facet normal 0.000000e+00 0.000000e+00 0.000000e+00
    outer loop
      vertex -2.002400e+00 -3.000000e-02 4.037600e+00
      vertex -1.837600e+00 -3.000000e-02 4.202400e+00
      vertex -2.002400e+00 -3.000000e-02 4.202400e+00
    endloop
  endfacet
  facet normal 0.000000e+00 0.000000e+00 0.000000e+00
    outer loop
      vertex -1.837600e+00 -3.000000e-02 4.037600e+00
      vertex -1.837600e+00 2.300000e-01 4.037600e+00
      vertex -1.837600e+00 2.300000e-01 4.202400e+00
    endloop
  endfacet
  facet normal 0.000000e+00 0.000000e+00 0.000000e+00
    outer loop
      vertex -1.837600e+00 -3.000000e-02 4.037600e+00
      vertex -1.837600e+00 2.300000e-01 4.202400e+00
      vertex -1.837600e+00 -3.000000e-02 4.202400e+00
    endloop
  endfacet
  facet normal 0.000000e+00 0.000000e+00 0.000000e+00
    outer loop
      vertex -1.837600e+00 2.300000e-01 4.037600e+00
      vertex -2.002400e+00 2.300000e-01 4.037600e+00
      vertex -2.002400e+00 2.300000e-01 4.202400e+00
    endloop
  endfacet
  facet normal 0.000000e+00 0.000000e+00 0.000000e+00
    outer loop
      vertex -1.837600e+00 2.300000e-01 4.037600e+00
      vertex -2.002400e+00 2.300000e-01 4.202400e+00
      vertex -1.837600e+00 2.300000e-01 4.202400e+00
    endloop
  endfacet
  facet normal 0.000000e+00 0.000000e+00 0.000000e+00
    outer loop
      vertex -2.002400e+00 2.300000e-01 4.037600e+00
      vertex -2.002400e+00 -3.000000e-02 4.037600e+00
      vertex -2.002400e+00 -3.000000e-02 4.202400e+00
    endloop
  endfacet
  facet normal 0.000000e+00 0.000000e+00 0.000000e+00
    outer loop
      vertex -2.002400e+00 2.300000e-01 4.037600e+00
      vertex -2.002400e+00 -3.000000e-02 4.202400e+00
      vertex -2.002400e+00 2.300000e-01 4.202400e+00
    endloop
  endfacet
  facet normal 0.000000e+00 0.000000e+00 0.000000e+00
    outer loop
      vertex -2.002400e+00 -3.000000e-02 3.877600e+00
      vertex -1.837600e+00 2.300000e-01 3.877600e+00
      vertex -1.837600e+00 -3.000000e-02 3.877600e+00
    endloop
  endfacet
  facet normal 0.000000e+00 0.000000e+00 0.000000e+00
    outer loop
      vertex -2.002400e+00 -3.000000e-02 3.877600e+00
      vertex -2.002400e+00 2.300000e-01 3.877600e+00
      vertex -1.837600e+00 2.300000e-01 3.877600e+00
    endloop
  endfacet
  facet normal 0.000000e+00 0.000000e+00 0.000000e+00
    outer loop
      vertex -2.002400e+00 -3.000000e-02 4.042400e+00
      vertex -1.837600e+00 -3.000000e-02 4.042400e+00
      vertex -1.837600e+00 2.300000e-01 4.042400e+00
    endloop
  endfacet
  facet normal 0.000000e+00 0.000000e+00 0.000000e+00
    outer loop
      vertex -2.002400e+00 -3.000000e-02 4.042400e+00
      vertex -1.837600e+00 2.300000e-01 4.042400e+00
      vertex -2.002400e+00 2.300000e-01 4.042400e+00
    endloop
  endfacet
  facet normal 0.000000e+00 0.000000e+00 0.000000e+00
    outer loop
      vertex -2.002400e+00 -3.000000e-02 3.877600e+00
      vertex -1.837600e+00 -3.000000e-02 3.877600e+00
      vertex -1.837600e+00 -3.000000e-02 4.042400e+00
    endloop
  endfacet
  facet normal 0.000000e+00 0.000000e+00 0.000000e+00
    outer loop
      vertex -2.002400e+00 -3.000000e-02 3.877600e+00
      vertex -1.837600e+00 -3.000000e-02 4.042400e+00
      vertex -2.002400e+00 -3.000000e-02 4.042400e+00
    endloop
  endfacet
  facet normal 0.000000e+00 0.000000e+00 0.000000e+00
    outer loop
      vertex -1.837600e+00 -3.000000e-02 3.877600e+00
      vertex -1.837600e+00 2.300000e-01 3.877600e+00
      vertex -1.837600e+00 2.300000e-01 4.042400e+00
    endloop
  endfacet
  facet normal 0.000000e+00 0.000000e+00 0.000000e+00
    outer loop
      vertex -1.837600e+00 -3.000000e-02 3.877600e+00
      vertex -1.837600e+00 2.300000e-01 4.042400e+00
      vertex -1.837600e+00 -3.000000e-02 4.042400e+00
    endloop
  endfacet
  facet normal 0.000000e+00 0.000000e+00 0.000000e+00
    outer loop
      vertex -1.837600e+00 2.300000e-01 3.877600e+00
      vertex -2.002400e+00 2.300000e-01 3.877600e+00
      vertex -2.002400e+00 2.300000e-01 4.042400e+00
    endloop
  endfacet
  facet normal 0.000000e+00 0.000000e+00 0.000000e+00
    outer loop
      vertex -1.837600e+00 2.300000e-01 3.877600e+00
      vertex -2.002400e+00 2.300000e-01 4.042400e+00
      vertex -1.837600e+00 2.300000e-01 4.042400e+00
    endloop
  endfacet
  facet normal 0.000000e+00 0.000000e+00 0.000000e+00
    outer loop
      vertex -2.002400e+00 2.300000e-01 3.877600e+00
      vertex -2.002400e+00 -3.000000e-02 3.877600e+00
      vertex -2.002400e+00 -3.000000e-02 4.042400e+00
    endloop
  endfacet
  facet normal 0.000000e+00 0.000000e+00 0.000000e+00
    outer loop
      vertex -2.002400e+00 2.300000e-01 3.877600e+00
      vertex -2.002400e+00 -3.000000e-02 4.042400e+00
      vertex -2.002400e+00 2.300000e-01 4.042400e+00
    endloop
  endfacet
  facet normal 0.000000e+00 0.000000e+00 0.000000e+00
    outer loop
      vertex -2.002400e+00 -3.000000e-02 3.717600e+00
      vertex -1.837600e+00 2.300000e-01 3.717600e+00
      vertex -1.837600e+00 -3.000000e-02 3.717600e+00
    endloop
  endfacet
  facet normal 0.000000e+00 0.000000e+00 0.000000e+00
    outer loop
      vertex -2.002400e+00 -3.000000e-02 3.717600e+00
      vertex -2.002400e+00 2.300000e-01 3.717600e+00
      vertex -1.837600e+00 2.300000e-01 3.717600e+00
    endloop
  endfacet
  facet normal 0.000000e+00 0.000000e+00 0.000000e+00
    outer loop
      vertex -2.002400e+00 -3.000000e-02 3.882400e+00
      vertex -1.837600e+00 -3.000000e-02 3.882400e+00
      vertex -1.837600e+00 2.300000e-01 3.882400e+00
    endloop
  endfacet
  facet normal 0.000000e+00 0.000000e+00 0.000000e+00
    outer loop
      vertex -2.002400e+00 -3.000000e-02 3.882400e+00
      vertex -1.837600e+00 2.300000e-01 3.882400e+00
      vertex -2.002400e+00 2.300000e-01 3.882400e+00
    endloop
  endfacet
  facet normal 0.000000e+00 0.000000e+00 0.000000e+00
    outer loop
      vertex -2.002400e+00 -3.000000e-02 3.717600e+00
      vertex -1.837600e+00 -3.000000e-02 3.717600e+00
      vertex -1.837600e+00 -3.000000e-02 3.882400e+00
    endloop
  endfacet
  facet normal 0.000000e+00 0.000000e+00 0.000000e+00
    outer loop
      vertex -2.002400e+00 -3.000000e-02 3.717600e+00
      vertex -1.837600e+00 -3.000000e-02 3.882400e+00
      vertex -2.002400e+00 -3.000000e-02 3.882400e+00
    endloop
  endfacet
  facet normal 0.000000e+00 0.000000e+00 0.000000e+00
    outer loop
      vertex -1.837600e+00 -3.000000e-02 3.717600e+00
      vertex -1.837600e+00 2.300000e-01 3.717600e+00
      vertex -1.837600e+00 2.300000e-01 3.882400e+00
    endloop
  endfacet
  facet normal 0.000000e+00 0.000000e+00 0.000000e+00
    outer loop
      vertex -1.837600e+00 -3.000000e-02 3.717600e+00
      vertex -1.837600e+00 2.300000e-01 3.882400e+00
      vertex -1.837600e+00 -3.000000e-02 3.882400e+00
    endloop
  endfacet
  facet normal 0.000000e+00 0.000000e+00 0.000000e+00
    outer loop
      vertex -1.837600e+00 2.300000e-01 3.717600e+00
      vertex -2.002400e+00 2.300000e-01 3.717600e+00
      vertex -2.002400e+00 2.300000e-01 3.882400e+00
    endloop
  endfacet
  facet normal 0.000000e+00 0.000000e+00 0.000000e+00
    outer loop
      vertex -1.837600e+00 2.300000e-01 3.717600e+00
      vertex -2.002400e+00 2.300000e-01 3.882400e+00
      vertex -1.837600e+00 2.300000e-01 3.882400e+00
    endloop
  endfacet
  facet normal 0.000000e+00 0.000000e+00 0.000000e+00
    outer loop
      vertex -2.002400e+00 2.300000e-01 3.717600e+00
      vertex -2.002400e+00 -3.000000e-02 3.717600e+00
      vertex -2.002400e+00 -3.000000e-02 3.882400e+00
    endloop
  endfacet
  facet normal 0.000000e+00 0.000000e+00 0.000000e+00
    outer loop
      vertex -2.002400e+00 2.300000e-01 3.717600e+00
      vertex -2.002400e+00 -3.000000e-02 3.882400e+00
      vertex -2.002400e+00 2.300000e-01 3.882400e+00
    endloop
  endfacet
  facet normal 0.000000e+00 0.000000e+00 0.000000e+00
    outer loop
      vertex -2.002400e+00 -3.000000e-02 3.557600e+00
      vertex -1.837600e+00 2.300000e-01 3.557600e+00
      vertex -1.837600e+00 -3.000000e-02 3.557600e+00
    endloop
  endfacet
  facet normal 0.000000e+00 0.000000e+00 0.000000e+00
    outer loop
      vertex -2.002400e+00 -3.000000e-02 3.557600e+00
      vertex -2.002400e+00 2.300000e-01 3.557600e+00
      vertex -1.837600e+00 2.300000e-01 3.557600e+00
    endloop
  endfacet
  facet normal 0.000000e+00 0.000000e+00 0.000000e+00
    outer loop
      vertex -2.002400e+00 -3.000000e-02 3.722400e+00
      vertex -1.837600e+00 -3.000000e-02 3.722400e+00
      vertex -1.837600e+00 2.300000e-01 3.722400e+00
    endloop
  endfacet
  facet normal 0.000000e+00 0.000000e+00 0.000000e+00
    outer loop
      vertex -2.002400e+00 -3.000000e-02 3.722400e+00
      vertex -1.837600e+00 2.300000e-01 3.722400e+00
      vertex -2.002400e+00 2.300000e-01 3.722400e+00
    endloop
  endfacet
  facet normal 0.000000e+00 0.000000e+00 0.000000e+00
    outer loop
      vertex -2.002400e+00 -3.000000e-02 3.557600e+00
      vertex -1.837600e+00 -3.000000e-02 3.557600e+00
      vertex -1.837600e+00 -3.000000e-02 3.722400e+00
    endloop
  endfacet
  facet normal 0.000000e+00 0.000000e+00 0.000000e+00
    outer loop
      vertex -2.002400e+00 -3.000000e-02 3.557600e+00
      vertex -1.837600e+00 -3.000000e-02 3.722400e+00
      vertex -2.002400e+00 -3.000000e-02 3.722400e+00
    endloop
  endfacet
  facet normal 0.000000e+00 0.000000e+00 0.000000e+00
    outer loop
      vertex -1.837600e+00 -3.000000e-02 3.557600e+00
      vertex -1.837600e+00 2.300000e-01 3.557600e+00
      vertex -1.837600e+00 2.300000e-01 3.722400e+00
    endloop
  endfacet
  facet normal 0.000000e+00 0.000000e+00 0.000000e+00
    outer loop
      vertex -1.837600e+00 -3.000000e-02 3.557600e+00
      vertex -1.837600e+00 2.300000e-01 3.722400e+00
      vertex -1.837600e+00 -3.000000e-02 3.722400e+00
    endloop
  endfacet
  facet normal 0.000000e+00 0.000000e+00 0.000000e+00
    outer loop
      vertex -1.837600e+00 2.300000e-01 3.557600e+00
      vertex -2.002400e+00 2.300000e-01 3.557600e+00
      vertex -2.002400e+00 2.300000e-01 3.722400e+00
    endloop
  endfacet
  facet normal 0.000000e+00 0.000000e+00 0.000000e+00
    outer loop
      vertex -1.837600e+00 2.300000e-01 3.557600e+00
      vertex -2.002400e+00 2.300000e-01 3.722400e+00
      vertex -1.837600e+00 2.300000e-01 3.722400e+00
    endloop
  endfacet
  facet normal 0.000000e+00 0.000000e+00 0.000000e+00
    outer loop
      vertex -2.002400e+00 2.300000e-01 3.557600e+00
      vertex -2.002400e+00 -3.000000e-02 3.557600e+00
      vertex -2.002400e+00 -3.000000e-02 3.722400e+00
    endloop
  endfacet
  facet normal 0.000000e+00 0.000000e+00 0.000000e+00
    outer loop
      vertex -2.002400e+00 2.300000e-01 3.557600e+00
      vertex -2.002400e+00 -3.000000e-02 3.722400e+00
      vertex -2.002400e+00 2.300000e-01 3.722400e+00
    endloop
  endfacet
  facet normal 0.000000e+00 0.000000e+00 0.000000e+00
    outer loop
      vertex -2.002400e+00 -3.000000e-02 3.397600e+00
      vertex -1.837600e+00 2.300000e-01 3.397600e+00
      vertex -1.837600e+00 -3.000000e-02 3.397600e+00
    endloop
  endfacet
  facet normal 0.000000e+00 0.000000e+00 0.000000e+00
    outer loop
      vertex -2.002400e+00 -3.000000e-02 3.397600e+00
      vertex -2.002400e+00 2.300000e-01 3.397600e+00
      vertex -1.837600e+00 2.300000e-01 3.397600e+00
    endloop
  endfacet
  facet normal 0.000000e+00 0.000000e+00 0.000000e+00
    outer loop
      vertex -2.002400e+00 -3.000000e-02 3.562400e+00
      vertex -1.837600e+00 -3.000000e-02 3.562400e+00
      vertex -1.837600e+00 2.300000e-01 3.562400e+00
    endloop
  endfacet
  facet normal 0.000000e+00 0.000000e+00 0.000000e+00
    outer loop
      vertex -2.002400e+00 -3.000000e-02 3.562400e+00
      vertex -1.837600e+00 2.300000e-01 3.562400e+00
      vertex -2.002400e+00 2.300000e-01 3.562400e+00
    endloop
  endfacet
  facet normal 0.000000e+00 0.000000e+00 0.000000e+00
    outer loop
      vertex -2.002400e+00 -3.000000e-02 3.397600e+00
      vertex -1.837600e+00 -3.000000e-02 3.397600e+00
      vertex -1.837600e+00 -3.000000e-02 3.562400e+00
    endloop
  endfacet
  facet normal 0.000000e+00 0.000000e+00 0.000000e+00
    outer loop
      vertex -2.002400e+00 -3.000000e-02 3.397600e+00
      vertex -1.837600e+00 -3.000000e-02 3.562400e+00
      vertex -2.002400e+00 -3.000000e-02 3.562400e+00
    endloop
  endfacet
  facet normal 0.000000e+00 0.000000e+00 0.000000e+00
    outer loop
      vertex -1.837600e+00 -3.000000e-02 3.397600e+00
      vertex -1.837600e+00 2.300000e-01 3.397600e+00
      vertex -1.837600e+00 2.300000e-01 3.562400e+00
    endloop
  endfacet
  facet normal 0.000000e+00 0.000000e+00 0.000000e+00
    outer loop
      vertex -1.837600e+00 -3.000000e-02 3.397600e+00
      vertex -1.837600e+00 2.300000e-01 3.562400e+00
      vertex -1.837600e+00 -3.000000e-02 3.562400e+00
    endloop
  endfacet
  facet normal 0.000000e+00 0.000000e+00 0.000000e+00
    outer loop
      vertex -1.837600e+00 2.300000e-01 3.397600e+00
      vertex -2.002400e+00 2.300000e-01 3.397600e+00
      vertex -2.002400e+00 2.300000e-01 3.562400e+00
    endloop
  endfacet
  facet normal 0.000000e+00 0.000000e+00 0.000000e+00
    outer loop
      vertex -1.837600e+00 2.300000e-01 3.397600e+00
      vertex -2.002400e+00 2.300000e-01 3.562400e+00
      vertex -1.837600e+00 2.300000e-01 3.562400e+00
    endloop
  endfacet
  facet normal 0.000000e+00 0.000000e+00 0.000000e+00
    outer loop
      vertex -2.002400e+00 2.300000e-01 3.397600e+00
      vertex -2.002400e+00 -3.000000e-02 3.397600e+00
      vertex -2.002400e+00 -3.000000e-02 3.562400e+00
    endloop
  endfacet
  facet normal 0.000000e+00 0.000000e+00 0.000000e+00
    outer loop
      vertex -2.002400e+00 2.300000e-01 3.397600e+00
      vertex -2.002400e+00 -3.000000e-02 3.562400e+00
      vertex -2.002400e+00 2.300000e-01 3.562400e+00
    endloop
  endfacet
  facet normal 0.000000e+00 0.000000e+00 0.000000e+00
    outer loop
      vertex -2.002400e+00 -3.000000e-02 3.237600e+00
      vertex -1.837600e+00 2.300000e-01 3.237600e+00
      vertex -1.837600e+00 -3.000000e-02 3.237600e+00
    endloop
  endfacet
  facet normal 0.000000e+00 0.000000e+00 0.000000e+00
    outer loop
      vertex -2.002400e+00 -3.000000e-02 3.237600e+00
      vertex -2.002400e+00 2.300000e-01 3.237600e+00
      vertex -1.837600e+00 2.300000e-01 3.237600e+00
    endloop
  endfacet
  facet normal 0.000000e+00 0.000000e+00 0.000000e+00
    outer loop
      vertex -2.002400e+00 -3.000000e-02 3.402400e+00
      vertex -1.837600e+00 -3.000000e-02 3.402400e+00
      vertex -1.837600e+00 2.300000e-01 3.402400e+00
    endloop
  endfacet
  facet normal 0.000000e+00 0.000000e+00 0.000000e+00
    outer loop
      vertex -2.002400e+00 -3.000000e-02 3.402400e+00
      vertex -1.837600e+00 2.300000e-01 3.402400e+00
      vertex -2.002400e+00 2.300000e-01 3.402400e+00
    endloop
  endfacet
  facet normal 0.000000e+00 0.000000e+00 0.000000e+00
    outer loop
      vertex -2.002400e+00 -3.000000e-02 3.237600e+00
      vertex -1.837600e+00 -3.000000e-02 3.237600e+00
      vertex -1.837600e+00 -3.000000e-02 3.402400e+00
    endloop
  endfacet
  facet normal 0.000000e+00 0.000000e+00 0.000000e+00
    outer loop
      vertex -2.002400e+00 -3.000000e-02 3.237600e+00
      vertex -1.837600e+00 -3.000000e-02 3.402400e+00
      vertex -2.002400e+00 -3.000000e-02 3.402400e+00
    endloop
  endfacet
  facet normal 0.000000e+00 0.000000e+00 0.000000e+00
    outer loop
      vertex -1.837600e+00 -3.000000e-02 3.237600e+00
      vertex -1.837600e+00 2.300000e-01 3.237600e+00
      vertex -1.837600e+00 2.300000e-01 3.402400e+00
    endloop
  endfacet
  facet normal 0.000000e+00 0.000000e+00 0.000000e+00
    outer loop
      vertex -1.837600e+00 -3.000000e-02 3.237600e+00
      vertex -1.837600e+00 2.300000e-01 3.402400e+00
      vertex -1.837600e+00 -3.000000e-02 3.402400e+00
    endloop
  endfacet
  facet normal 0.000000e+00 0.000000e+00 0.000000e+00
    outer loop
      vertex -1.837600e+00 2.300000e-01 3.237600e+00
      vertex -2.002400e+00 2.300000e-01 3.237600e+00
      vertex -2.002400e+00 2.300000e-01 3.402400e+00
    endloop
  endfacet
  facet normal 0.000000e+00 0.000000e+00 0.000000e+00
    outer loop
      vertex -1.837600e+00 2.300000e-01 3.237600e+00
      vertex -2.002400e+00 2.300000e-01 3.402400e+00
      vertex -1.837600e+00 2.300000e-01 3.402400e+00
    endloop
  endfacet
  facet normal 0.000000e+00 0.000000e+00 0.000000e+00
    outer loop
      vertex -2.002400e+00 2.300000e-01 3.237600e+00
      vertex -2.002400e+00 -3.000000e-02 3.237600e+00
      vertex -2.002400e+00 -3.000000e-02 3.402400e+00
    endloop
  endfacet
  facet normal 0.000000e+00 0.000000e+00 0.000000e+00
    outer loop
      vertex -2.002400e+00 2.300000e-01 3.237600e+00
      vertex -2.002400e+00 -3.000000e-02 3.402400e+00
      vertex -2.002400e+00 2.300000e-01 3.402400e+00
    endloop
  endfacet
  facet normal 0.000000e+00 0.000000e+00 0.000000e+00
    outer loop
      vertex -1.842400e+00 -3.000000e-02 3.077600e+00
      vertex -1.677600e+00 2.300000e-01 3.077600e+00
      vertex -1.677600e+00 -3.000000e-02 3.077600e+00
    endloop
  endfacet
  facet normal 0.000000e+00 0.000000e+00 0.000000e+00
    outer loop
      vertex -1.842400e+00 -3.000000e-02 3.077600e+00
      vertex -1.842400e+00 2.300000e-01 3.077600e+00
      vertex -1.677600e+00 2.300000e-01 3.077600e+00
    endloop
  endfacet
  facet normal 0.000000e+00 0.000000e+00 0.000000e+00
    outer loop
      vertex -1.842400e+00 -3.000000e-02 3.242400e+00
      vertex -1.677600e+00 -3.000000e-02 3.242400e+00
      vertex -1.677600e+00 2.300000e-01 3.242400e+00
    endloop
  endfacet
  facet normal 0.000000e+00 0.000000e+00 0.000000e+00
    outer loop
      vertex -1.842400e+00 -3.000000e-02 3.242400e+00
      vertex -1.677600e+00 2.300000e-01 3.242400e+00
      vertex -1.842400e+00 2.300000e-01 3.242400e+00
    endloop
  endfacet
  facet normal 0.000000e+00 0.000000e+00 0.000000e+00
    outer loop
      vertex -1.842400e+00 -3.000000e-02 3.077600e+00
      vertex -1.677600e+00 -3.000000e-02 3.077600e+00
      vertex -1.677600e+00 -3.000000e-02 3.242400e+00
    endloop
  endfacet
  facet normal 0.000000e+00 0.000000e+00 0.000000e+00
    outer loop
      vertex -1.842400e+00 -3.000000e-02 3.077600e+00
      vertex -1.677600e+00 -3.000000e-02 3.242400e+00
      vertex -1.842400e+00 -3.000000e-02 3.242400e+00
    endloop
  endfacet
  facet normal 0.000000e+00 0.000000e+00 0.000000e+00
    outer loop
      vertex -1.677600e+00 -3.000000e-02 3.077600e+00
      vertex -1.677600e+00 2.300000e-01 3.077600e+00
      vertex -1.677600e+00 2.300000e-01 3.242400e+00
    endloop
  endfacet
  facet normal 0.000000e+00 0.000000e+00 0.000000e+00
    outer loop
      vertex -1.677600e+00 -3.000000e-02 3.077600e+00
      vertex -1.677600e+00 2.300000e-01 3.242400e+00
      vertex -1.677600e+00 -3.000000e-02 3.242400e+00
    endloop
  endfacet
  facet normal 0.000000e+00 0.000000e+00 0.000000e+00
    outer loop
      vertex -1.677600e+00 2.300000e-01 3.077600e+00
      vertex -1.842400e+00 2.300000e-01 3.077600e+00
      vertex -1.842400e+00 2.300000e-01 3.242400e+00
    endloop
  endfacet
  facet normal 0.000000e+00 0.000000e+00 0.000000e+00
    outer loop
      vertex -1.677600e+00 2.300000e-01 3.077600e+00
      vertex -1.842400e+00 2.300000e-01 3.242400e+00
      vertex -1.677600e+00 2.300000e-01 3.242400e+00
    endloop
  endfacet
  facet normal 0.000000e+00 0.000000e+00 0.000000e+00
    outer loop
      vertex -1.842400e+00 2.300000e-01 3.077600e+00
      vertex -1.842400e+00 -3.000000e-02 3.077600e+00
      vertex -1.842400e+00 -3.000000e-02 3.242400e+00
    endloop
  endfacet
  facet normal 0.000000e+00 0.000000e+00 0.000000e+00
    outer loop
      vertex -1.842400e+00 2.300000e-01 3.077600e+00
      vertex -1.842400e+00 -3.000000e-02 3.242400e+00
      vertex -1.842400e+00 2.300000e-01 3.242400e+00
    endloop
  endfacet
  facet normal 0.000000e+00 0.000000e+00 0.000000e+00
    outer loop
      vertex -1.682400e+00 -3.000000e-02 3.077600e+00
      vertex -1.517600e+00 2.300000e-01 3.077600e+00
      vertex -1.517600e+00 -3.000000e-02 3.077600e+00
    endloop
  endfacet
  facet normal 0.000000e+00 0.000000e+00 0.000000e+00
    outer loop
      vertex -1.682400e+00 -3.000000e-02 3.077600e+00
      vertex -1.682400e+00 2.300000e-01 3.077600e+00
      vertex -1.517600e+00 2.300000e-01 3.077600e+00
    endloop
  endfacet
  facet normal 0.000000e+00 0.000000e+00 0.000000e+00
    outer loop
      vertex -1.682400e+00 -3.000000e-02 3.242400e+00
      vertex -1.517600e+00 -3.000000e-02 3.242400e+00
      vertex -1.517600e+00 2.300000e-01 3.242400e+00
    endloop
  endfacet
  facet normal 0.000000e+00 0.000000e+00 0.000000e+00
    outer loop
      vertex -1.682400e+00 -3.000000e-02 3.242400e+00
      vertex -1.517600e+00 2.300000e-01 3.242400e+00
      vertex -1.682400e+00 2.300000e-01 3.242400e+00
    endloop
  endfacet
  facet normal 0.000000e+00 0.000000e+00 0.000000e+00
    outer loop
      vertex -1.682400e+00 -3.000000e-02 3.077600e+00
      vertex -1.517600e+00 -3.000000e-02 3.077600e+00
      vertex -1.517600e+00 -3.000000e-02 3.242400e+00
    endloop
  endfacet
  facet normal 0.000000e+00 0.000000e+00 0.000000e+00
    outer loop
      vertex -1.682400e+00 -3.000000e-02 3.077600e+00
      vertex -1.517600e+00 -3.000000e-02 3.242400e+00
      vertex -1.682400e+00 -3.000000e-02 3.242400e+00
    endloop
  endfacet
  facet normal 0.000000e+00 0.000000e+00 0.000000e+00
    outer loop
      vertex -1.517600e+00 -3.000000e-02 3.077600e+00
      vertex -1.517600e+00 2.300000e-01 3.077600e+00
      vertex -1.517600e+00 2.300000e-01 3.242400e+00
    endloop
  endfacet
  facet normal 0.000000e+00 0.000000e+00 0.000000e+00
    outer loop
      vertex -1.517600e+00 -3.000000e-02 3.077600e+00
      vertex -1.517600e+00 2.300000e-01 3.242400e+00
      vertex -1.517600e+00 -3.000000e-02 3.242400e+00
    endloop
  endfacet
  facet normal 0.000000e+00 0.000000e+00 0.000000e+00
    outer loop
      vertex -1.517600e+00 2.300000e-01 3.077600e+00
      vertex -1.682400e+00 2.300000e-01 3.077600e+00
      vertex -1.682400e+00 2.300000e-01 3.242400e+00
    endloop
  endfacet
  facet normal 0.000000e+00 0.000000e+00 0.000000e+00
    outer loop
      vertex -1.517600e+00 2.300000e-01 3.077600e+00
      vertex -1.682400e+00 2.300000e-01 3.242400e+00
      vertex -1.517600e+00 2.300000e-01 3.242400e+00
    endloop
  endfacet
  facet normal 0.000000e+00 0.000000e+00 0.000000e+00
    outer loop
      vertex -1.682400e+00 2.300000e-01 3.077600e+00
      vertex -1.682400e+00 -3.000000e-02 3.077600e+00
      vertex -1.682400e+00 -3.000000e-02 3.242400e+00
    endloop
  endfacet
  facet normal 0.000000e+00 0.000000e+00 0.000000e+00
    outer loop
      vertex -1.682400e+00 2.300000e-01 3.077600e+00
      vertex -1.682400e+00 -3.000000e-02 3.242400e+00
      vertex -1.682400e+00 2.300000e-01 3.242400e+00
    endloop
  endfacet
  facet normal 0.000000e+00 0.000000e+00 0.000000e+00
    outer loop
      vertex -9.624000e-01 -3.000000e-02 3.877600e+00
      vertex -7.976000e-01 2.300000e-01 3.877600e+00
      vertex -7.976000e-01 -3.000000e-02 3.877600e+00
    endloop
  endfacet
  facet normal 0.000000e+00 0.000000e+00 0.000000e+00
    outer loop
      vertex -9.624000e-01 -3.000000e-02 3.877600e+00
      vertex -9.624000e-01 2.300000e-01 3.877600e+00
      vertex -7.976000e-01 2.300000e-01 3.877600e+00
    endloop
  endfacet
  facet normal 0.000000e+00 0.000000e+00 0.000000e+00
    outer loop
      vertex -9.624000e-01 -3.000000e-02 4.042400e+00
      vertex -7.976000e-01 -3.000000e-02 4.042400e+00
      vertex -7.976000e-01 2.300000e-01 4.042400e+00
    endloop
  endfacet
  facet normal 0.000000e+00 0.000000e+00 0.000000e+00
    outer loop
      vertex -9.624000e-01 -3.000000e-02 4.042400e+00
      vertex -7.976000e-01 2.300000e-01 4.042400e+00
      vertex -9.624000e-01 2.300000e-01 4.042400e+00
    endloop
  endfacet
  facet normal 0.000000e+00 0.000000e+00 0.000000e+00
    outer loop
      vertex -9.624000e-01 -3.000000e-02 3.877600e+00
      vertex -7.976000e-01 -3.000000e-02 3.877600e+00
      vertex -7.976000e-01 -3.000000e-02 4.042400e+00
    endloop
  endfacet
  facet normal 0.000000e+00 0.000000e+00 0.000000e+00
    outer loop
      vertex -9.624000e-01 -3.000000e-02 3.877600e+00
      vertex -7.976000e-01 -3.000000e-02 4.042400e+00
      vertex -9.624000e-01 -3.000000e-02 4.042400e+00
    endloop
  endfacet
  facet normal 0.000000e+00 0.000000e+00 0.000000e+00
    outer loop
      vertex -7.976000e-01 -3.000000e-02 3.877600e+00
      vertex -7.976000e-01 2.300000e-01 3.877600e+00
      vertex -7.976000e-01 2.300000e-01 4.042400e+00
    endloop
  endfacet
  facet normal 0.000000e+00 0.000000e+00 0.000000e+00
    outer loop
      vertex -7.976000e-01 -3.000000e-02 3.877600e+00
      vertex -7.976000e-01 2.300000e-01 4.042400e+00
      vertex -7.976000e-01 -3.000000e-02 4.042400e+00
    endloop
  endfacet
  facet normal 0.000000e+00 0.000000e+00 0.000000e+00
    outer loop
      vertex -7.976000e-01 2.300000e-01 3.877600e+00
      vertex -9.624000e-01 2.300000e-01 3.877600e+00
      vertex -9.624000e-01 2.300000e-01 4.042400e+00
    endloop
  endfacet
  facet normal 0.000000e+00 0.000000e+00 0.000000e+00
    outer loop
      vertex -7.976000e-01 2.300000e-01 3.877600e+00
      vertex -9.624000e-01 2.300000e-01 4.042400e+00
      vertex -7.976000e-01 2.300000e-01 4.042400e+00
    endloop
  endfacet
  facet normal 0.000000e+00 0.000000e+00 0.000000e+00
    outer loop
      vertex -9.624000e-01 2.300000e-01 3.877600e+00
      vertex -9.624000e-01 -3.000000e-02 3.877600e+00
      vertex -9.624000e-01 -3.000000e-02 4.042400e+00
    endloop
  endfacet
  facet normal 0.000000e+00 0.000000e+00 0.000000e+00
    outer loop
      vertex -9.624000e-01 2.300000e-01 3.877600e+00
      vertex -9.624000e-01 -3.000000e-02 4.042400e+00
      vertex -9.624000e-01 2.300000e-01 4.042400e+00
    endloop
  endfacet
  facet normal 0.000000e+00 0.000000e+00 0.000000e+00
    outer loop
      vertex -1.122400e+00 -3.000000e-02 3.557600e+00
      vertex -9.576000e-01 2.300000e-01 3.557600e+00
      vertex -9.576000e-01 -3.000000e-02 3.557600e+00
    endloop
  endfacet
  facet normal 0.000000e+00 0.000000e+00 0.000000e+00
    outer loop
      vertex -1.122400e+00 -3.000000e-02 3.557600e+00
      vertex -1.122400e+00 2.300000e-01 3.557600e+00
      vertex -9.576000e-01 2.300000e-01 3.557600e+00
    endloop
  endfacet
  facet normal 0.000000e+00 0.000000e+00 0.000000e+00
    outer loop
      vertex -1.122400e+00 -3.000000e-02 3.722400e+00
      vertex -9.576000e-01 -3.000000e-02 3.722400e+00
      vertex -9.576000e-01 2.300000e-01 3.722400e+00
    endloop
  endfacet
  facet normal 0.000000e+00 0.000000e+00 0.000000e+00
    outer loop
      vertex -1.122400e+00 -3.000000e-02 3.722400e+00
      vertex -9.576000e-01 2.300000e-01 3.722400e+00
      vertex -1.122400e+00 2.300000e-01 3.722400e+00
    endloop
  endfacet
  facet normal 0.000000e+00 0.000000e+00 0.000000e+00
    outer loop
      vertex -1.122400e+00 -3.000000e-02 3.557600e+00
      vertex -9.576000e-01 -3.000000e-02 3.557600e+00
      vertex -9.576000e-01 -3.000000e-02 3.722400e+00
    endloop
  endfacet
  facet normal 0.000000e+00 0.000000e+00 0.000000e+00
    outer loop
      vertex -1.122400e+00 -3.000000e-02 3.557600e+00
      vertex -9.576000e-01 -3.000000e-02 3.722400e+00
      vertex -1.122400e+00 -3.000000e-02 3.722400e+00
    endloop
  endfacet
  facet normal 0.000000e+00 0.000000e+00 0.000000e+00
    outer loop
      vertex -9.576000e-01 -3.000000e-02 3.557600e+00
      vertex -9.576000e-01 2.300000e-01 3.557600e+00
      vertex -9.576000e-01 2.300000e-01 3.722400e+00
    endloop
  endfacet
  facet normal 0.000000e+00 0.000000e+00 0.000000e+00
    outer loop
      vertex -9.576000e-01 -3.000000e-02 3.557600e+00
      vertex -9.576000e-01 2.300000e-01 3.722400e+00
      vertex -9.576000e-01 -3.000000e-02 3.722400e+00
    endloop
  endfacet
  facet normal 0.000000e+00 0.000000e+00 0.000000e+00
    outer loop
      vertex -9.576000e-01 2.300000e-01 3.557600e+00
      vertex -1.122400e+00 2.300000e-01 3.557600e+00
      vertex -1.122400e+00 2.300000e-01 3.722400e+00
    endloop
  endfacet
  facet normal 0.000000e+00 0.000000e+00 0.000000e+00
    outer loop
      vertex -9.576000e-01 2.300000e-01 3.557600e+00
      vertex -1.122400e+00 2.300000e-01 3.722400e+00
      vertex -9.576000e-01 2.300000e-01 3.722400e+00
    endloop
  endfacet
  facet normal 0.000000e+00 0.000000e+00 0.000000e+00
    outer loop
      vertex -1.122400e+00 2.300000e-01 3.557600e+00
      vertex -1.122400e+00 -3.000000e-02 3.557600e+00
      vertex -1.122400e+00 -3.000000e-02 3.722400e+00
    endloop
  endfacet
  facet normal 0.000000e+00 0.000000e+00 0.000000e+00
    outer loop
      vertex -1.122400e+00 2.300000e-01 3.557600e+00
      vertex -1.122400e+00 -3.000000e-02 3.722400e+00
      vertex -1.122400e+00 2.300000e-01 3.722400e+00
    endloop
  endfacet
  facet normal 0.000000e+00 0.000000e+00 0.000000e+00
    outer loop
      vertex -9.624000e-01 -3.000000e-02 3.557600e+00
      vertex -7.976000e-01 2.300000e-01 3.557600e+00
      vertex -7.976000e-01 -3.000000e-02 3.557600e+00
    endloop
  endfacet
  facet normal 0.000000e+00 0.000000e+00 0.000000e+00
    outer loop
      vertex -9.624000e-01 -3.000000e-02 3.557600e+00
      vertex -9.624000e-01 2.300000e-01 3.557600e+00
      vertex -7.976000e-01 2.300000e-01 3.557600e+00
    endloop
  endfacet
  facet normal 0.000000e+00 0.000000e+00 0.000000e+00
    outer loop
      vertex -9.624000e-01 -3.000000e-02 3.722400e+00
      vertex -7.976000e-01 -3.000000e-02 3.722400e+00
      vertex -7.976000e-01 2.300000e-01 3.722400e+00
    endloop
  endfacet
  facet normal 0.000000e+00 0.000000e+00 0.000000e+00
    outer loop
      vertex -9.624000e-01 -3.000000e-02 3.722400e+00
      vertex -7.976000e-01 2.300000e-01 3.722400e+00
      vertex -9.624000e-01 2.300000e-01 3.722400e+00
    endloop
  endfacet
  facet normal 0.000000e+00 0.000000e+00 0.000000e+00
    outer loop
      vertex -9.624000e-01 -3.000000e-02 3.557600e+00
      vertex -7.976000e-01 -3.000000e-02 3.557600e+00
      vertex -7.976000e-01 -3.000000e-02 3.722400e+00
    endloop
  endfacet
  facet normal 0.000000e+00 0.000000e+00 0.000000e+00
    outer loop
      vertex -9.624000e-01 -3.000000e-02 3.557600e+00
      vertex -7.976000e-01 -3.000000e-02 3.722400e+00
      vertex -9.624000e-01 -3.000000e-02 3.722400e+00
    endloop
  endfacet
  facet normal 0.000000e+00 0.000000e+00 0.000000e+00
    outer loop
      vertex -7.976000e-01 -3.000000e-02 3.557600e+00
      vertex -7.976000e-01 2.300000e-01 3.557600e+00
      vertex -7.976000e-01 2.300000e-01 3.722400e+00
    endloop
  endfacet
  facet normal 0.000000e+00 0.000000e+00 0.000000e+00
    outer loop
      vertex -7.976000e-01 -3.000000e-02 3.557600e+00
      vertex -7.976000e-01 2.300000e-01 3.722400e+00
      vertex -7.976000e-01 -3.000000e-02 3.722400e+00
    endloop
  endfacet
  facet normal 0.000000e+00 0.000000e+00 0.000000e+00
    outer loop
      vertex -7.976000e-01 2.300000e-01 3.557600e+00
      vertex -9.624000e-01 2.300000e-01 3.557600e+00
      vertex -9.624000e-01 2.300000e-01 3.722400e+00
    endloop
  endfacet
  facet normal 0.000000e+00 0.000000e+00 0.000000e+00
    outer loop
      vertex -7.976000e-01 2.300000e-01 3.557600e+00
      vertex -9.624000e-01 2.300000e-01 3.722400e+00
      vertex -7.976000e-01 2.300000e-01 3.722400e+00
    endloop
  endfacet
  facet normal 0.000000e+00 0.000000e+00 0.000000e+00
    outer loop
      vertex -9.624000e-01 2.300000e-01 3.557600e+00
      vertex -9.624000e-01 -3.000000e-02 3.557600e+00
      vertex -9.624000e-01 -3.000000e-02 3.722400e+00
    endloop
  endfacet
  facet normal 0.000000e+00 0.000000e+00 0.000000e+00
    outer loop
      vertex -9.624000e-01 2.300000e-01 3.557600e+00
      vertex -9.624000e-01 -3.000000e-02 3.722400e+00
      vertex -9.624000e-01 2.300000e-01 3.722400e+00
    endloop
  endfacet
  facet normal 0.000000e+00 0.000000e+00 0.000000e+00
    outer loop
      vertex -9.624000e-01 -3.000000e-02 3.397600e+00
      vertex -7.976000e-01 2.300000e-01 3.397600e+00
      vertex -7.976000e-01 -3.000000e-02 3.397600e+00
    endloop
  endfacet
  facet normal 0.000000e+00 0.000000e+00 0.000000e+00
    outer loop
      vertex -9.624000e-01 -3.000000e-02 3.397600e+00
      vertex -9.624000e-01 2.300000e-01 3.397600e+00
      vertex -7.976000e-01 2.300000e-01 3.397600e+00
    endloop
  endfacet
  facet normal 0.000000e+00 0.000000e+00 0.000000e+00
    outer loop
      vertex -9.624000e-01 -3.000000e-02 3.562400e+00
      vertex -7.976000e-01 -3.000000e-02 3.562400e+00
      vertex -7.976000e-01 2.300000e-01 3.562400e+00
    endloop
  endfacet
  facet normal 0.000000e+00 0.000000e+00 0.000000e+00
    outer loop
      vertex -9.624000e-01 -3.000000e-02 3.562400e+00
      vertex -7.976000e-01 2.300000e-01 3.562400e+00
      vertex -9.624000e-01 2.300000e-01 3.562400e+00
    endloop
  endfacet
  facet normal 0.000000e+00 0.000000e+00 0.000000e+00
    outer loop
      vertex -9.624000e-01 -3.000000e-02 3.397600e+00
      vertex -7.976000e-01 -3.000000e-02 3.397600e+00
      vertex -7.976000e-01 -3.000000e-02 3.562400e+00
    endloop
  endfacet
  facet normal 0.000000e+00 0.000000e+00 0.000000e+00
    outer loop
      vertex -9.624000e-01 -3.000000e-02 3.397600e+00
      vertex -7.976000e-01 -3.000000e-02 3.562400e+00
      vertex -9.624000e-01 -3.000000e-02 3.562400e+00
    endloop
  endfacet
  facet normal 0.000000e+00 0.000000e+00 0.000000e+00
    outer loop
      vertex -7.976000e-01 -3.000000e-02 3.397600e+00
      vertex -7.976000e-01 2.300000e-01 3.397600e+00
      vertex -7.976000e-01 2.300000e-01 3.562400e+00
    endloop
  endfacet
  facet normal 0.000000e+00 0.000000e+00 0.000000e+00
    outer loop
      vertex -7.976000e-01 -3.000000e-02 3.397600e+00
      vertex -7.976000e-01 2.300000e-01 3.562400e+00
      vertex -7.976000e-01 -3.000000e-02 3.562400e+00
    endloop
  endfacet
  facet normal 0.000000e+00 0.000000e+00 0.000000e+00
    outer loop
      vertex -7.976000e-01 2.300000e-01 3.397600e+00
      vertex -9.624000e-01 2.300000e-01 3.397600e+00
      vertex -9.624000e-01 2.300000e-01 3.562400e+00
    endloop
  endfacet
  facet normal 0.000000e+00 0.000000e+00 0.000000e+00
    outer loop
      vertex -7.976000e-01 2.300000e-01 3.397600e+00
      vertex -9.624000e-01 2.300000e-01 3.562400e+00
      vertex -7.976000e-01 2.300000e-01 3.562400e+00
    endloop
  endfacet
  facet normal 0.000000e+00 0.000000e+00 0.000000e+00
    outer loop
      vertex -9.624000e-01 2.300000e-01 3.397600e+00
      vertex -9.624000e-01 -3.000000e-02 3.397600e+00
      vertex -9.624000e-01 -3.000000e-02 3.562400e+00
    endloop
  endfacet
  facet normal 0.000000e+00 0.000000e+00 0.000000e+00
    outer loop
      vertex -9.624000e-01 2.300000e-01 3.397600e+00
      vertex -9.624000e-01 -3.000000e-02 3.562400e+00
      vertex -9.624000e-01 2.300000e-01 3.562400e+00
    endloop
  endfacet
  facet normal 0.000000e+00 0.000000e+00 0.000000e+00
    outer loop
      vertex -9.624000e-01 -3.000000e-02 3.237600e+00
      vertex -7.976000e-01 2.300000e-01 3.237600e+00
      vertex -7.976000e-01 -3.000000e-02 3.237600e+00
    endloop
  endfacet
  facet normal 0.000000e+00 0.000000e+00 0.000000e+00
    outer loop
      vertex -9.624000e-01 -3.000000e-02 3.237600e+00
      vertex -9.624000e-01 2.300000e-01 3.237600e+00
      vertex -7.976000e-01 2.300000e-01 3.237600e+00
    endloop
  endfacet
  facet normal 0.000000e+00 0.000000e+00 0.000000e+00
    outer loop
      vertex -9.624000e-01 -3.000000e-02 3.402400e+00
      vertex -7.976000e-01 -3.000000e-02 3.402400e+00
      vertex -7.976000e-01 2.300000e-01 3.402400e+00
    endloop
  endfacet
  facet normal 0.000000e+00 0.000000e+00 0.000000e+00
    outer loop
      vertex -9.624000e-01 -3.000000e-02 3.402400e+00
      vertex -7.976000e-01 2.300000e-01 3.402400e+00
      vertex -9.624000e-01 2.300000e-01 3.402400e+00
    endloop
  endfacet
  facet normal 0.000000e+00 0.000000e+00 0.000000e+00
    outer loop
      vertex -9.624000e-01 -3.000000e-02 3.237600e+00
      vertex -7.976000e-01 -3.000000e-02 3.237600e+00
      vertex -7.976000e-01 -3.000000e-02 3.402400e+00
    endloop
  endfacet
  facet normal 0.000000e+00 0.000000e+00 0.000000e+00
    outer loop
      vertex -9.624000e-01 -3.000000e-02 3.237600e+00
      vertex -7.976000e-01 -3.000000e-02 3.402400e+00
      vertex -9.624000e-01 -3.000000e-02 3.402400e+00
    endloop
  endfacet
  facet normal 0.000000e+00 0.000000e+00 0.000000e+00
    outer loop
      vertex -7.976000e-01 -3.000000e-02 3.237600e+00
      vertex -7.976000e-01 2.300000e-01 3.237600e+00
      vertex -7.976000e-01 2.300000e-01 3.402400e+00
    endloop
  endfacet
  facet normal 0.000000e+00 0.000000e+00 0.000000e+00
    outer loop
      vertex -7.976000e-01 -3.000000e-02 3.237600e+00
      vertex -7.976000e-01 2.300000e-01 3.402400e+00
      vertex -7.976000e-01 -3.000000e-02 3.402400e+00
    endloop
  endfacet
  facet normal 0.000000e+00 0.000000e+00 0.000000e+00
    outer loop
      vertex -7.976000e-01 2.300000e-01 3.237600e+00
      vertex -9.624000e-01 2.300000e-01 3.237600e+00
      vertex -9.624000e-01 2.300000e-01 3.402400e+00
    endloop
  endfacet
  facet normal 0.000000e+00 0.000000e+00 0.000000e+00
    outer loop
      vertex -7.976000e-01 2.300000e-01 3.237600e+00
      vertex -9.624000e-01 2.300000e-01 3.402400e+00
      vertex -7.976000e-01 2.300000e-01 3.402400e+00
    endloop
  endfacet
  facet normal 0.000000e+00 0.000000e+00 0.000000e+00
    outer loop
      vertex -9.624000e-01 2.300000e-01 3.237600e+00
      vertex -9.624000e-01 -3.000000e-02 3.237600e+00
      vertex -9.624000e-01 -3.000000e-02 3.402400e+00
    endloop
  endfacet
  facet normal 0.000000e+00 0.000000e+00 0.000000e+00
    outer loop
      vertex -9.624000e-01 2.300000e-01 3.237600e+00
      vertex -9.624000e-01 -3.000000e-02 3.402400e+00
      vertex -9.624000e-01 2.300000e-01 3.402400e+00
    endloop
  endfacet
  facet normal 0.000000e+00 0.000000e+00 0.000000e+00
    outer loop
      vertex -1.122400e+00 -3.000000e-02 3.077600e+00
      vertex -9.576000e-01 2.300000e-01 3.077600e+00
      vertex -9.576000e-01 -3.000000e-02 3.077600e+00
    endloop
  endfacet
  facet normal 0.000000e+00 0.000000e+00 0.000000e+00
    outer loop
      vertex -1.122400e+00 -3.000000e-02 3.077600e+00
      vertex -1.122400e+00 2.300000e-01 3.077600e+00
      vertex -9.576000e-01 2.300000e-01 3.077600e+00
    endloop
  endfacet
  facet normal 0.000000e+00 0.000000e+00 0.000000e+00
    outer loop
      vertex -1.122400e+00 -3.000000e-02 3.242400e+00
      vertex -9.576000e-01 -3.000000e-02 3.242400e+00
      vertex -9.576000e-01 2.300000e-01 3.242400e+00
    endloop
  endfacet
  facet normal 0.000000e+00 0.000000e+00 0.000000e+00
    outer loop
      vertex -1.122400e+00 -3.000000e-02 3.242400e+00
      vertex -9.576000e-01 2.300000e-01 3.242400e+00
      vertex -1.122400e+00 2.300000e-01 3.242400e+00
    endloop
  endfacet
  facet normal 0.000000e+00 0.000000e+00 0.000000e+00
    outer loop
      vertex -1.122400e+00 -3.000000e-02 3.077600e+00
      vertex -9.576000e-01 -3.000000e-02 3.077600e+00
      vertex -9.576000e-01 -3.000000e-02 3.242400e+00
    endloop
  endfacet
  facet normal 0.000000e+00 0.000000e+00 0.000000e+00
    outer loop
      vertex -1.122400e+00 -3.000000e-02 3.077600e+00
      vertex -9.576000e-01 -3.000000e-02 3.242400e+00
      vertex -1.122400e+00 -3.000000e-02 3.242400e+00
    endloop
  endfacet
  facet normal 0.000000e+00 0.000000e+00 0.000000e+00
    outer loop
      vertex -9.576000e-01 -3.000000e-02 3.077600e+00
      vertex -9.576000e-01 2.300000e-01 3.077600e+00
      vertex -9.576000e-01 2.300000e-01 3.242400e+00
    endloop
  endfacet
  facet normal 0.000000e+00 0.000000e+00 0.000000e+00
    outer loop
      vertex -9.576000e-01 -3.000000e-02 3.077600e+00
      vertex -9.576000e-01 2.300000e-01 3.242400e+00
      vertex -9.576000e-01 -3.000000e-02 3.242400e+00
    endloop
  endfacet
  facet normal 0.000000e+00 0.000000e+00 0.000000e+00
    outer loop
      vertex -9.576000e-01 2.300000e-01 3.077600e+00
      vertex -1.122400e+00 2.300000e-01 3.077600e+00
      vertex -1.122400e+00 2.300000e-01 3.242400e+00
    endloop
  endfacet
  facet normal 0.000000e+00 0.000000e+00 0.000000e+00
    outer loop
      vertex -9.576000e-01 2.300000e-01 3.077600e+00
      vertex -1.122400e+00 2.300000e-01 3.242400e+00
      vertex -9.576000e-01 2.300000e-01 3.242400e+00
    endloop
  endfacet
  facet normal 0.000000e+00 0.000000e+00 0.000000e+00
    outer loop
      vertex -1.122400e+00 2.300000e-01 3.077600e+00
      vertex -1.122400e+00 -3.000000e-02 3.077600e+00
      vertex -1.122400e+00 -3.000000e-02 3.242400e+00
    endloop
  endfacet
  facet normal 0.000000e+00 0.000000e+00 0.000000e+00
    outer loop
      vertex -1.122400e+00 2.300000e-01 3.077600e+00
      vertex -1.122400e+00 -3.000000e-02 3.242400e+00
      vertex -1.122400e+00 2.300000e-01 3.242400e+00
    endloop
  endfacet
  facet normal 0.000000e+00 0.000000e+00 0.000000e+00
    outer loop
      vertex -9.624000e-01 -3.000000e-02 3.077600e+00
      vertex -7.976000e-01 2.300000e-01 3.077600e+00
      vertex -7.976000e-01 -3.000000e-02 3.077600e+00
    endloop
  endfacet
  facet normal 0.000000e+00 0.000000e+00 0.000000e+00
    outer loop
      vertex -9.624000e-01 -3.000000e-02 3.077600e+00
      vertex -9.624000e-01 2.300000e-01 3.077600e+00
      vertex -7.976000e-01 2.300000e-01 3.077600e+00
    endloop
  endfacet
  facet normal 0.000000e+00 0.000000e+00 0.000000e+00
    outer loop
      vertex -9.624000e-01 -3.000000e-02 3.242400e+00
      vertex -7.976000e-01 -3.000000e-02 3.242400e+00
      vertex -7.976000e-01 2.300000e-01 3.242400e+00
    endloop
  endfacet
  facet normal 0.000000e+00 0.000000e+00 0.000000e+00
    outer loop
      vertex -9.624000e-01 -3.000000e-02 3.242400e+00
      vertex -7.976000e-01 2.300000e-01 3.242400e+00
      vertex -9.624000e-01 2.300000e-01 3.242400e+00
    endloop
  endfacet
  facet normal 0.000000e+00 0.000000e+00 0.000000e+00
    outer loop
      vertex -9.624000e-01 -3.000000e-02 3.077600e+00
      vertex -7.976000e-01 -3.000000e-02 3.077600e+00
      vertex -7.976000e-01 -3.000000e-02 3.242400e+00
    endloop
  endfacet
  facet normal 0.000000e+00 0.000000e+00 0.000000e+00
    outer loop
      vertex -9.624000e-01 -3.000000e-02 3.077600e+00
      vertex -7.976000e-01 -3.000000e-02 3.242400e+00
      vertex -9.624000e-01 -3.000000e-02 3.242400e+00
    endloop
  endfacet
  facet normal 0.000000e+00 0.000000e+00 0.000000e+00
    outer loop
      vertex -7.976000e-01 -3.000000e-02 3.077600e+00
      vertex -7.976000e-01 2.300000e-01 3.077600e+00
      vertex -7.976000e-01 2.300000e-01 3.242400e+00
    endloop
  endfacet
  facet normal 0.000000e+00 0.000000e+00 0.000000e+00
    outer loop
      vertex -7.976000e-01 -3.000000e-02 3.077600e+00
      vertex -7.976000e-01 2.300000e-01 3.242400e+00
      vertex -7.976000e-01 -3.000000e-02 3.242400e+00
    endloop
  endfacet
  facet normal 0.000000e+00 0.000000e+00 0.000000e+00
    outer loop
      vertex -7.976000e-01 2.300000e-01 3.077600e+00
      vertex -9.624000e-01 2.300000e-01 3.077600e+00
      vertex -9.624000e-01 2.300000e-01 3.242400e+00
    endloop
  endfacet
  facet normal 0.000000e+00 0.000000e+00 0.000000e+00
    outer loop
      vertex -7.976000e-01 2.300000e-01 3.077600e+00
      vertex -9.624000e-01 2.300000e-01 3.242400e+00
      vertex -7.976000e-01 2.300000e-01 3.242400e+00
    endloop
  endfacet
  facet normal 0.000000e+00 0.000000e+00 0.000000e+00
    outer loop
      vertex -9.624000e-01 2.300000e-01 3.077600e+00
      vertex -9.624000e-01 -3.000000e-02 3.077600e+00
      vertex -9.624000e-01 -3.000000e-02 3.242400e+00
    endloop
  endfacet
  facet normal 0.000000e+00 0.000000e+00 0.000000e+00
    outer loop
      vertex -9.624000e-01 2.300000e-01 3.077600e+00
      vertex -9.624000e-01 -3.000000e-02 3.242400e+00
      vertex -9.624000e-01 2.300000e-01 3.242400e+00
    endloop
  endfacet
  facet normal 0.000000e+00 0.000000e+00 0.000000e+00
    outer loop
      vertex -8.024000e-01 -3.000000e-02 3.077600e+00
      vertex -6.376000e-01 2.300000e-01 3.077600e+00
      vertex -6.376000e-01 -3.000000e-02 3.077600e+00
    endloop
  endfacet
  facet normal 0.000000e+00 0.000000e+00 0.000000e+00
    outer loop
      vertex -8.024000e-01 -3.000000e-02 3.077600e+00
      vertex -8.024000e-01 2.300000e-01 3.077600e+00
      vertex -6.376000e-01 2.300000e-01 3.077600e+00
    endloop
  endfacet
  facet normal 0.000000e+00 0.000000e+00 0.000000e+00
    outer loop
      vertex -8.024000e-01 -3.000000e-02 3.242400e+00
      vertex -6.376000e-01 -3.000000e-02 3.242400e+00
      vertex -6.376000e-01 2.300000e-01 3.242400e+00
    endloop
  endfacet
  facet normal 0.000000e+00 0.000000e+00 0.000000e+00
    outer loop
      vertex -8.024000e-01 -3.000000e-02 3.242400e+00
      vertex -6.376000e-01 2.300000e-01 3.242400e+00
      vertex -8.024000e-01 2.300000e-01 3.242400e+00
    endloop
  endfacet
  facet normal 0.000000e+00 0.000000e+00 0.000000e+00
    outer loop
      vertex -8.024000e-01 -3.000000e-02 3.077600e+00
      vertex -6.376000e-01 -3.000000e-02 3.077600e+00
      vertex -6.376000e-01 -3.000000e-02 3.242400e+00
    endloop
  endfacet
  facet normal 0.000000e+00 0.000000e+00 0.000000e+00
    outer loop
      vertex -8.024000e-01 -3.000000e-02 3.077600e+00
      vertex -6.376000e-01 -3.000000e-02 3.242400e+00
      vertex -8.024000e-01 -3.000000e-02 3.242400e+00
    endloop
  endfacet
  facet normal 0.000000e+00 0.000000e+00 0.000000e+00
    outer loop
      vertex -6.376000e-01 -3.000000e-02 3.077600e+00
      vertex -6.376000e-01 2.300000e-01 3.077600e+00
      vertex -6.376000e-01 2.300000e-01 3.242400e+00
    endloop
  endfacet
  facet normal 0.000000e+00 0.000000e+00 0.000000e+00
    outer loop
      vertex -6.376000e-01 -3.000000e-02 3.077600e+00
      vertex -6.376000e-01 2.300000e-01 3.242400e+00
      vertex -6.376000e-01 -3.000000e-02 3.242400e+00
    endloop
  endfacet
  facet normal 0.000000e+00 0.000000e+00 0.000000e+00
    outer loop
      vertex -6.376000e-01 2.300000e-01 3.077600e+00
      vertex -8.024000e-01 2.300000e-01 3.077600e+00
      vertex -8.024000e-01 2.300000e-01 3.242400e+00
    endloop
  endfacet
  facet normal 0.000000e+00 0.000000e+00 0.000000e+00
    outer loop
      vertex -6.376000e-01 2.300000e-01 3.077600e+00
      vertex -8.024000e-01 2.300000e-01 3.242400e+00
      vertex -6.376000e-01 2.300000e-01 3.242400e+00
    endloop
  endfacet
  facet normal 0.000000e+00 0.000000e+00 0.000000e+00
    outer loop
      vertex -8.024000e-01 2.300000e-01 3.077600e+00
      vertex -8.024000e-01 -3.000000e-02 3.077600e+00
      vertex -8.024000e-01 -3.000000e-02 3.242400e+00
    endloop
  endfacet
  facet normal 0.000000e+00 0.000000e+00 0.000000e+00
    outer loop
      vertex -8.024000e-01 2.300000e-01 3.077600e+00
      vertex -8.024000e-01 -3.000000e-02 3.242400e+00
      vertex -8.024000e-01 2.300000e-01 3.242400e+00
    endloop
  endfacet
  facet normal 0.000000e+00 0.000000e+00 0.000000e+00
    outer loop
      vertex 2.376000e-01 -3.000000e-02 4.037600e+00
      vertex 4.024000e-01 2.300000e-01 4.037600e+00
      vertex 4.024000e-01 -3.000000e-02 4.037600e+00
    endloop
  endfacet
  facet normal 0.000000e+00 0.000000e+00 0.000000e+00
    outer loop
      vertex 2.376000e-01 -3.000000e-02 4.037600e+00
      vertex 2.376000e-01 2.300000e-01 4.037600e+00
      vertex 4.024000e-01 2.300000e-01 4.037600e+00
    endloop
  endfacet
  facet normal 0.000000e+00 0.000000e+00 0.000000e+00
    outer loop
      vertex 2.376000e-01 -3.000000e-02 4.202400e+00
      vertex 4.024000e-01 -3.000000e-02 4.202400e+00
      vertex 4.024000e-01 2.300000e-01 4.202400e+00
    endloop
  endfacet
  facet normal 0.000000e+00 0.000000e+00 0.000000e+00
    outer loop
      vertex 2.376000e-01 -3.000000e-02 4.202400e+00
      vertex 4.024000e-01 2.300000e-01 4.202400e+00
      vertex 2.376000e-01 2.300000e-01 4.202400e+00
    endloop
  endfacet
  facet normal 0.000000e+00 0.000000e+00 0.000000e+00
    outer loop
      vertex 2.376000e-01 -3.000000e-02 4.037600e+00
      vertex 4.024000e-01 -3.000000e-02 4.037600e+00
      vertex 4.024000e-01 -3.000000e-02 4.202400e+00
    endloop
  endfacet
  facet normal 0.000000e+00 0.000000e+00 0.000000e+00
    outer loop
      vertex 2.376000e-01 -3.000000e-02 4.037600e+00
      vertex 4.024000e-01 -3.000000e-02 4.202400e+00
      vertex 2.376000e-01 -3.000000e-02 4.202400e+00
    endloop
  endfacet
  facet normal 0.000000e+00 0.000000e+00 0.000000e+00
    outer loop
      vertex 4.024000e-01 -3.000000e-02 4.037600e+00
      vertex 4.024000e-01 2.300000e-01 4.037600e+00
      vertex 4.024000e-01 2.300000e-01 4.202400e+00
    endloop
  endfacet
  facet normal 0.000000e+00 0.000000e+00 0.000000e+00
    outer loop
      vertex 4.024000e-01 -3.000000e-02 4.037600e+00
      vertex 4.024000e-01 2.300000e-01 4.202400e+00
      vertex 4.024000e-01 -3.000000e-02 4.202400e+00
    endloop
  endfacet
  facet normal 0.000000e+00 0.000000e+00 0.000000e+00
    outer loop
      vertex 4.024000e-01 2.300000e-01 4.037600e+00
      vertex 2.376000e-01 2.300000e-01 4.037600e+00
      vertex 2.376000e-01 2.300000e-01 4.202400e+00
    endloop
  endfacet
  facet normal 0.000000e+00 0.000000e+00 0.000000e+00
    outer loop
      vertex 4.024000e-01 2.300000e-01 4.037600e+00
      vertex 2.376000e-01 2.300000e-01 4.202400e+00
      vertex 4.024000e-01 2.300000e-01 4.202400e+00
    endloop
  endfacet
  facet normal 0.000000e+00 0.000000e+00 0.000000e+00
    outer loop
      vertex 2.376000e-01 2.300000e-01 4.037600e+00
      vertex 2.376000e-01 -3.000000e-02 4.037600e+00
      vertex 2.376000e-01 -3.000000e-02 4.202400e+00
    endloop
  endfacet
  facet normal 0.000000e+00 0.000000e+00 0.000000e+00
    outer loop
      vertex 2.376000e-01 2.300000e-01 4.037600e+00
      vertex 2.376000e-01 -3.000000e-02 4.202400e+00
      vertex 2.376000e-01 2.300000e-01 4.202400e+00
    endloop
  endfacet
  facet normal 0.000000e+00 0.000000e+00 0.000000e+00
    outer loop
      vertex 2.376000e-01 -3.000000e-02 3.877600e+00
      vertex 4.024000e-01 2.300000e-01 3.877600e+00
      vertex 4.024000e-01 -3.000000e-02 3.877600e+00
    endloop
  endfacet
  facet normal 0.000000e+00 0.000000e+00 0.000000e+00
    outer loop
      vertex 2.376000e-01 -3.000000e-02 3.877600e+00
      vertex 2.376000e-01 2.300000e-01 3.877600e+00
      vertex 4.024000e-01 2.300000e-01 3.877600e+00
    endloop
  endfacet
  facet normal 0.000000e+00 0.000000e+00 0.000000e+00
    outer loop
      vertex 2.376000e-01 -3.000000e-02 4.042400e+00
      vertex 4.024000e-01 -3.000000e-02 4.042400e+00
      vertex 4.024000e-01 2.300000e-01 4.042400e+00
    endloop
  endfacet
  facet normal 0.000000e+00 0.000000e+00 0.000000e+00
    outer loop
      vertex 2.376000e-01 -3.000000e-02 4.042400e+00
      vertex 4.024000e-01 2.300000e-01 4.042400e+00
      vertex 2.376000e-01 2.300000e-01 4.042400e+00
    endloop
  endfacet
  facet normal 0.000000e+00 0.000000e+00 0.000000e+00
    outer loop
      vertex 2.376000e-01 -3.000000e-02 3.877600e+00
      vertex 4.024000e-01 -3.000000e-02 3.877600e+00
      vertex 4.024000e-01 -3.000000e-02 4.042400e+00
    endloop
  endfacet
  facet normal 0.000000e+00 0.000000e+00 0.000000e+00
    outer loop
      vertex 2.376000e-01 -3.000000e-02 3.877600e+00
      vertex 4.024000e-01 -3.000000e-02 4.042400e+00
      vertex 2.376000e-01 -3.000000e-02 4.042400e+00
    endloop
  endfacet
  facet normal 0.000000e+00 0.000000e+00 0.000000e+00
    outer loop
      vertex 4.024000e-01 -3.000000e-02 3.877600e+00
      vertex 4.024000e-01 2.300000e-01 3.877600e+00
      vertex 4.024000e-01 2.300000e-01 4.042400e+00
    endloop
  endfacet
  facet normal 0.000000e+00 0.000000e+00 0.000000e+00
    outer loop
      vertex 4.024000e-01 -3.000000e-02 3.877600e+00
      vertex 4.024000e-01 2.300000e-01 4.042400e+00
      vertex 4.024000e-01 -3.000000e-02 4.042400e+00
    endloop
  endfacet
  facet normal 0.000000e+00 0.000000e+00 0.000000e+00
    outer loop
      vertex 4.024000e-01 2.300000e-01 3.877600e+00
      vertex 2.376000e-01 2.300000e-01 3.877600e+00
      vertex 2.376000e-01 2.300000e-01 4.042400e+00
    endloop
  endfacet
  facet normal 0.000000e+00 0.000000e+00 0.000000e+00
    outer loop
      vertex 4.024000e-01 2.300000e-01 3.877600e+00
      vertex 2.376000e-01 2.300000e-01 4.042400e+00
      vertex 4.024000e-01 2.300000e-01 4.042400e+00
    endloop
  endfacet
  facet normal 0.000000e+00 0.000000e+00 0.000000e+00
    outer loop
      vertex 2.376000e-01 2.300000e-01 3.877600e+00
      vertex 2.376000e-01 -3.000000e-02 3.877600e+00
      vertex 2.376000e-01 -3.000000e-02 4.042400e+00
    endloop
  endfacet
  facet normal 0.000000e+00 0.000000e+00 0.000000e+00
    outer loop
      vertex 2.376000e-01 2.300000e-01 3.877600e+00
      vertex 2.376000e-01 -3.000000e-02 4.042400e+00
      vertex 2.376000e-01 2.300000e-01 4.042400e+00
    endloop
  endfacet
  facet normal 0.000000e+00 0.000000e+00 0.000000e+00
    outer loop
      vertex -2.424000e-01 -3.000000e-02 3.717600e+00
      vertex -7.760000e-02 2.300000e-01 3.717600e+00
      vertex -7.760000e-02 -3.000000e-02 3.717600e+00
    endloop
  endfacet
  facet normal 0.000000e+00 0.000000e+00 0.000000e+00
    outer loop
      vertex -2.424000e-01 -3.000000e-02 3.717600e+00
      vertex -2.424000e-01 2.300000e-01 3.717600e+00
      vertex -7.760000e-02 2.300000e-01 3.717600e+00
    endloop
  endfacet
  facet normal 0.000000e+00 0.000000e+00 0.000000e+00
    outer loop
      vertex -2.424000e-01 -3.000000e-02 3.882400e+00
      vertex -7.760000e-02 -3.000000e-02 3.882400e+00
      vertex -7.760000e-02 2.300000e-01 3.882400e+00
    endloop
  endfacet
  facet normal 0.000000e+00 0.000000e+00 0.000000e+00
    outer loop
      vertex -2.424000e-01 -3.000000e-02 3.882400e+00
      vertex -7.760000e-02 2.300000e-01 3.882400e+00
      vertex -2.424000e-01 2.300000e-01 3.882400e+00
    endloop
  endfacet
  facet normal 0.000000e+00 0.000000e+00 0.000000e+00
    outer loop
      vertex -2.424000e-01 -3.000000e-02 3.717600e+00
      vertex -7.760000e-02 -3.000000e-02 3.717600e+00
      vertex -7.760000e-02 -3.000000e-02 3.882400e+00
    endloop
  endfacet
  facet normal 0.000000e+00 0.000000e+00 0.000000e+00
    outer loop
      vertex -2.424000e-01 -3.000000e-02 3.717600e+00
      vertex -7.760000e-02 -3.000000e-02 3.882400e+00
      vertex -2.424000e-01 -3.000000e-02 3.882400e+00
    endloop
  endfacet
  facet normal 0.000000e+00 0.000000e+00 0.000000e+00
    outer loop
      vertex -7.760000e-02 -3.000000e-02 3.717600e+00
      vertex -7.760000e-02 2.300000e-01 3.717600e+00
      vertex -7.760000e-02 2.300000e-01 3.882400e+00
    endloop
  endfacet
  facet normal 0.000000e+00 0.000000e+00 0.000000e+00
    outer loop
      vertex -7.760000e-02 -3.000000e-02 3.717600e+00
      vertex -7.760000e-02 2.300000e-01 3.882400e+00
      vertex -7.760000e-02 -3.000000e-02 3.882400e+00
    endloop
  endfacet
  facet normal 0.000000e+00 0.000000e+00 0.000000e+00
    outer loop
      vertex -7.760000e-02 2.300000e-01 3.717600e+00
      vertex -2.424000e-01 2.300000e-01 3.717600e+00
      vertex -2.424000e-01 2.300000e-01 3.882400e+00
    endloop
  endfacet
  facet normal 0.000000e+00 0.000000e+00 0.000000e+00
    outer loop
      vertex -7.760000e-02 2.300000e-01 3.717600e+00
      vertex -2.424000e-01 2.300000e-01 3.882400e+00
      vertex -7.760000e-02 2.300000e-01 3.882400e+00
    endloop
  endfacet
  facet normal 0.000000e+00 0.000000e+00 0.000000e+00
    outer loop
      vertex -2.424000e-01 2.300000e-01 3.717600e+00
      vertex -2.424000e-01 -3.000000e-02 3.717600e+00
      vertex -2.424000e-01 -3.000000e-02 3.882400e+00
    endloop
  endfacet
  facet normal 0.000000e+00 0.000000e+00 0.000000e+00
    outer loop
      vertex -2.424000e-01 2.300000e-01 3.717600e+00
      vertex -2.424000e-01 -3.000000e-02 3.882400e+00
      vertex -2.424000e-01 2.300000e-01 3.882400e+00
    endloop
  endfacet
  facet normal 0.000000e+00 0.000000e+00 0.000000e+00
    outer loop
      vertex -8.240000e-02 -3.000000e-02 3.717600e+00
      vertex 8.240000e-02 2.300000e-01 3.717600e+00
      vertex 8.240000e-02 -3.000000e-02 3.717600e+00
    endloop
  endfacet
  facet normal 0.000000e+00 0.000000e+00 0.000000e+00
    outer loop
      vertex -8.240000e-02 -3.000000e-02 3.717600e+00
      vertex -8.240000e-02 2.300000e-01 3.717600e+00
      vertex 8.240000e-02 2.300000e-01 3.717600e+00
    endloop
  endfacet
  facet normal 0.000000e+00 0.000000e+00 0.000000e+00
    outer loop
      vertex -8.240000e-02 -3.000000e-02 3.882400e+00
      vertex 8.240000e-02 -3.000000e-02 3.882400e+00
      vertex 8.240000e-02 2.300000e-01 3.882400e+00
    endloop
  endfacet
  facet normal 0.000000e+00 0.000000e+00 0.000000e+00
    outer loop
      vertex -8.240000e-02 -3.000000e-02 3.882400e+00
      vertex 8.240000e-02 2.300000e-01 3.882400e+00
      vertex -8.240000e-02 2.300000e-01 3.882400e+00
    endloop
  endfacet
  facet normal 0.000000e+00 0.000000e+00 0.000000e+00
    outer loop
      vertex -8.240000e-02 -3.000000e-02 3.717600e+00
      vertex 8.240000e-02 -3.000000e-02 3.717600e+00
      vertex 8.240000e-02 -3.000000e-02 3.882400e+00
    endloop
  endfacet
  facet normal 0.000000e+00 0.000000e+00 0.000000e+00
    outer loop
      vertex -8.240000e-02 -3.000000e-02 3.717600e+00
      vertex 8.240000e-02 -3.000000e-02 3.882400e+00
      vertex -8.240000e-02 -3.000000e-02 3.882400e+00
    endloop
  endfacet
  facet normal 0.000000e+00 0.000000e+00 0.000000e+00
    outer loop
      vertex 8.240000e-02 -3.000000e-02 3.717600e+00
      vertex 8.240000e-02 2.300000e-01 3.717600e+00
      vertex 8.240000e-02 2.300000e-01 3.882400e+00
    endloop
  endfacet
  facet normal 0.000000e+00 0.000000e+00 0.000000e+00
    outer loop
      vertex 8.240000e-02 -3.000000e-02 3.717600e+00
      vertex 8.240000e-02 2.300000e-01 3.882400e+00
      vertex 8.240000e-02 -3.000000e-02 3.882400e+00
    endloop
  endfacet
  facet normal 0.000000e+00 0.000000e+00 0.000000e+00
    outer loop
      vertex 8.240000e-02 2.300000e-01 3.717600e+00
      vertex -8.240000e-02 2.300000e-01 3.717600e+00
      vertex -8.240000e-02 2.300000e-01 3.882400e+00
    endloop
  endfacet
  facet normal 0.000000e+00 0.000000e+00 0.000000e+00
    outer loop
      vertex 8.240000e-02 2.300000e-01 3.717600e+00
      vertex -8.240000e-02 2.300000e-01 3.882400e+00
      vertex 8.240000e-02 2.300000e-01 3.882400e+00
    endloop
  endfacet
  facet normal 0.000000e+00 0.000000e+00 0.000000e+00
    outer loop
      vertex -8.240000e-02 2.300000e-01 3.717600e+00
      vertex -8.240000e-02 -3.000000e-02 3.717600e+00
      vertex -8.240000e-02 -3.000000e-02 3.882400e+00
    endloop
  endfacet
  facet normal 0.000000e+00 0.000000e+00 0.000000e+00
    outer loop
      vertex -8.240000e-02 2.300000e-01 3.717600e+00
      vertex -8.240000e-02 -3.000000e-02 3.882400e+00
      vertex -8.240000e-02 2.300000e-01 3.882400e+00
    endloop
  endfacet
  facet normal 0.000000e+00 0.000000e+00 0.000000e+00
    outer loop
      vertex 2.376000e-01 -3.000000e-02 3.717600e+00
      vertex 4.024000e-01 2.300000e-01 3.717600e+00
      vertex 4.024000e-01 -3.000000e-02 3.717600e+00
    endloop
  endfacet
  facet normal 0.000000e+00 0.000000e+00 0.000000e+00
    outer loop
      vertex 2.376000e-01 -3.000000e-02 3.717600e+00
      vertex 2.376000e-01 2.300000e-01 3.717600e+00
      vertex 4.024000e-01 2.300000e-01 3.717600e+00
    endloop
  endfacet
  facet normal 0.000000e+00 0.000000e+00 0.000000e+00
    outer loop
      vertex 2.376000e-01 -3.000000e-02 3.882400e+00
      vertex 4.024000e-01 -3.000000e-02 3.882400e+00
      vertex 4.024000e-01 2.300000e-01 3.882400e+00
    endloop
  endfacet
  facet normal 0.000000e+00 0.000000e+00 0.000000e+00
    outer loop
      vertex 2.376000e-01 -3.000000e-02 3.882400e+00
      vertex 4.024000e-01 2.300000e-01 3.882400e+00
      vertex 2.376000e-01 2.300000e-01 3.882400e+00
    endloop
  endfacet
  facet normal 0.000000e+00 0.000000e+00 0.000000e+00
    outer loop
      vertex 2.376000e-01 -3.000000e-02 3.717600e+00
      vertex 4.024000e-01 -3.000000e-02 3.717600e+00
      vertex 4.024000e-01 -3.000000e-02 3.882400e+00
    endloop
  endfacet
  facet normal 0.000000e+00 0.000000e+00 0.000000e+00
    outer loop
      vertex 2.376000e-01 -3.000000e-02 3.717600e+00
      vertex 4.024000e-01 -3.000000e-02 3.882400e+00
      vertex 2.376000e-01 -3.000000e-02 3.882400e+00
    endloop
  endfacet
  facet normal 0.000000e+00 0.000000e+00 0.000000e+00
    outer loop
      vertex 4.024000e-01 -3.000000e-02 3.717600e+00
      vertex 4.024000e-01 2.300000e-01 3.717600e+00
      vertex 4.024000e-01 2.300000e-01 3.882400e+00
    endloop
  endfacet
  facet normal 0.000000e+00 0.000000e+00 0.000000e+00
    outer loop
      vertex 4.024000e-01 -3.000000e-02 3.717600e+00
      vertex 4.024000e-01 2.300000e-01 3.882400e+00
      vertex 4.024000e-01 -3.000000e-02 3.882400e+00
    endloop
  endfacet
  facet normal 0.000000e+00 0.000000e+00 0.000000e+00
    outer loop
      vertex 4.024000e-01 2.300000e-01 3.717600e+00
      vertex 2.376000e-01 2.300000e-01 3.717600e+00
      vertex 2.376000e-01 2.300000e-01 3.882400e+00
    endloop
  endfacet
  facet normal 0.000000e+00 0.000000e+00 0.000000e+00
    outer loop
      vertex 4.024000e-01 2.300000e-01 3.717600e+00
      vertex 2.376000e-01 2.300000e-01 3.882400e+00
      vertex 4.024000e-01 2.300000e-01 3.882400e+00
    endloop
  endfacet
  facet normal 0.000000e+00 0.000000e+00 0.000000e+00
    outer loop
      vertex 2.376000e-01 2.300000e-01 3.717600e+00
      vertex 2.376000e-01 -3.000000e-02 3.717600e+00
      vertex 2.376000e-01 -3.000000e-02 3.882400e+00
    endloop
  endfacet
  facet normal 0.000000e+00 0.000000e+00 0.000000e+00
    outer loop
      vertex 2.376000e-01 2.300000e-01 3.717600e+00
      vertex 2.376000e-01 -3.000000e-02 3.882400e+00
      vertex 2.376000e-01 2.300000e-01 3.882400e+00
    endloop
  endfacet
  facet normal 0.000000e+00 0.000000e+00 0.000000e+00
    outer loop
      vertex -4.024000e-01 -3.000000e-02 3.557600e+00
      vertex -2.376000e-01 2.300000e-01 3.557600e+00
      vertex -2.376000e-01 -3.000000e-02 3.557600e+00
    endloop
  endfacet
  facet normal 0.000000e+00 0.000000e+00 0.000000e+00
    outer loop
      vertex -4.024000e-01 -3.000000e-02 3.557600e+00
      vertex -4.024000e-01 2.300000e-01 3.557600e+00
      vertex -2.376000e-01 2.300000e-01 3.557600e+00
    endloop
  endfacet
  facet normal 0.000000e+00 0.000000e+00 0.000000e+00
    outer loop
      vertex -4.024000e-01 -3.000000e-02 3.722400e+00
      vertex -2.376000e-01 -3.000000e-02 3.722400e+00
      vertex -2.376000e-01 2.300000e-01 3.722400e+00
    endloop
  endfacet
  facet normal 0.000000e+00 0.000000e+00 0.000000e+00
    outer loop
      vertex -4.024000e-01 -3.000000e-02 3.722400e+00
      vertex -2.376000e-01 2.300000e-01 3.722400e+00
      vertex -4.024000e-01 2.300000e-01 3.722400e+00
    endloop
  endfacet
  facet normal 0.000000e+00 0.000000e+00 0.000000e+00
    outer loop
      vertex -4.024000e-01 -3.000000e-02 3.557600e+00
      vertex -2.376000e-01 -3.000000e-02 3.557600e+00
      vertex -2.376000e-01 -3.000000e-02 3.722400e+00
    endloop
  endfacet
  facet normal 0.000000e+00 0.000000e+00 0.000000e+00
    outer loop
      vertex -4.024000e-01 -3.000000e-02 3.557600e+00
      vertex -2.376000e-01 -3.000000e-02 3.722400e+00
      vertex -4.024000e-01 -3.000000e-02 3.722400e+00
    endloop
  endfacet
  facet normal 0.000000e+00 0.000000e+00 0.000000e+00
    outer loop
      vertex -2.376000e-01 -3.000000e-02 3.557600e+00
      vertex -2.376000e-01 2.300000e-01 3.557600e+00
      vertex -2.376000e-01 2.300000e-01 3.722400e+00
    endloop
  endfacet
  facet normal 0.000000e+00 0.000000e+00 0.000000e+00
    outer loop
      vertex -2.376000e-01 -3.000000e-02 3.557600e+00
      vertex -2.376000e-01 2.300000e-01 3.722400e+00
      vertex -2.376000e-01 -3.000000e-02 3.722400e+00
    endloop
  endfacet
  facet normal 0.000000e+00 0.000000e+00 0.000000e+00
    outer loop
      vertex -2.376000e-01 2.300000e-01 3.557600e+00
      vertex -4.024000e-01 2.300000e-01 3.557600e+00
      vertex -4.024000e-01 2.300000e-01 3.722400e+00
    endloop
  endfacet
  facet normal 0.000000e+00 0.000000e+00 0.000000e+00
    outer loop
      vertex -2.376000e-01 2.300000e-01 3.557600e+00
      vertex -4.024000e-01 2.300000e-01 3.722400e+00
      vertex -2.376000e-01 2.300000e-01 3.722400e+00
    endloop
  endfacet
  facet normal 0.000000e+00 0.000000e+00 0.000000e+00
    outer loop
      vertex -4.024000e-01 2.300000e-01 3.557600e+00
      vertex -4.024000e-01 -3.000000e-02 3.557600e+00
      vertex -4.024000e-01 -3.000000e-02 3.722400e+00
    endloop
  endfacet
  facet normal 0.000000e+00 0.000000e+00 0.000000e+00
    outer loop
      vertex -4.024000e-01 2.300000e-01 3.557600e+00
      vertex -4.024000e-01 -3.000000e-02 3.722400e+00
      vertex -4.024000e-01 2.300000e-01 3.722400e+00
    endloop
  endfacet
  facet normal 0.000000e+00 0.000000e+00 0.000000e+00
    outer loop
      vertex 7.760000e-02 -3.000000e-02 3.557600e+00
      vertex 2.424000e-01 2.300000e-01 3.557600e+00
      vertex 2.424000e-01 -3.000000e-02 3.557600e+00
    endloop
  endfacet
  facet normal 0.000000e+00 0.000000e+00 0.000000e+00
    outer loop
      vertex 7.760000e-02 -3.000000e-02 3.557600e+00
      vertex 7.760000e-02 2.300000e-01 3.557600e+00
      vertex 2.424000e-01 2.300000e-01 3.557600e+00
    endloop
  endfacet
  facet normal 0.000000e+00 0.000000e+00 0.000000e+00
    outer loop
      vertex 7.760000e-02 -3.000000e-02 3.722400e+00
      vertex 2.424000e-01 -3.000000e-02 3.722400e+00
      vertex 2.424000e-01 2.300000e-01 3.722400e+00
    endloop
  endfacet
  facet normal 0.000000e+00 0.000000e+00 0.000000e+00
    outer loop
      vertex 7.760000e-02 -3.000000e-02 3.722400e+00
      vertex 2.424000e-01 2.300000e-01 3.722400e+00
      vertex 7.760000e-02 2.300000e-01 3.722400e+00
    endloop
  endfacet
  facet normal 0.000000e+00 0.000000e+00 0.000000e+00
    outer loop
      vertex 7.760000e-02 -3.000000e-02 3.557600e+00
      vertex 2.424000e-01 -3.000000e-02 3.557600e+00
      vertex 2.424000e-01 -3.000000e-02 3.722400e+00
    endloop
  endfacet
  facet normal 0.000000e+00 0.000000e+00 0.000000e+00
    outer loop
      vertex 7.760000e-02 -3.000000e-02 3.557600e+00
      vertex 2.424000e-01 -3.000000e-02 3.722400e+00
      vertex 7.760000e-02 -3.000000e-02 3.722400e+00
    endloop
  endfacet
  facet normal 0.000000e+00 0.000000e+00 0.000000e+00
    outer loop
      vertex 2.424000e-01 -3.000000e-02 3.557600e+00
      vertex 2.424000e-01 2.300000e-01 3.557600e+00
      vertex 2.424000e-01 2.300000e-01 3.722400e+00
    endloop
  endfacet
  facet normal 0.000000e+00 0.000000e+00 0.000000e+00
    outer loop
      vertex 2.424000e-01 -3.000000e-02 3.557600e+00
      vertex 2.424000e-01 2.300000e-01 3.722400e+00
      vertex 2.424000e-01 -3.000000e-02 3.722400e+00
    endloop
  endfacet
  facet normal 0.000000e+00 0.000000e+00 0.000000e+00
    outer loop
      vertex 2.424000e-01 2.300000e-01 3.557600e+00
      vertex 7.760000e-02 2.300000e-01 3.557600e+00
      vertex 7.760000e-02 2.300000e-01 3.722400e+00
    endloop
  endfacet
  facet normal 0.000000e+00 0.000000e+00 0.000000e+00
    outer loop
      vertex 2.424000e-01 2.300000e-01 3.557600e+00
      vertex 7.760000e-02 2.300000e-01 3.722400e+00
      vertex 2.424000e-01 2.300000e-01 3.722400e+00
    endloop
  endfacet
  facet normal 0.000000e+00 0.000000e+00 0.000000e+00
    outer loop
      vertex 7.760000e-02 2.300000e-01 3.557600e+00
      vertex 7.760000e-02 -3.000000e-02 3.557600e+00
      vertex 7.760000e-02 -3.000000e-02 3.722400e+00
    endloop
  endfacet
  facet normal 0.000000e+00 0.000000e+00 0.000000e+00
    outer loop
      vertex 7.760000e-02 2.300000e-01 3.557600e+00
      vertex 7.760000e-02 -3.000000e-02 3.722400e+00
      vertex 7.760000e-02 2.300000e-01 3.722400e+00
    endloop
  endfacet
  facet normal 0.000000e+00 0.000000e+00 0.000000e+00
    outer loop
      vertex 2.376000e-01 -3.000000e-02 3.557600e+00
      vertex 4.024000e-01 2.300000e-01 3.557600e+00
      vertex 4.024000e-01 -3.000000e-02 3.557600e+00
    endloop
  endfacet
  facet normal 0.000000e+00 0.000000e+00 0.000000e+00
    outer loop
      vertex 2.376000e-01 -3.000000e-02 3.557600e+00
      vertex 2.376000e-01 2.300000e-01 3.557600e+00
      vertex 4.024000e-01 2.300000e-01 3.557600e+00
    endloop
  endfacet
  facet normal 0.000000e+00 0.000000e+00 0.000000e+00
    outer loop
      vertex 2.376000e-01 -3.000000e-02 3.722400e+00
      vertex 4.024000e-01 -3.000000e-02 3.722400e+00
      vertex 4.024000e-01 2.300000e-01 3.722400e+00
    endloop
  endfacet
  facet normal 0.000000e+00 0.000000e+00 0.000000e+00
    outer loop
      vertex 2.376000e-01 -3.000000e-02 3.722400e+00
      vertex 4.024000e-01 2.300000e-01 3.722400e+00
      vertex 2.376000e-01 2.300000e-01 3.722400e+00
    endloop
  endfacet
  facet normal 0.000000e+00 0.000000e+00 0.000000e+00
    outer loop
      vertex 2.376000e-01 -3.000000e-02 3.557600e+00
      vertex 4.024000e-01 -3.000000e-02 3.557600e+00
      vertex 4.024000e-01 -3.000000e-02 3.722400e+00
    endloop
  endfacet
  facet normal 0.000000e+00 0.000000e+00 0.000000e+00
    outer loop
      vertex 2.376000e-01 -3.000000e-02 3.557600e+00
      vertex 4.024000e-01 -3.000000e-02 3.722400e+00
      vertex 2.376000e-01 -3.000000e-02 3.722400e+00
    endloop
  endfacet
  facet normal 0.000000e+00 0.000000e+00 0.000000e+00
    outer loop
      vertex 4.024000e-01 -3.000000e-02 3.557600e+00
      vertex 4.024000e-01 2.300000e-01 3.557600e+00
      vertex 4.024000e-01 2.300000e-01 3.722400e+00
    endloop
  endfacet
  facet normal 0.000000e+00 0.000000e+00 0.000000e+00
    outer loop
      vertex 4.024000e-01 -3.000000e-02 3.557600e+00
      vertex 4.024000e-01 2.300000e-01 3.722400e+00
      vertex 4.024000e-01 -3.000000e-02 3.722400e+00
    endloop
  endfacet
  facet normal 0.000000e+00 0.000000e+00 0.000000e+00
    outer loop
      vertex 4.024000e-01 2.300000e-01 3.557600e+00
      vertex 2.376000e-01 2.300000e-01 3.557600e+00
      vertex 2.376000e-01 2.300000e-01 3.722400e+00
    endloop
  endfacet
  facet normal 0.000000e+00 0.000000e+00 0.000000e+00
    outer loop
      vertex 4.024000e-01 2.300000e-01 3.557600e+00
      vertex 2.376000e-01 2.300000e-01 3.722400e+00
      vertex 4.024000e-01 2.300000e-01 3.722400e+00
    endloop
  endfacet
  facet normal 0.000000e+00 0.000000e+00 0.000000e+00
    outer loop
      vertex 2.376000e-01 2.300000e-01 3.557600e+00
      vertex 2.376000e-01 -3.000000e-02 3.557600e+00
      vertex 2.376000e-01 -3.000000e-02 3.722400e+00
    endloop
  endfacet
  facet normal 0.000000e+00 0.000000e+00 0.000000e+00
    outer loop
      vertex 2.376000e-01 2.300000e-01 3.557600e+00
      vertex 2.376000e-01 -3.000000e-02 3.722400e+00
      vertex 2.376000e-01 2.300000e-01 3.722400e+00
    endloop
  endfacet
  facet normal 0.000000e+00 0.000000e+00 0.000000e+00
    outer loop
      vertex -4.024000e-01 -3.000000e-02 3.397600e+00
      vertex -2.376000e-01 2.300000e-01 3.397600e+00
      vertex -2.376000e-01 -3.000000e-02 3.397600e+00
    endloop
  endfacet
  facet normal 0.000000e+00 0.000000e+00 0.000000e+00
    outer loop
      vertex -4.024000e-01 -3.000000e-02 3.397600e+00
      vertex -4.024000e-01 2.300000e-01 3.397600e+00
      vertex -2.376000e-01 2.300000e-01 3.397600e+00
    endloop
  endfacet
  facet normal 0.000000e+00 0.000000e+00 0.000000e+00
    outer loop
      vertex -4.024000e-01 -3.000000e-02 3.562400e+00
      vertex -2.376000e-01 -3.000000e-02 3.562400e+00
      vertex -2.376000e-01 2.300000e-01 3.562400e+00
    endloop
  endfacet
  facet normal 0.000000e+00 0.000000e+00 0.000000e+00
    outer loop
      vertex -4.024000e-01 -3.000000e-02 3.562400e+00
      vertex -2.376000e-01 2.300000e-01 3.562400e+00
      vertex -4.024000e-01 2.300000e-01 3.562400e+00
    endloop
  endfacet
  facet normal 0.000000e+00 0.000000e+00 0.000000e+00
    outer loop
      vertex -4.024000e-01 -3.000000e-02 3.397600e+00
      vertex -2.376000e-01 -3.000000e-02 3.397600e+00
      vertex -2.376000e-01 -3.000000e-02 3.562400e+00
    endloop
  endfacet
  facet normal 0.000000e+00 0.000000e+00 0.000000e+00
    outer loop
      vertex -4.024000e-01 -3.000000e-02 3.397600e+00
      vertex -2.376000e-01 -3.000000e-02 3.562400e+00
      vertex -4.024000e-01 -3.000000e-02 3.562400e+00
    endloop
  endfacet
  facet normal 0.000000e+00 0.000000e+00 0.000000e+00
    outer loop
      vertex -2.376000e-01 -3.000000e-02 3.397600e+00
      vertex -2.376000e-01 2.300000e-01 3.397600e+00
      vertex -2.376000e-01 2.300000e-01 3.562400e+00
    endloop
  endfacet
  facet normal 0.000000e+00 0.000000e+00 0.000000e+00
    outer loop
      vertex -2.376000e-01 -3.000000e-02 3.397600e+00
      vertex -2.376000e-01 2.300000e-01 3.562400e+00
      vertex -2.376000e-01 -3.000000e-02 3.562400e+00
    endloop
  endfacet
  facet normal 0.000000e+00 0.000000e+00 0.000000e+00
    outer loop
      vertex -2.376000e-01 2.300000e-01 3.397600e+00
      vertex -4.024000e-01 2.300000e-01 3.397600e+00
      vertex -4.024000e-01 2.300000e-01 3.562400e+00
    endloop
  endfacet
  facet normal 0.000000e+00 0.000000e+00 0.000000e+00
    outer loop
      vertex -2.376000e-01 2.300000e-01 3.397600e+00
      vertex -4.024000e-01 2.300000e-01 3.562400e+00
      vertex -2.376000e-01 2.300000e-01 3.562400e+00
    endloop
  endfacet
  facet normal 0.000000e+00 0.000000e+00 0.000000e+00
    outer loop
      vertex -4.024000e-01 2.300000e-01 3.397600e+00
      vertex -4.024000e-01 -3.000000e-02 3.397600e+00
      vertex -4.024000e-01 -3.000000e-02 3.562400e+00
    endloop
  endfacet
  facet normal 0.000000e+00 0.000000e+00 0.000000e+00
    outer loop
      vertex -4.024000e-01 2.300000e-01 3.397600e+00
      vertex -4.024000e-01 -3.000000e-02 3.562400e+00
      vertex -4.024000e-01 2.300000e-01 3.562400e+00
    endloop
  endfacet
  facet normal 0.000000e+00 0.000000e+00 0.000000e+00
    outer loop
      vertex 2.376000e-01 -3.000000e-02 3.397600e+00
      vertex 4.024000e-01 2.300000e-01 3.397600e+00
      vertex 4.024000e-01 -3.000000e-02 3.397600e+00
    endloop
  endfacet
  facet normal 0.000000e+00 0.000000e+00 0.000000e+00
    outer loop
      vertex 2.376000e-01 -3.000000e-02 3.397600e+00
      vertex 2.376000e-01 2.300000e-01 3.397600e+00
      vertex 4.024000e-01 2.300000e-01 3.397600e+00
    endloop
  endfacet
  facet normal 0.000000e+00 0.000000e+00 0.000000e+00
    outer loop
      vertex 2.376000e-01 -3.000000e-02 3.562400e+00
      vertex 4.024000e-01 -3.000000e-02 3.562400e+00
      vertex 4.024000e-01 2.300000e-01 3.562400e+00
    endloop
  endfacet
  facet normal 0.000000e+00 0.000000e+00 0.000000e+00
    outer loop
      vertex 2.376000e-01 -3.000000e-02 3.562400e+00
      vertex 4.024000e-01 2.300000e-01 3.562400e+00
      vertex 2.376000e-01 2.300000e-01 3.562400e+00
    endloop
  endfacet
  facet normal 0.000000e+00 0.000000e+00 0.000000e+00
    outer loop
      vertex 2.376000e-01 -3.000000e-02 3.397600e+00
      vertex 4.024000e-01 -3.000000e-02 3.397600e+00
      vertex 4.024000e-01 -3.000000e-02 3.562400e+00
    endloop
  endfacet
  facet normal 0.000000e+00 0.000000e+00 0.000000e+00
    outer loop
      vertex 2.376000e-01 -3.000000e-02 3.397600e+00
      vertex 4.024000e-01 -3.000000e-02 3.562400e+00
      vertex 2.376000e-01 -3.000000e-02 3.562400e+00
    endloop
  endfacet
  facet normal 0.000000e+00 0.000000e+00 0.000000e+00
    outer loop
      vertex 4.024000e-01 -3.000000e-02 3.397600e+00
      vertex 4.024000e-01 2.300000e-01 3.397600e+00
      vertex 4.024000e-01 2.300000e-01 3.562400e+00
    endloop
  endfacet
  facet normal 0.000000e+00 0.000000e+00 0.000000e+00
    outer loop
      vertex 4.024000e-01 -3.000000e-02 3.397600e+00
      vertex 4.024000e-01 2.300000e-01 3.562400e+00
      vertex 4.024000e-01 -3.000000e-02 3.562400e+00
    endloop
  endfacet
  facet normal 0.000000e+00 0.000000e+00 0.000000e+00
    outer loop
      vertex 4.024000e-01 2.300000e-01 3.397600e+00
      vertex 2.376000e-01 2.300000e-01 3.397600e+00
      vertex 2.376000e-01 2.300000e-01 3.562400e+00
    endloop
  endfacet
  facet normal 0.000000e+00 0.000000e+00 0.000000e+00
    outer loop
      vertex 4.024000e-01 2.300000e-01 3.397600e+00
      vertex 2.376000e-01 2.300000e-01 3.562400e+00
      vertex 4.024000e-01 2.300000e-01 3.562400e+00
    endloop
  endfacet
  facet normal 0.000000e+00 0.000000e+00 0.000000e+00
    outer loop
      vertex 2.376000e-01 2.300000e-01 3.397600e+00
      vertex 2.376000e-01 -3.000000e-02 3.397600e+00
      vertex 2.376000e-01 -3.000000e-02 3.562400e+00
    endloop
  endfacet
  facet normal 0.000000e+00 0.000000e+00 0.000000e+00
    outer loop
      vertex 2.376000e-01 2.300000e-01 3.397600e+00
      vertex 2.376000e-01 -3.000000e-02 3.562400e+00
      vertex 2.376000e-01 2.300000e-01 3.562400e+00
    endloop
  endfacet
  facet normal 0.000000e+00 0.000000e+00 0.000000e+00
    outer loop
      vertex -4.024000e-01 -3.000000e-02 3.237600e+00
      vertex -2.376000e-01 2.300000e-01 3.237600e+00
      vertex -2.376000e-01 -3.000000e-02 3.237600e+00
    endloop
  endfacet
  facet normal 0.000000e+00 0.000000e+00 0.000000e+00
    outer loop
      vertex -4.024000e-01 -3.000000e-02 3.237600e+00
      vertex -4.024000e-01 2.300000e-01 3.237600e+00
      vertex -2.376000e-01 2.300000e-01 3.237600e+00
    endloop
  endfacet
  facet normal 0.000000e+00 0.000000e+00 0.000000e+00
    outer loop
      vertex -4.024000e-01 -3.000000e-02 3.402400e+00
      vertex -2.376000e-01 -3.000000e-02 3.402400e+00
      vertex -2.376000e-01 2.300000e-01 3.402400e+00
    endloop
  endfacet
  facet normal 0.000000e+00 0.000000e+00 0.000000e+00
    outer loop
      vertex -4.024000e-01 -3.000000e-02 3.402400e+00
      vertex -2.376000e-01 2.300000e-01 3.402400e+00
      vertex -4.024000e-01 2.300000e-01 3.402400e+00
    endloop
  endfacet
  facet normal 0.000000e+00 0.000000e+00 0.000000e+00
    outer loop
      vertex -4.024000e-01 -3.000000e-02 3.237600e+00
      vertex -2.376000e-01 -3.000000e-02 3.237600e+00
      vertex -2.376000e-01 -3.000000e-02 3.402400e+00
    endloop
  endfacet
  facet normal 0.000000e+00 0.000000e+00 0.000000e+00
    outer loop
      vertex -4.024000e-01 -3.000000e-02 3.237600e+00
      vertex -2.376000e-01 -3.000000e-02 3.402400e+00
      vertex -4.024000e-01 -3.000000e-02 3.402400e+00
    endloop
  endfacet
  facet normal 0.000000e+00 0.000000e+00 0.000000e+00
    outer loop
      vertex -2.376000e-01 -3.000000e-02 3.237600e+00
      vertex -2.376000e-01 2.300000e-01 3.237600e+00
      vertex -2.376000e-01 2.300000e-01 3.402400e+00
    endloop
  endfacet
  facet normal 0.000000e+00 0.000000e+00 0.000000e+00
    outer loop
      vertex -2.376000e-01 -3.000000e-02 3.237600e+00
      vertex -2.376000e-01 2.300000e-01 3.402400e+00
      vertex -2.376000e-01 -3.000000e-02 3.402400e+00
    endloop
  endfacet
  facet normal 0.000000e+00 0.000000e+00 0.000000e+00
    outer loop
      vertex -2.376000e-01 2.300000e-01 3.237600e+00
      vertex -4.024000e-01 2.300000e-01 3.237600e+00
      vertex -4.024000e-01 2.300000e-01 3.402400e+00
    endloop
  endfacet
  facet normal 0.000000e+00 0.000000e+00 0.000000e+00
    outer loop
      vertex -2.376000e-01 2.300000e-01 3.237600e+00
      vertex -4.024000e-01 2.300000e-01 3.402400e+00
      vertex -2.376000e-01 2.300000e-01 3.402400e+00
    endloop
  endfacet
  facet normal 0.000000e+00 0.000000e+00 0.000000e+00
    outer loop
      vertex -4.024000e-01 2.300000e-01 3.237600e+00
      vertex -4.024000e-01 -3.000000e-02 3.237600e+00
      vertex -4.024000e-01 -3.000000e-02 3.402400e+00
    endloop
  endfacet
  facet normal 0.000000e+00 0.000000e+00 0.000000e+00
    outer loop
      vertex -4.024000e-01 2.300000e-01 3.237600e+00
      vertex -4.024000e-01 -3.000000e-02 3.402400e+00
      vertex -4.024000e-01 2.300000e-01 3.402400e+00
    endloop
  endfacet
  facet normal 0.000000e+00 0.000000e+00 0.000000e+00
    outer loop
      vertex 7.760000e-02 -3.000000e-02 3.237600e+00
      vertex 2.424000e-01 2.300000e-01 3.237600e+00
      vertex 2.424000e-01 -3.000000e-02 3.237600e+00
    endloop
  endfacet
  facet normal 0.000000e+00 0.000000e+00 0.000000e+00
    outer loop
      vertex 7.760000e-02 -3.000000e-02 3.237600e+00
      vertex 7.760000e-02 2.300000e-01 3.237600e+00
      vertex 2.424000e-01 2.300000e-01 3.237600e+00
    endloop
  endfacet
  facet normal 0.000000e+00 0.000000e+00 0.000000e+00
    outer loop
      vertex 7.760000e-02 -3.000000e-02 3.402400e+00
      vertex 2.424000e-01 -3.000000e-02 3.402400e+00
      vertex 2.424000e-01 2.300000e-01 3.402400e+00
    endloop
  endfacet
  facet normal 0.000000e+00 0.000000e+00 0.000000e+00
    outer loop
      vertex 7.760000e-02 -3.000000e-02 3.402400e+00
      vertex 2.424000e-01 2.300000e-01 3.402400e+00
      vertex 7.760000e-02 2.300000e-01 3.402400e+00
    endloop
  endfacet
  facet normal 0.000000e+00 0.000000e+00 0.000000e+00
    outer loop
      vertex 7.760000e-02 -3.000000e-02 3.237600e+00
      vertex 2.424000e-01 -3.000000e-02 3.237600e+00
      vertex 2.424000e-01 -3.000000e-02 3.402400e+00
    endloop
  endfacet
  facet normal 0.000000e+00 0.000000e+00 0.000000e+00
    outer loop
      vertex 7.760000e-02 -3.000000e-02 3.237600e+00
      vertex 2.424000e-01 -3.000000e-02 3.402400e+00
      vertex 7.760000e-02 -3.000000e-02 3.402400e+00
    endloop
  endfacet
  facet normal 0.000000e+00 0.000000e+00 0.000000e+00
    outer loop
      vertex 2.424000e-01 -3.000000e-02 3.237600e+00
      vertex 2.424000e-01 2.300000e-01 3.237600e+00
      vertex 2.424000e-01 2.300000e-01 3.402400e+00
    endloop
  endfacet
  facet normal 0.000000e+00 0.000000e+00 0.000000e+00
    outer loop
      vertex 2.424000e-01 -3.000000e-02 3.237600e+00
      vertex 2.424000e-01 2.300000e-01 3.402400e+00
      vertex 2.424000e-01 -3.000000e-02 3.402400e+00
    endloop
  endfacet
  facet normal 0.000000e+00 0.000000e+00 0.000000e+00
    outer loop
      vertex 2.424000e-01 2.300000e-01 3.237600e+00
      vertex 7.760000e-02 2.300000e-01 3.237600e+00
      vertex 7.760000e-02 2.300000e-01 3.402400e+00
    endloop
  endfacet
  facet normal 0.000000e+00 0.000000e+00 0.000000e+00
    outer loop
      vertex 2.424000e-01 2.300000e-01 3.237600e+00
      vertex 7.760000e-02 2.300000e-01 3.402400e+00
      vertex 2.424000e-01 2.300000e-01 3.402400e+00
    endloop
  endfacet
  facet normal 0.000000e+00 0.000000e+00 0.000000e+00
    outer loop
      vertex 7.760000e-02 2.300000e-01 3.237600e+00
      vertex 7.760000e-02 -3.000000e-02 3.237600e+00
      vertex 7.760000e-02 -3.000000e-02 3.402400e+00
    endloop
  endfacet
  facet normal 0.000000e+00 0.000000e+00 0.000000e+00
    outer loop
      vertex 7.760000e-02 2.300000e-01 3.237600e+00
      vertex 7.760000e-02 -3.000000e-02 3.402400e+00
      vertex 7.760000e-02 2.300000e-01 3.402400e+00
    endloop
  endfacet
  facet normal 0.000000e+00 0.000000e+00 0.000000e+00
    outer loop
      vertex 2.376000e-01 -3.000000e-02 3.237600e+00
      vertex 4.024000e-01 2.300000e-01 3.237600e+00
      vertex 4.024000e-01 -3.000000e-02 3.237600e+00
    endloop
  endfacet
  facet normal 0.000000e+00 0.000000e+00 0.000000e+00
    outer loop
      vertex 2.376000e-01 -3.000000e-02 3.237600e+00
      vertex 2.376000e-01 2.300000e-01 3.237600e+00
      vertex 4.024000e-01 2.300000e-01 3.237600e+00
    endloop
  endfacet
  facet normal 0.000000e+00 0.000000e+00 0.000000e+00
    outer loop
      vertex 2.376000e-01 -3.000000e-02 3.402400e+00
      vertex 4.024000e-01 -3.000000e-02 3.402400e+00
      vertex 4.024000e-01 2.300000e-01 3.402400e+00
    endloop
  endfacet
  facet normal 0.000000e+00 0.000000e+00 0.000000e+00
    outer loop
      vertex 2.376000e-01 -3.000000e-02 3.402400e+00
      vertex 4.024000e-01 2.300000e-01 3.402400e+00
      vertex 2.376000e-01 2.300000e-01 3.402400e+00
    endloop
  endfacet
  facet normal 0.000000e+00 0.000000e+00 0.000000e+00
    outer loop
      vertex 2.376000e-01 -3.000000e-02 3.237600e+00
      vertex 4.024000e-01 -3.000000e-02 3.237600e+00
      vertex 4.024000e-01 -3.000000e-02 3.402400e+00
    endloop
  endfacet
  facet normal 0.000000e+00 0.000000e+00 0.000000e+00
    outer loop
      vertex 2.376000e-01 -3.000000e-02 3.237600e+00
      vertex 4.024000e-01 -3.000000e-02 3.402400e+00
      vertex 2.376000e-01 -3.000000e-02 3.402400e+00
    endloop
  endfacet
  facet normal 0.000000e+00 0.000000e+00 0.000000e+00
    outer loop
      vertex 4.024000e-01 -3.000000e-02 3.237600e+00
      vertex 4.024000e-01 2.300000e-01 3.237600e+00
      vertex 4.024000e-01 2.300000e-01 3.402400e+00
    endloop
  endfacet
  facet normal 0.000000e+00 0.000000e+00 0.000000e+00
    outer loop
      vertex 4.024000e-01 -3.000000e-02 3.237600e+00
      vertex 4.024000e-01 2.300000e-01 3.402400e+00
      vertex 4.024000e-01 -3.000000e-02 3.402400e+00
    endloop
  endfacet
  facet normal 0.000000e+00 0.000000e+00 0.000000e+00
    outer loop
      vertex 4.024000e-01 2.300000e-01 3.237600e+00
      vertex 2.376000e-01 2.300000e-01 3.237600e+00
      vertex 2.376000e-01 2.300000e-01 3.402400e+00
    endloop
  endfacet
  facet normal 0.000000e+00 0.000000e+00 0.000000e+00
    outer loop
      vertex 4.024000e-01 2.300000e-01 3.237600e+00
      vertex 2.376000e-01 2.300000e-01 3.402400e+00
      vertex 4.024000e-01 2.300000e-01 3.402400e+00
    endloop
  endfacet
  facet normal 0.000000e+00 0.000000e+00 0.000000e+00
    outer loop
      vertex 2.376000e-01 2.300000e-01 3.237600e+00
      vertex 2.376000e-01 -3.000000e-02 3.237600e+00
      vertex 2.376000e-01 -3.000000e-02 3.402400e+00
    endloop
  endfacet
  facet normal 0.000000e+00 0.000000e+00 0.000000e+00
    outer loop
      vertex 2.376000e-01 2.300000e-01 3.237600e+00
      vertex 2.376000e-01 -3.000000e-02 3.402400e+00
      vertex 2.376000e-01 2.300000e-01 3.402400e+00
    endloop
  endfacet
  facet normal 0.000000e+00 0.000000e+00 0.000000e+00
    outer loop
      vertex -2.424000e-01 -3.000000e-02 3.077600e+00
      vertex -7.760000e-02 2.300000e-01 3.077600e+00
      vertex -7.760000e-02 -3.000000e-02 3.077600e+00
    endloop
  endfacet
  facet normal 0.000000e+00 0.000000e+00 0.000000e+00
    outer loop
      vertex -2.424000e-01 -3.000000e-02 3.077600e+00
      vertex -2.424000e-01 2.300000e-01 3.077600e+00
      vertex -7.760000e-02 2.300000e-01 3.077600e+00
    endloop
  endfacet
  facet normal 0.000000e+00 0.000000e+00 0.000000e+00
    outer loop
      vertex -2.424000e-01 -3.000000e-02 3.242400e+00
      vertex -7.760000e-02 -3.000000e-02 3.242400e+00
      vertex -7.760000e-02 2.300000e-01 3.242400e+00
    endloop
  endfacet
  facet normal 0.000000e+00 0.000000e+00 0.000000e+00
    outer loop
      vertex -2.424000e-01 -3.000000e-02 3.242400e+00
      vertex -7.760000e-02 2.300000e-01 3.242400e+00
      vertex -2.424000e-01 2.300000e-01 3.242400e+00
    endloop
  endfacet
  facet normal 0.000000e+00 0.000000e+00 0.000000e+00
    outer loop
      vertex -2.424000e-01 -3.000000e-02 3.077600e+00
      vertex -7.760000e-02 -3.000000e-02 3.077600e+00
      vertex -7.760000e-02 -3.000000e-02 3.242400e+00
    endloop
  endfacet
  facet normal 0.000000e+00 0.000000e+00 0.000000e+00
    outer loop
      vertex -2.424000e-01 -3.000000e-02 3.077600e+00
      vertex -7.760000e-02 -3.000000e-02 3.242400e+00
      vertex -2.424000e-01 -3.000000e-02 3.242400e+00
    endloop
  endfacet
  facet normal 0.000000e+00 0.000000e+00 0.000000e+00
    outer loop
      vertex -7.760000e-02 -3.000000e-02 3.077600e+00
      vertex -7.760000e-02 2.300000e-01 3.077600e+00
      vertex -7.760000e-02 2.300000e-01 3.242400e+00
    endloop
  endfacet
  facet normal 0.000000e+00 0.000000e+00 0.000000e+00
    outer loop
      vertex -7.760000e-02 -3.000000e-02 3.077600e+00
      vertex -7.760000e-02 2.300000e-01 3.242400e+00
      vertex -7.760000e-02 -3.000000e-02 3.242400e+00
    endloop
  endfacet
  facet normal 0.000000e+00 0.000000e+00 0.000000e+00
    outer loop
      vertex -7.760000e-02 2.300000e-01 3.077600e+00
      vertex -2.424000e-01 2.300000e-01 3.077600e+00
      vertex -2.424000e-01 2.300000e-01 3.242400e+00
    endloop
  endfacet
  facet normal 0.000000e+00 0.000000e+00 0.000000e+00
    outer loop
      vertex -7.760000e-02 2.300000e-01 3.077600e+00
      vertex -2.424000e-01 2.300000e-01 3.242400e+00
      vertex -7.760000e-02 2.300000e-01 3.242400e+00
    endloop
  endfacet
  facet normal 0.000000e+00 0.000000e+00 0.000000e+00
    outer loop
      vertex -2.424000e-01 2.300000e-01 3.077600e+00
      vertex -2.424000e-01 -3.000000e-02 3.077600e+00
      vertex -2.424000e-01 -3.000000e-02 3.242400e+00
    endloop
  endfacet
  facet normal 0.000000e+00 0.000000e+00 0.000000e+00
    outer loop
      vertex -2.424000e-01 2.300000e-01 3.077600e+00
      vertex -2.424000e-01 -3.000000e-02 3.242400e+00
      vertex -2.424000e-01 2.300000e-01 3.242400e+00
    endloop
  endfacet
  facet normal 0.000000e+00 0.000000e+00 0.000000e+00
    outer loop
      vertex -8.240000e-02 -3.000000e-02 3.077600e+00
      vertex 8.240000e-02 2.300000e-01 3.077600e+00
      vertex 8.240000e-02 -3.000000e-02 3.077600e+00
    endloop
  endfacet
  facet normal 0.000000e+00 0.000000e+00 0.000000e+00
    outer loop
      vertex -8.240000e-02 -3.000000e-02 3.077600e+00
      vertex -8.240000e-02 2.300000e-01 3.077600e+00
      vertex 8.240000e-02 2.300000e-01 3.077600e+00
    endloop
  endfacet
  facet normal 0.000000e+00 0.000000e+00 0.000000e+00
    outer loop
      vertex -8.240000e-02 -3.000000e-02 3.242400e+00
      vertex 8.240000e-02 -3.000000e-02 3.242400e+00
      vertex 8.240000e-02 2.300000e-01 3.242400e+00
    endloop
  endfacet
  facet normal 0.000000e+00 0.000000e+00 0.000000e+00
    outer loop
      vertex -8.240000e-02 -3.000000e-02 3.242400e+00
      vertex 8.240000e-02 2.300000e-01 3.242400e+00
      vertex -8.240000e-02 2.300000e-01 3.242400e+00
    endloop
  endfacet
  facet normal 0.000000e+00 0.000000e+00 0.000000e+00
    outer loop
      vertex -8.240000e-02 -3.000000e-02 3.077600e+00
      vertex 8.240000e-02 -3.000000e-02 3.077600e+00
      vertex 8.240000e-02 -3.000000e-02 3.242400e+00
    endloop
  endfacet
  facet normal 0.000000e+00 0.000000e+00 0.000000e+00
    outer loop
      vertex -8.240000e-02 -3.000000e-02 3.077600e+00
      vertex 8.240000e-02 -3.000000e-02 3.242400e+00
      vertex -8.240000e-02 -3.000000e-02 3.242400e+00
    endloop
  endfacet
  facet normal 0.000000e+00 0.000000e+00 0.000000e+00
    outer loop
      vertex 8.240000e-02 -3.000000e-02 3.077600e+00
      vertex 8.240000e-02 2.300000e-01 3.077600e+00
      vertex 8.240000e-02 2.300000e-01 3.242400e+00
    endloop
  endfacet
  facet normal 0.000000e+00 0.000000e+00 0.000000e+00
    outer loop
      vertex 8.240000e-02 -3.000000e-02 3.077600e+00
      vertex 8.240000e-02 2.300000e-01 3.242400e+00
      vertex 8.240000e-02 -3.000000e-02 3.242400e+00
    endloop
  endfacet
  facet normal 0.000000e+00 0.000000e+00 0.000000e+00
    outer loop
      vertex 8.240000e-02 2.300000e-01 3.077600e+00
      vertex -8.240000e-02 2.300000e-01 3.077600e+00
      vertex -8.240000e-02 2.300000e-01 3.242400e+00
    endloop
  endfacet
  facet normal 0.000000e+00 0.000000e+00 0.000000e+00
    outer loop
      vertex 8.240000e-02 2.300000e-01 3.077600e+00
      vertex -8.240000e-02 2.300000e-01 3.242400e+00
      vertex 8.240000e-02 2.300000e-01 3.242400e+00
    endloop
  endfacet
  facet normal 0.000000e+00 0.000000e+00 0.000000e+00
    outer loop
      vertex -8.240000e-02 2.300000e-01 3.077600e+00
      vertex -8.240000e-02 -3.000000e-02 3.077600e+00
      vertex -8.240000e-02 -3.000000e-02 3.242400e+00
    endloop
  endfacet
  facet normal 0.000000e+00 0.000000e+00 0.000000e+00
    outer loop
      vertex -8.240000e-02 2.300000e-01 3.077600e+00
      vertex -8.240000e-02 -3.000000e-02 3.242400e+00
      vertex -8.240000e-02 2.300000e-01 3.242400e+00
    endloop
  endfacet
  facet normal 0.000000e+00 0.000000e+00 0.000000e+00
    outer loop
      vertex 2.376000e-01 -3.000000e-02 3.077600e+00
      vertex 4.024000e-01 2.300000e-01 3.077600e+00
      vertex 4.024000e-01 -3.000000e-02 3.077600e+00
    endloop
  endfacet
  facet normal 0.000000e+00 0.000000e+00 0.000000e+00
    outer loop
      vertex 2.376000e-01 -3.000000e-02 3.077600e+00
      vertex 2.376000e-01 2.300000e-01 3.077600e+00
      vertex 4.024000e-01 2.300000e-01 3.077600e+00
    endloop
  endfacet
  facet normal 0.000000e+00 0.000000e+00 0.000000e+00
    outer loop
      vertex 2.376000e-01 -3.000000e-02 3.242400e+00
      vertex 4.024000e-01 -3.000000e-02 3.242400e+00
      vertex 4.024000e-01 2.300000e-01 3.242400e+00
    endloop
  endfacet
  facet normal 0.000000e+00 0.000000e+00 0.000000e+00
    outer loop
      vertex 2.376000e-01 -3.000000e-02 3.242400e+00
      vertex 4.024000e-01 2.300000e-01 3.242400e+00
      vertex 2.376000e-01 2.300000e-01 3.242400e+00
    endloop
  endfacet
  facet normal 0.000000e+00 0.000000e+00 0.000000e+00
    outer loop
      vertex 2.376000e-01 -3.000000e-02 3.077600e+00
      vertex 4.024000e-01 -3.000000e-02 3.077600e+00
      vertex 4.024000e-01 -3.000000e-02 3.242400e+00
    endloop
  endfacet
  facet normal 0.000000e+00 0.000000e+00 0.000000e+00
    outer loop
      vertex 2.376000e-01 -3.000000e-02 3.077600e+00
      vertex 4.024000e-01 -3.000000e-02 3.242400e+00
      vertex 2.376000e-01 -3.000000e-02 3.242400e+00
    endloop
  endfacet
  facet normal 0.000000e+00 0.000000e+00 0.000000e+00
    outer loop
      vertex 4.024000e-01 -3.000000e-02 3.077600e+00
      vertex 4.024000e-01 2.300000e-01 3.077600e+00
      vertex 4.024000e-01 2.300000e-01 3.242400e+00
    endloop
  endfacet
  facet normal 0.000000e+00 0.000000e+00 0.000000e+00
    outer loop
      vertex 4.024000e-01 -3.000000e-02 3.077600e+00
      vertex 4.024000e-01 2.300000e-01 3.242400e+00
      vertex 4.024000e-01 -3.000000e-02 3.242400e+00
    endloop
  endfacet
  facet normal 0.000000e+00 0.000000e+00 0.000000e+00
    outer loop
      vertex 4.024000e-01 2.300000e-01 3.077600e+00
      vertex 2.376000e-01 2.300000e-01 3.077600e+00
      vertex 2.376000e-01 2.300000e-01 3.242400e+00
    endloop
  endfacet
  facet normal 0.000000e+00 0.000000e+00 0.000000e+00
    outer loop
      vertex 4.024000e-01 2.300000e-01 3.077600e+00
      vertex 2.376000e-01 2.300000e-01 3.242400e+00
      vertex 4.024000e-01 2.300000e-01 3.242400e+00
    endloop
  endfacet
  facet normal 0.000000e+00 0.000000e+00 0.000000e+00
    outer loop
      vertex 2.376000e-01 2.300000e-01 3.077600e+00
      vertex 2.376000e-01 -3.000000e-02 3.077600e+00
      vertex 2.376000e-01 -3.000000e-02 3.242400e+00
    endloop
  endfacet
  facet normal 0.000000e+00 0.000000e+00 0.000000e+00
    outer loop
      vertex 2.376000e-01 2.300000e-01 3.077600e+00
      vertex 2.376000e-01 -3.000000e-02 3.242400e+00
      vertex 2.376000e-01 2.300000e-01 3.242400e+00
    endloop
  endfacet
  facet normal 0.000000e+00 0.000000e+00 0.000000e+00
    outer loop
      vertex 6.376000e-01 -3.000000e-02 4.037600e+00
      vertex 8.024000e-01 2.300000e-01 4.037600e+00
      vertex 8.024000e-01 -3.000000e-02 4.037600e+00
    endloop
  endfacet
  facet normal 0.000000e+00 0.000000e+00 0.000000e+00
    outer loop
      vertex 6.376000e-01 -3.000000e-02 4.037600e+00
      vertex 6.376000e-01 2.300000e-01 4.037600e+00
      vertex 8.024000e-01 2.300000e-01 4.037600e+00
    endloop
  endfacet
  facet normal 0.000000e+00 0.000000e+00 0.000000e+00
    outer loop
      vertex 6.376000e-01 -3.000000e-02 4.202400e+00
      vertex 8.024000e-01 -3.000000e-02 4.202400e+00
      vertex 8.024000e-01 2.300000e-01 4.202400e+00
    endloop
  endfacet
  facet normal 0.000000e+00 0.000000e+00 0.000000e+00
    outer loop
      vertex 6.376000e-01 -3.000000e-02 4.202400e+00
      vertex 8.024000e-01 2.300000e-01 4.202400e+00
      vertex 6.376000e-01 2.300000e-01 4.202400e+00
    endloop
  endfacet
  facet normal 0.000000e+00 0.000000e+00 0.000000e+00
    outer loop
      vertex 6.376000e-01 -3.000000e-02 4.037600e+00
      vertex 8.024000e-01 -3.000000e-02 4.037600e+00
      vertex 8.024000e-01 -3.000000e-02 4.202400e+00
    endloop
  endfacet
  facet normal 0.000000e+00 0.000000e+00 0.000000e+00
    outer loop
      vertex 6.376000e-01 -3.000000e-02 4.037600e+00
      vertex 8.024000e-01 -3.000000e-02 4.202400e+00
      vertex 6.376000e-01 -3.000000e-02 4.202400e+00
    endloop
  endfacet
  facet normal 0.000000e+00 0.000000e+00 0.000000e+00
    outer loop
      vertex 8.024000e-01 -3.000000e-02 4.037600e+00
      vertex 8.024000e-01 2.300000e-01 4.037600e+00
      vertex 8.024000e-01 2.300000e-01 4.202400e+00
    endloop
  endfacet
  facet normal 0.000000e+00 0.000000e+00 0.000000e+00
    outer loop
      vertex 8.024000e-01 -3.000000e-02 4.037600e+00
      vertex 8.024000e-01 2.300000e-01 4.202400e+00
      vertex 8.024000e-01 -3.000000e-02 4.202400e+00
    endloop
  endfacet
  facet normal 0.000000e+00 0.000000e+00 0.000000e+00
    outer loop
      vertex 8.024000e-01 2.300000e-01 4.037600e+00
      vertex 6.376000e-01 2.300000e-01 4.037600e+00
      vertex 6.376000e-01 2.300000e-01 4.202400e+00
    endloop
  endfacet
  facet normal 0.000000e+00 0.000000e+00 0.000000e+00
    outer loop
      vertex 8.024000e-01 2.300000e-01 4.037600e+00
      vertex 6.376000e-01 2.300000e-01 4.202400e+00
      vertex 8.024000e-01 2.300000e-01 4.202400e+00
    endloop
  endfacet
  facet normal 0.000000e+00 0.000000e+00 0.000000e+00
    outer loop
      vertex 6.376000e-01 2.300000e-01 4.037600e+00
      vertex 6.376000e-01 -3.000000e-02 4.037600e+00
      vertex 6.376000e-01 -3.000000e-02 4.202400e+00
    endloop
  endfacet
  facet normal 0.000000e+00 0.000000e+00 0.000000e+00
    outer loop
      vertex 6.376000e-01 2.300000e-01 4.037600e+00
      vertex 6.376000e-01 -3.000000e-02 4.202400e+00
      vertex 6.376000e-01 2.300000e-01 4.202400e+00
    endloop
  endfacet
  facet normal 0.000000e+00 0.000000e+00 0.000000e+00
    outer loop
      vertex 6.376000e-01 -3.000000e-02 3.877600e+00
      vertex 8.024000e-01 2.300000e-01 3.877600e+00
      vertex 8.024000e-01 -3.000000e-02 3.877600e+00
    endloop
  endfacet
  facet normal 0.000000e+00 0.000000e+00 0.000000e+00
    outer loop
      vertex 6.376000e-01 -3.000000e-02 3.877600e+00
      vertex 6.376000e-01 2.300000e-01 3.877600e+00
      vertex 8.024000e-01 2.300000e-01 3.877600e+00
    endloop
  endfacet
  facet normal 0.000000e+00 0.000000e+00 0.000000e+00
    outer loop
      vertex 6.376000e-01 -3.000000e-02 4.042400e+00
      vertex 8.024000e-01 -3.000000e-02 4.042400e+00
      vertex 8.024000e-01 2.300000e-01 4.042400e+00
    endloop
  endfacet
  facet normal 0.000000e+00 0.000000e+00 0.000000e+00
    outer loop
      vertex 6.376000e-01 -3.000000e-02 4.042400e+00
      vertex 8.024000e-01 2.300000e-01 4.042400e+00
      vertex 6.376000e-01 2.300000e-01 4.042400e+00
    endloop
  endfacet
  facet normal 0.000000e+00 0.000000e+00 0.000000e+00
    outer loop
      vertex 6.376000e-01 -3.000000e-02 3.877600e+00
      vertex 8.024000e-01 -3.000000e-02 3.877600e+00
      vertex 8.024000e-01 -3.000000e-02 4.042400e+00
    endloop
  endfacet
  facet normal 0.000000e+00 0.000000e+00 0.000000e+00
    outer loop
      vertex 6.376000e-01 -3.000000e-02 3.877600e+00
      vertex 8.024000e-01 -3.000000e-02 4.042400e+00
      vertex 6.376000e-01 -3.000000e-02 4.042400e+00
    endloop
  endfacet
  facet normal 0.000000e+00 0.000000e+00 0.000000e+00
    outer loop
      vertex 8.024000e-01 -3.000000e-02 3.877600e+00
      vertex 8.024000e-01 2.300000e-01 3.877600e+00
      vertex 8.024000e-01 2.300000e-01 4.042400e+00
    endloop
  endfacet
  facet normal 0.000000e+00 0.000000e+00 0.000000e+00
    outer loop
      vertex 8.024000e-01 -3.000000e-02 3.877600e+00
      vertex 8.024000e-01 2.300000e-01 4.042400e+00
      vertex 8.024000e-01 -3.000000e-02 4.042400e+00
    endloop
  endfacet
  facet normal 0.000000e+00 0.000000e+00 0.000000e+00
    outer loop
      vertex 8.024000e-01 2.300000e-01 3.877600e+00
      vertex 6.376000e-01 2.300000e-01 3.877600e+00
      vertex 6.376000e-01 2.300000e-01 4.042400e+00
    endloop
  endfacet
  facet normal 0.000000e+00 0.000000e+00 0.000000e+00
    outer loop
      vertex 8.024000e-01 2.300000e-01 3.877600e+00
      vertex 6.376000e-01 2.300000e-01 4.042400e+00
      vertex 8.024000e-01 2.300000e-01 4.042400e+00
    endloop
  endfacet
  facet normal 0.000000e+00 0.000000e+00 0.000000e+00
    outer loop
      vertex 6.376000e-01 2.300000e-01 3.877600e+00
      vertex 6.376000e-01 -3.000000e-02 3.877600e+00
      vertex 6.376000e-01 -3.000000e-02 4.042400e+00
    endloop
  endfacet
  facet normal 0.000000e+00 0.000000e+00 0.000000e+00
    outer loop
      vertex 6.376000e-01 2.300000e-01 3.877600e+00
      vertex 6.376000e-01 -3.000000e-02 4.042400e+00
      vertex 6.376000e-01 2.300000e-01 4.042400e+00
    endloop
  endfacet
  facet normal 0.000000e+00 0.000000e+00 0.000000e+00
    outer loop
      vertex 6.376000e-01 -3.000000e-02 3.717600e+00
      vertex 8.024000e-01 2.300000e-01 3.717600e+00
      vertex 8.024000e-01 -3.000000e-02 3.717600e+00
    endloop
  endfacet
  facet normal 0.000000e+00 0.000000e+00 0.000000e+00
    outer loop
      vertex 6.376000e-01 -3.000000e-02 3.717600e+00
      vertex 6.376000e-01 2.300000e-01 3.717600e+00
      vertex 8.024000e-01 2.300000e-01 3.717600e+00
    endloop
  endfacet
  facet normal 0.000000e+00 0.000000e+00 0.000000e+00
    outer loop
      vertex 6.376000e-01 -3.000000e-02 3.882400e+00
      vertex 8.024000e-01 -3.000000e-02 3.882400e+00
      vertex 8.024000e-01 2.300000e-01 3.882400e+00
    endloop
  endfacet
  facet normal 0.000000e+00 0.000000e+00 0.000000e+00
    outer loop
      vertex 6.376000e-01 -3.000000e-02 3.882400e+00
      vertex 8.024000e-01 2.300000e-01 3.882400e+00
      vertex 6.376000e-01 2.300000e-01 3.882400e+00
    endloop
  endfacet
  facet normal 0.000000e+00 0.000000e+00 0.000000e+00
    outer loop
      vertex 6.376000e-01 -3.000000e-02 3.717600e+00
      vertex 8.024000e-01 -3.000000e-02 3.717600e+00
      vertex 8.024000e-01 -3.000000e-02 3.882400e+00
    endloop
  endfacet
  facet normal 0.000000e+00 0.000000e+00 0.000000e+00
    outer loop
      vertex 6.376000e-01 -3.000000e-02 3.717600e+00
      vertex 8.024000e-01 -3.000000e-02 3.882400e+00
      vertex 6.376000e-01 -3.000000e-02 3.882400e+00
    endloop
  endfacet
  facet normal 0.000000e+00 0.000000e+00 0.000000e+00
    outer loop
      vertex 8.024000e-01 -3.000000e-02 3.717600e+00
      vertex 8.024000e-01 2.300000e-01 3.717600e+00
      vertex 8.024000e-01 2.300000e-01 3.882400e+00
    endloop
  endfacet
  facet normal 0.000000e+00 0.000000e+00 0.000000e+00
    outer loop
      vertex 8.024000e-01 -3.000000e-02 3.717600e+00
      vertex 8.024000e-01 2.300000e-01 3.882400e+00
      vertex 8.024000e-01 -3.000000e-02 3.882400e+00
    endloop
  endfacet
  facet normal 0.000000e+00 0.000000e+00 0.000000e+00
    outer loop
      vertex 8.024000e-01 2.300000e-01 3.717600e+00
      vertex 6.376000e-01 2.300000e-01 3.717600e+00
      vertex 6.376000e-01 2.300000e-01 3.882400e+00
    endloop
  endfacet
  facet normal 0.000000e+00 0.000000e+00 0.000000e+00
    outer loop
      vertex 8.024000e-01 2.300000e-01 3.717600e+00
      vertex 6.376000e-01 2.300000e-01 3.882400e+00
      vertex 8.024000e-01 2.300000e-01 3.882400e+00
    endloop
  endfacet
  facet normal 0.000000e+00 0.000000e+00 0.000000e+00
    outer loop
      vertex 6.376000e-01 2.300000e-01 3.717600e+00
      vertex 6.376000e-01 -3.000000e-02 3.717600e+00
      vertex 6.376000e-01 -3.000000e-02 3.882400e+00
    endloop
  endfacet
  facet normal 0.000000e+00 0.000000e+00 0.000000e+00
    outer loop
      vertex 6.376000e-01 2.300000e-01 3.717600e+00
      vertex 6.376000e-01 -3.000000e-02 3.882400e+00
      vertex 6.376000e-01 2.300000e-01 3.882400e+00
    endloop
  endfacet
  facet normal 0.000000e+00 0.000000e+00 0.000000e+00
    outer loop
      vertex 6.376000e-01 -3.000000e-02 3.557600e+00
      vertex 8.024000e-01 2.300000e-01 3.557600e+00
      vertex 8.024000e-01 -3.000000e-02 3.557600e+00
    endloop
  endfacet
  facet normal 0.000000e+00 0.000000e+00 0.000000e+00
    outer loop
      vertex 6.376000e-01 -3.000000e-02 3.557600e+00
      vertex 6.376000e-01 2.300000e-01 3.557600e+00
      vertex 8.024000e-01 2.300000e-01 3.557600e+00
    endloop
  endfacet
  facet normal 0.000000e+00 0.000000e+00 0.000000e+00
    outer loop
      vertex 6.376000e-01 -3.000000e-02 3.722400e+00
      vertex 8.024000e-01 -3.000000e-02 3.722400e+00
      vertex 8.024000e-01 2.300000e-01 3.722400e+00
    endloop
  endfacet
  facet normal 0.000000e+00 0.000000e+00 0.000000e+00
    outer loop
      vertex 6.376000e-01 -3.000000e-02 3.722400e+00
      vertex 8.024000e-01 2.300000e-01 3.722400e+00
      vertex 6.376000e-01 2.300000e-01 3.722400e+00
    endloop
  endfacet
  facet normal 0.000000e+00 0.000000e+00 0.000000e+00
    outer loop
      vertex 6.376000e-01 -3.000000e-02 3.557600e+00
      vertex 8.024000e-01 -3.000000e-02 3.557600e+00
      vertex 8.024000e-01 -3.000000e-02 3.722400e+00
    endloop
  endfacet
  facet normal 0.000000e+00 0.000000e+00 0.000000e+00
    outer loop
      vertex 6.376000e-01 -3.000000e-02 3.557600e+00
      vertex 8.024000e-01 -3.000000e-02 3.722400e+00
      vertex 6.376000e-01 -3.000000e-02 3.722400e+00
    endloop
  endfacet
  facet normal 0.000000e+00 0.000000e+00 0.000000e+00
    outer loop
      vertex 8.024000e-01 -3.000000e-02 3.557600e+00
      vertex 8.024000e-01 2.300000e-01 3.557600e+00
      vertex 8.024000e-01 2.300000e-01 3.722400e+00
    endloop
  endfacet
  facet normal 0.000000e+00 0.000000e+00 0.000000e+00
    outer loop
      vertex 8.024000e-01 -3.000000e-02 3.557600e+00
      vertex 8.024000e-01 2.300000e-01 3.722400e+00
      vertex 8.024000e-01 -3.000000e-02 3.722400e+00
    endloop
  endfacet
  facet normal 0.000000e+00 0.000000e+00 0.000000e+00
    outer loop
      vertex 8.024000e-01 2.300000e-01 3.557600e+00
      vertex 6.376000e-01 2.300000e-01 3.557600e+00
      vertex 6.376000e-01 2.300000e-01 3.722400e+00
    endloop
  endfacet
  facet normal 0.000000e+00 0.000000e+00 0.000000e+00
    outer loop
      vertex 8.024000e-01 2.300000e-01 3.557600e+00
      vertex 6.376000e-01 2.300000e-01 3.722400e+00
      vertex 8.024000e-01 2.300000e-01 3.722400e+00
    endloop
  endfacet
  facet normal 0.000000e+00 0.000000e+00 0.000000e+00
    outer loop
      vertex 6.376000e-01 2.300000e-01 3.557600e+00
      vertex 6.376000e-01 -3.000000e-02 3.557600e+00
      vertex 6.376000e-01 -3.000000e-02 3.722400e+00
    endloop
  endfacet
  facet normal 0.000000e+00 0.000000e+00 0.000000e+00
    outer loop
      vertex 6.376000e-01 2.300000e-01 3.557600e+00
      vertex 6.376000e-01 -3.000000e-02 3.722400e+00
      vertex 6.376000e-01 2.300000e-01 3.722400e+00
    endloop
  endfacet
  facet normal 0.000000e+00 0.000000e+00 0.000000e+00
    outer loop
      vertex 6.376000e-01 -3.000000e-02 3.397600e+00
      vertex 8.024000e-01 2.300000e-01 3.397600e+00
      vertex 8.024000e-01 -3.000000e-02 3.397600e+00
    endloop
  endfacet
  facet normal 0.000000e+00 0.000000e+00 0.000000e+00
    outer loop
      vertex 6.376000e-01 -3.000000e-02 3.397600e+00
      vertex 6.376000e-01 2.300000e-01 3.397600e+00
      vertex 8.024000e-01 2.300000e-01 3.397600e+00
    endloop
  endfacet
  facet normal 0.000000e+00 0.000000e+00 0.000000e+00
    outer loop
      vertex 6.376000e-01 -3.000000e-02 3.562400e+00
      vertex 8.024000e-01 -3.000000e-02 3.562400e+00
      vertex 8.024000e-01 2.300000e-01 3.562400e+00
    endloop
  endfacet
  facet normal 0.000000e+00 0.000000e+00 0.000000e+00
    outer loop
      vertex 6.376000e-01 -3.000000e-02 3.562400e+00
      vertex 8.024000e-01 2.300000e-01 3.562400e+00
      vertex 6.376000e-01 2.300000e-01 3.562400e+00
    endloop
  endfacet
  facet normal 0.000000e+00 0.000000e+00 0.000000e+00
    outer loop
      vertex 6.376000e-01 -3.000000e-02 3.397600e+00
      vertex 8.024000e-01 -3.000000e-02 3.397600e+00
      vertex 8.024000e-01 -3.000000e-02 3.562400e+00
    endloop
  endfacet
  facet normal 0.000000e+00 0.000000e+00 0.000000e+00
    outer loop
      vertex 6.376000e-01 -3.000000e-02 3.397600e+00
      vertex 8.024000e-01 -3.000000e-02 3.562400e+00
      vertex 6.376000e-01 -3.000000e-02 3.562400e+00
    endloop
  endfacet
  facet normal 0.000000e+00 0.000000e+00 0.000000e+00
    outer loop
      vertex 8.024000e-01 -3.000000e-02 3.397600e+00
      vertex 8.024000e-01 2.300000e-01 3.397600e+00
      vertex 8.024000e-01 2.300000e-01 3.562400e+00
    endloop
  endfacet
  facet normal 0.000000e+00 0.000000e+00 0.000000e+00
    outer loop
      vertex 8.024000e-01 -3.000000e-02 3.397600e+00
      vertex 8.024000e-01 2.300000e-01 3.562400e+00
      vertex 8.024000e-01 -3.000000e-02 3.562400e+00
    endloop
  endfacet
  facet normal 0.000000e+00 0.000000e+00 0.000000e+00
    outer loop
      vertex 8.024000e-01 2.300000e-01 3.397600e+00
      vertex 6.376000e-01 2.300000e-01 3.397600e+00
      vertex 6.376000e-01 2.300000e-01 3.562400e+00
    endloop
  endfacet
  facet normal 0.000000e+00 0.000000e+00 0.000000e+00
    outer loop
      vertex 8.024000e-01 2.300000e-01 3.397600e+00
      vertex 6.376000e-01 2.300000e-01 3.562400e+00
      vertex 8.024000e-01 2.300000e-01 3.562400e+00
    endloop
  endfacet
  facet normal 0.000000e+00 0.000000e+00 0.000000e+00
    outer loop
      vertex 6.376000e-01 2.300000e-01 3.397600e+00
      vertex 6.376000e-01 -3.000000e-02 3.397600e+00
      vertex 6.376000e-01 -3.000000e-02 3.562400e+00
    endloop
  endfacet
  facet normal 0.000000e+00 0.000000e+00 0.000000e+00
    outer loop
      vertex 6.376000e-01 2.300000e-01 3.397600e+00
      vertex 6.376000e-01 -3.000000e-02 3.562400e+00
      vertex 6.376000e-01 2.300000e-01 3.562400e+00
    endloop
  endfacet
  facet normal 0.000000e+00 0.000000e+00 0.000000e+00
    outer loop
      vertex 6.376000e-01 -3.000000e-02 3.237600e+00
      vertex 8.024000e-01 2.300000e-01 3.237600e+00
      vertex 8.024000e-01 -3.000000e-02 3.237600e+00
    endloop
  endfacet
  facet normal 0.000000e+00 0.000000e+00 0.000000e+00
    outer loop
      vertex 6.376000e-01 -3.000000e-02 3.237600e+00
      vertex 6.376000e-01 2.300000e-01 3.237600e+00
      vertex 8.024000e-01 2.300000e-01 3.237600e+00
    endloop
  endfacet
  facet normal 0.000000e+00 0.000000e+00 0.000000e+00
    outer loop
      vertex 6.376000e-01 -3.000000e-02 3.402400e+00
      vertex 8.024000e-01 -3.000000e-02 3.402400e+00
      vertex 8.024000e-01 2.300000e-01 3.402400e+00
    endloop
  endfacet
  facet normal 0.000000e+00 0.000000e+00 0.000000e+00
    outer loop
      vertex 6.376000e-01 -3.000000e-02 3.402400e+00
      vertex 8.024000e-01 2.300000e-01 3.402400e+00
      vertex 6.376000e-01 2.300000e-01 3.402400e+00
    endloop
  endfacet
  facet normal 0.000000e+00 0.000000e+00 0.000000e+00
    outer loop
      vertex 6.376000e-01 -3.000000e-02 3.237600e+00
      vertex 8.024000e-01 -3.000000e-02 3.237600e+00
      vertex 8.024000e-01 -3.000000e-02 3.402400e+00
    endloop
  endfacet
  facet normal 0.000000e+00 0.000000e+00 0.000000e+00
    outer loop
      vertex 6.376000e-01 -3.000000e-02 3.237600e+00
      vertex 8.024000e-01 -3.000000e-02 3.402400e+00
      vertex 6.376000e-01 -3.000000e-02 3.402400e+00
    endloop
  endfacet
  facet normal 0.000000e+00 0.000000e+00 0.000000e+00
    outer loop
      vertex 8.024000e-01 -3.000000e-02 3.237600e+00
      vertex 8.024000e-01 2.300000e-01 3.237600e+00
      vertex 8.024000e-01 2.300000e-01 3.402400e+00
    endloop
  endfacet
  facet normal 0.000000e+00 0.000000e+00 0.000000e+00
    outer loop
      vertex 8.024000e-01 -3.000000e-02 3.237600e+00
      vertex 8.024000e-01 2.300000e-01 3.402400e+00
      vertex 8.024000e-01 -3.000000e-02 3.402400e+00
    endloop
  endfacet
  facet normal 0.000000e+00 0.000000e+00 0.000000e+00
    outer loop
      vertex 8.024000e-01 2.300000e-01 3.237600e+00
      vertex 6.376000e-01 2.300000e-01 3.237600e+00
      vertex 6.376000e-01 2.300000e-01 3.402400e+00
    endloop
  endfacet
  facet normal 0.000000e+00 0.000000e+00 0.000000e+00
    outer loop
      vertex 8.024000e-01 2.300000e-01 3.237600e+00
      vertex 6.376000e-01 2.300000e-01 3.402400e+00
      vertex 8.024000e-01 2.300000e-01 3.402400e+00
    endloop
  endfacet
  facet normal 0.000000e+00 0.000000e+00 0.000000e+00
    outer loop
      vertex 6.376000e-01 2.300000e-01 3.237600e+00
      vertex 6.376000e-01 -3.000000e-02 3.237600e+00
      vertex 6.376000e-01 -3.000000e-02 3.402400e+00
    endloop
  endfacet
  facet normal 0.000000e+00 0.000000e+00 0.000000e+00
    outer loop
      vertex 6.376000e-01 2.300000e-01 3.237600e+00
      vertex 6.376000e-01 -3.000000e-02 3.402400e+00
      vertex 6.376000e-01 2.300000e-01 3.402400e+00
    endloop
  endfacet
  facet normal 0.000000e+00 0.000000e+00 0.000000e+00
    outer loop
      vertex 7.976000e-01 -3.000000e-02 3.077600e+00
      vertex 9.624000e-01 2.300000e-01 3.077600e+00
      vertex 9.624000e-01 -3.000000e-02 3.077600e+00
    endloop
  endfacet
  facet normal 0.000000e+00 0.000000e+00 0.000000e+00
    outer loop
      vertex 7.976000e-01 -3.000000e-02 3.077600e+00
      vertex 7.976000e-01 2.300000e-01 3.077600e+00
      vertex 9.624000e-01 2.300000e-01 3.077600e+00
    endloop
  endfacet
  facet normal 0.000000e+00 0.000000e+00 0.000000e+00
    outer loop
      vertex 7.976000e-01 -3.000000e-02 3.242400e+00
      vertex 9.624000e-01 -3.000000e-02 3.242400e+00
      vertex 9.624000e-01 2.300000e-01 3.242400e+00
    endloop
  endfacet
  facet normal 0.000000e+00 0.000000e+00 0.000000e+00
    outer loop
      vertex 7.976000e-01 -3.000000e-02 3.242400e+00
      vertex 9.624000e-01 2.300000e-01 3.242400e+00
      vertex 7.976000e-01 2.300000e-01 3.242400e+00
    endloop
  endfacet
  facet normal 0.000000e+00 0.000000e+00 0.000000e+00
    outer loop
      vertex 7.976000e-01 -3.000000e-02 3.077600e+00
      vertex 9.624000e-01 -3.000000e-02 3.077600e+00
      vertex 9.624000e-01 -3.000000e-02 3.242400e+00
    endloop
  endfacet
  facet normal 0.000000e+00 0.000000e+00 0.000000e+00
    outer loop
      vertex 7.976000e-01 -3.000000e-02 3.077600e+00
      vertex 9.624000e-01 -3.000000e-02 3.242400e+00
      vertex 7.976000e-01 -3.000000e-02 3.242400e+00
    endloop
  endfacet
  facet normal 0.000000e+00 0.000000e+00 0.000000e+00
    outer loop
      vertex 9.624000e-01 -3.000000e-02 3.077600e+00
      vertex 9.624000e-01 2.300000e-01 3.077600e+00
      vertex 9.624000e-01 2.300000e-01 3.242400e+00
    endloop
  endfacet
  facet normal 0.000000e+00 0.000000e+00 0.000000e+00
    outer loop
      vertex 9.624000e-01 -3.000000e-02 3.077600e+00
      vertex 9.624000e-01 2.300000e-01 3.242400e+00
      vertex 9.624000e-01 -3.000000e-02 3.242400e+00
    endloop
  endfacet
  facet normal 0.000000e+00 0.000000e+00 0.000000e+00
    outer loop
      vertex 9.624000e-01 2.300000e-01 3.077600e+00
      vertex 7.976000e-01 2.300000e-01 3.077600e+00
      vertex 7.976000e-01 2.300000e-01 3.242400e+00
    endloop
  endfacet
  facet normal 0.000000e+00 0.000000e+00 0.000000e+00
    outer loop
      vertex 9.624000e-01 2.300000e-01 3.077600e+00
      vertex 7.976000e-01 2.300000e-01 3.242400e+00
      vertex 9.624000e-01 2.300000e-01 3.242400e+00
    endloop
  endfacet
  facet normal 0.000000e+00 0.000000e+00 0.000000e+00
    outer loop
      vertex 7.976000e-01 2.300000e-01 3.077600e+00
      vertex 7.976000e-01 -3.000000e-02 3.077600e+00
      vertex 7.976000e-01 -3.000000e-02 3.242400e+00
    endloop
  endfacet
  facet normal 0.000000e+00 0.000000e+00 0.000000e+00
    outer loop
      vertex 7.976000e-01 2.300000e-01 3.077600e+00
      vertex 7.976000e-01 -3.000000e-02 3.242400e+00
      vertex 7.976000e-01 2.300000e-01 3.242400e+00
    endloop
  endfacet
  facet normal 0.000000e+00 0.000000e+00 0.000000e+00
    outer loop
      vertex 9.576000e-01 -3.000000e-02 3.077600e+00
      vertex 1.122400e+00 2.300000e-01 3.077600e+00
      vertex 1.122400e+00 -3.000000e-02 3.077600e+00
    endloop
  endfacet
  facet normal 0.000000e+00 0.000000e+00 0.000000e+00
    outer loop
      vertex 9.576000e-01 -3.000000e-02 3.077600e+00
      vertex 9.576000e-01 2.300000e-01 3.077600e+00
      vertex 1.122400e+00 2.300000e-01 3.077600e+00
    endloop
  endfacet
  facet normal 0.000000e+00 0.000000e+00 0.000000e+00
    outer loop
      vertex 9.576000e-01 -3.000000e-02 3.242400e+00
      vertex 1.122400e+00 -3.000000e-02 3.242400e+00
      vertex 1.122400e+00 2.300000e-01 3.242400e+00
    endloop
  endfacet
  facet normal 0.000000e+00 0.000000e+00 0.000000e+00
    outer loop
      vertex 9.576000e-01 -3.000000e-02 3.242400e+00
      vertex 1.122400e+00 2.300000e-01 3.242400e+00
      vertex 9.576000e-01 2.300000e-01 3.242400e+00
    endloop
  endfacet
  facet normal 0.000000e+00 0.000000e+00 0.000000e+00
    outer loop
      vertex 9.576000e-01 -3.000000e-02 3.077600e+00
      vertex 1.122400e+00 -3.000000e-02 3.077600e+00
      vertex 1.122400e+00 -3.000000e-02 3.242400e+00
    endloop
  endfacet
  facet normal 0.000000e+00 0.000000e+00 0.000000e+00
    outer loop
      vertex 9.576000e-01 -3.000000e-02 3.077600e+00
      vertex 1.122400e+00 -3.000000e-02 3.242400e+00
      vertex 9.576000e-01 -3.000000e-02 3.242400e+00
    endloop
  endfacet
  facet normal 0.000000e+00 0.000000e+00 0.000000e+00
    outer loop
      vertex 1.122400e+00 -3.000000e-02 3.077600e+00
      vertex 1.122400e+00 2.300000e-01 3.077600e+00
      vertex 1.122400e+00 2.300000e-01 3.242400e+00
    endloop
  endfacet
  facet normal 0.000000e+00 0.000000e+00 0.000000e+00
    outer loop
      vertex 1.122400e+00 -3.000000e-02 3.077600e+00
      vertex 1.122400e+00 2.300000e-01 3.242400e+00
      vertex 1.122400e+00 -3.000000e-02 3.242400e+00
    endloop
  endfacet
  facet normal 0.000000e+00 0.000000e+00 0.000000e+00
    outer loop
      vertex 1.122400e+00 2.300000e-01 3.077600e+00
      vertex 9.576000e-01 2.300000e-01 3.077600e+00
      vertex 9.576000e-01 2.300000e-01 3.242400e+00
    endloop
  endfacet
  facet normal 0.000000e+00 0.000000e+00 0.000000e+00
    outer loop
      vertex 1.122400e+00 2.300000e-01 3.077600e+00
      vertex 9.576000e-01 2.300000e-01 3.242400e+00
      vertex 1.122400e+00 2.300000e-01 3.242400e+00
    endloop
  endfacet
  facet normal 0.000000e+00 0.000000e+00 0.000000e+00
    outer loop
      vertex 9.576000e-01 2.300000e-01 3.077600e+00
      vertex 9.576000e-01 -3.000000e-02 3.077600e+00
      vertex 9.576000e-01 -3.000000e-02 3.242400e+00
    endloop
  endfacet
  facet normal 0.000000e+00 0.000000e+00 0.000000e+00
    outer loop
      vertex 9.576000e-01 2.300000e-01 3.077600e+00
      vertex 9.576000e-01 -3.000000e-02 3.242400e+00
      vertex 9.576000e-01 2.300000e-01 3.242400e+00
    endloop
  endfacet
  facet normal 0.000000e+00 0.000000e+00 0.000000e+00
    outer loop
      vertex 1.517600e+00 -3.000000e-02 3.717600e+00
      vertex 1.682400e+00 2.300000e-01 3.717600e+00
      vertex 1.682400e+00 -3.000000e-02 3.717600e+00
    endloop
  endfacet
  facet normal 0.000000e+00 0.000000e+00 0.000000e+00
    outer loop
      vertex 1.517600e+00 -3.000000e-02 3.717600e+00
      vertex 1.517600e+00 2.300000e-01 3.717600e+00
      vertex 1.682400e+00 2.300000e-01 3.717600e+00
    endloop
  endfacet
  facet normal 0.000000e+00 0.000000e+00 0.000000e+00
    outer loop
      vertex 1.517600e+00 -3.000000e-02 3.882400e+00
      vertex 1.682400e+00 -3.000000e-02 3.882400e+00
      vertex 1.682400e+00 2.300000e-01 3.882400e+00
    endloop
  endfacet
  facet normal 0.000000e+00 0.000000e+00 0.000000e+00
    outer loop
      vertex 1.517600e+00 -3.000000e-02 3.882400e+00
      vertex 1.682400e+00 2.300000e-01 3.882400e+00
      vertex 1.517600e+00 2.300000e-01 3.882400e+00
    endloop
  endfacet
  facet normal 0.000000e+00 0.000000e+00 0.000000e+00
    outer loop
      vertex 1.517600e+00 -3.000000e-02 3.717600e+00
      vertex 1.682400e+00 -3.000000e-02 3.717600e+00
      vertex 1.682400e+00 -3.000000e-02 3.882400e+00
    endloop
  endfacet
  facet normal 0.000000e+00 0.000000e+00 0.000000e+00
    outer loop
      vertex 1.517600e+00 -3.000000e-02 3.717600e+00
      vertex 1.682400e+00 -3.000000e-02 3.882400e+00
      vertex 1.517600e+00 -3.000000e-02 3.882400e+00
    endloop
  endfacet
  facet normal 0.000000e+00 0.000000e+00 0.000000e+00
    outer loop
      vertex 1.682400e+00 -3.000000e-02 3.717600e+00
      vertex 1.682400e+00 2.300000e-01 3.717600e+00
      vertex 1.682400e+00 2.300000e-01 3.882400e+00
    endloop
  endfacet
  facet normal 0.000000e+00 0.000000e+00 0.000000e+00
    outer loop
      vertex 1.682400e+00 -3.000000e-02 3.717600e+00
      vertex 1.682400e+00 2.300000e-01 3.882400e+00
      vertex 1.682400e+00 -3.000000e-02 3.882400e+00
    endloop
  endfacet
  facet normal 0.000000e+00 0.000000e+00 0.000000e+00
    outer loop
      vertex 1.682400e+00 2.300000e-01 3.717600e+00
      vertex 1.517600e+00 2.300000e-01 3.717600e+00
      vertex 1.517600e+00 2.300000e-01 3.882400e+00
    endloop
  endfacet
  facet normal 0.000000e+00 0.000000e+00 0.000000e+00
    outer loop
      vertex 1.682400e+00 2.300000e-01 3.717600e+00
      vertex 1.517600e+00 2.300000e-01 3.882400e+00
      vertex 1.682400e+00 2.300000e-01 3.882400e+00
    endloop
  endfacet
  facet normal 0.000000e+00 0.000000e+00 0.000000e+00
    outer loop
      vertex 1.517600e+00 2.300000e-01 3.717600e+00
      vertex 1.517600e+00 -3.000000e-02 3.717600e+00
      vertex 1.517600e+00 -3.000000e-02 3.882400e+00
    endloop
  endfacet
  facet normal 0.000000e+00 0.000000e+00 0.000000e+00
    outer loop
      vertex 1.517600e+00 2.300000e-01 3.717600e+00
      vertex 1.517600e+00 -3.000000e-02 3.882400e+00
      vertex 1.517600e+00 2.300000e-01 3.882400e+00
    endloop
  endfacet
  facet normal 0.000000e+00 0.000000e+00 0.000000e+00
    outer loop
      vertex 1.677600e+00 -3.000000e-02 3.717600e+00
      vertex 1.842400e+00 2.300000e-01 3.717600e+00
      vertex 1.842400e+00 -3.000000e-02 3.717600e+00
    endloop
  endfacet
  facet normal 0.000000e+00 0.000000e+00 0.000000e+00
    outer loop
      vertex 1.677600e+00 -3.000000e-02 3.717600e+00
      vertex 1.677600e+00 2.300000e-01 3.717600e+00
      vertex 1.842400e+00 2.300000e-01 3.717600e+00
    endloop
  endfacet
  facet normal 0.000000e+00 0.000000e+00 0.000000e+00
    outer loop
      vertex 1.677600e+00 -3.000000e-02 3.882400e+00
      vertex 1.842400e+00 -3.000000e-02 3.882400e+00
      vertex 1.842400e+00 2.300000e-01 3.882400e+00
    endloop
  endfacet
  facet normal 0.000000e+00 0.000000e+00 0.000000e+00
    outer loop
      vertex 1.677600e+00 -3.000000e-02 3.882400e+00
      vertex 1.842400e+00 2.300000e-01 3.882400e+00
      vertex 1.677600e+00 2.300000e-01 3.882400e+00
    endloop
  endfacet
  facet normal 0.000000e+00 0.000000e+00 0.000000e+00
    outer loop
      vertex 1.677600e+00 -3.000000e-02 3.717600e+00
      vertex 1.842400e+00 -3.000000e-02 3.717600e+00
      vertex 1.842400e+00 -3.000000e-02 3.882400e+00
    endloop
  endfacet
  facet normal 0.000000e+00 0.000000e+00 0.000000e+00
    outer loop
      vertex 1.677600e+00 -3.000000e-02 3.717600e+00
      vertex 1.842400e+00 -3.000000e-02 3.882400e+00
      vertex 1.677600e+00 -3.000000e-02 3.882400e+00
    endloop
  endfacet
  facet normal 0.000000e+00 0.000000e+00 0.000000e+00
    outer loop
      vertex 1.842400e+00 -3.000000e-02 3.717600e+00
      vertex 1.842400e+00 2.300000e-01 3.717600e+00
      vertex 1.842400e+00 2.300000e-01 3.882400e+00
    endloop
  endfacet
  facet normal 0.000000e+00 0.000000e+00 0.000000e+00
    outer loop
      vertex 1.842400e+00 -3.000000e-02 3.717600e+00
      vertex 1.842400e+00 2.300000e-01 3.882400e+00
      vertex 1.842400e+00 -3.000000e-02 3.882400e+00
    endloop
  endfacet
  facet normal 0.000000e+00 0.000000e+00 0.000000e+00
    outer loop
      vertex 1.842400e+00 2.300000e-01 3.717600e+00
      vertex 1.677600e+00 2.300000e-01 3.717600e+00
      vertex 1.677600e+00 2.300000e-01 3.882400e+00
    endloop
  endfacet
  facet normal 0.000000e+00 0.000000e+00 0.000000e+00
    outer loop
      vertex 1.842400e+00 2.300000e-01 3.717600e+00
      vertex 1.677600e+00 2.300000e-01 3.882400e+00
      vertex 1.842400e+00 2.300000e-01 3.882400e+00
    endloop
  endfacet
  facet normal 0.000000e+00 0.000000e+00 0.000000e+00
    outer loop
      vertex 1.677600e+00 2.300000e-01 3.717600e+00
      vertex 1.677600e+00 -3.000000e-02 3.717600e+00
      vertex 1.677600e+00 -3.000000e-02 3.882400e+00
    endloop
  endfacet
  facet normal 0.000000e+00 0.000000e+00 0.000000e+00
    outer loop
      vertex 1.677600e+00 2.300000e-01 3.717600e+00
      vertex 1.677600e+00 -3.000000e-02 3.882400e+00
      vertex 1.677600e+00 2.300000e-01 3.882400e+00
    endloop
  endfacet
  facet normal 0.000000e+00 0.000000e+00 0.000000e+00
    outer loop
      vertex 1.837600e+00 -3.000000e-02 3.717600e+00
      vertex 2.002400e+00 2.300000e-01 3.717600e+00
      vertex 2.002400e+00 -3.000000e-02 3.717600e+00
    endloop
  endfacet
  facet normal 0.000000e+00 0.000000e+00 0.000000e+00
    outer loop
      vertex 1.837600e+00 -3.000000e-02 3.717600e+00
      vertex 1.837600e+00 2.300000e-01 3.717600e+00
      vertex 2.002400e+00 2.300000e-01 3.717600e+00
    endloop
  endfacet
  facet normal 0.000000e+00 0.000000e+00 0.000000e+00
    outer loop
      vertex 1.837600e+00 -3.000000e-02 3.882400e+00
      vertex 2.002400e+00 -3.000000e-02 3.882400e+00
      vertex 2.002400e+00 2.300000e-01 3.882400e+00
    endloop
  endfacet
  facet normal 0.000000e+00 0.000000e+00 0.000000e+00
    outer loop
      vertex 1.837600e+00 -3.000000e-02 3.882400e+00
      vertex 2.002400e+00 2.300000e-01 3.882400e+00
      vertex 1.837600e+00 2.300000e-01 3.882400e+00
    endloop
  endfacet
  facet normal 0.000000e+00 0.000000e+00 0.000000e+00
    outer loop
      vertex 1.837600e+00 -3.000000e-02 3.717600e+00
      vertex 2.002400e+00 -3.000000e-02 3.717600e+00
      vertex 2.002400e+00 -3.000000e-02 3.882400e+00
    endloop
  endfacet
  facet normal 0.000000e+00 0.000000e+00 0.000000e+00
    outer loop
      vertex 1.837600e+00 -3.000000e-02 3.717600e+00
      vertex 2.002400e+00 -3.000000e-02 3.882400e+00
      vertex 1.837600e+00 -3.000000e-02 3.882400e+00
    endloop
  endfacet
  facet normal 0.000000e+00 0.000000e+00 0.000000e+00
    outer loop
      vertex 2.002400e+00 -3.000000e-02 3.717600e+00
      vertex 2.002400e+00 2.300000e-01 3.717600e+00
      vertex 2.002400e+00 2.300000e-01 3.882400e+00
    endloop
  endfacet
  facet normal 0.000000e+00 0.000000e+00 0.000000e+00
    outer loop
      vertex 2.002400e+00 -3.000000e-02 3.717600e+00
      vertex 2.002400e+00 2.300000e-01 3.882400e+00
      vertex 2.002400e+00 -3.000000e-02 3.882400e+00
    endloop
  endfacet
  facet normal 0.000000e+00 0.000000e+00 0.000000e+00
    outer loop
      vertex 2.002400e+00 2.300000e-01 3.717600e+00
      vertex 1.837600e+00 2.300000e-01 3.717600e+00
      vertex 1.837600e+00 2.300000e-01 3.882400e+00
    endloop
  endfacet
  facet normal 0.000000e+00 0.000000e+00 0.000000e+00
    outer loop
      vertex 2.002400e+00 2.300000e-01 3.717600e+00
      vertex 1.837600e+00 2.300000e-01 3.882400e+00
      vertex 2.002400e+00 2.300000e-01 3.882400e+00
    endloop
  endfacet
  facet normal 0.000000e+00 0.000000e+00 0.000000e+00
    outer loop
      vertex 1.837600e+00 2.300000e-01 3.717600e+00
      vertex 1.837600e+00 -3.000000e-02 3.717600e+00
      vertex 1.837600e+00 -3.000000e-02 3.882400e+00
    endloop
  endfacet
  facet normal 0.000000e+00 0.000000e+00 0.000000e+00
    outer loop
      vertex 1.837600e+00 2.300000e-01 3.717600e+00
      vertex 1.837600e+00 -3.000000e-02 3.882400e+00
      vertex 1.837600e+00 2.300000e-01 3.882400e+00
    endloop
  endfacet
  facet normal 0.000000e+00 0.000000e+00 0.000000e+00
    outer loop
      vertex 1.357600e+00 -3.000000e-02 3.557600e+00
      vertex 1.522400e+00 2.300000e-01 3.557600e+00
      vertex 1.522400e+00 -3.000000e-02 3.557600e+00
    endloop
  endfacet
  facet normal 0.000000e+00 0.000000e+00 0.000000e+00
    outer loop
      vertex 1.357600e+00 -3.000000e-02 3.557600e+00
      vertex 1.357600e+00 2.300000e-01 3.557600e+00
      vertex 1.522400e+00 2.300000e-01 3.557600e+00
    endloop
  endfacet
  facet normal 0.000000e+00 0.000000e+00 0.000000e+00
    outer loop
      vertex 1.357600e+00 -3.000000e-02 3.722400e+00
      vertex 1.522400e+00 -3.000000e-02 3.722400e+00
      vertex 1.522400e+00 2.300000e-01 3.722400e+00
    endloop
  endfacet
  facet normal 0.000000e+00 0.000000e+00 0.000000e+00
    outer loop
      vertex 1.357600e+00 -3.000000e-02 3.722400e+00
      vertex 1.522400e+00 2.300000e-01 3.722400e+00
      vertex 1.357600e+00 2.300000e-01 3.722400e+00
    endloop
  endfacet
  facet normal 0.000000e+00 0.000000e+00 0.000000e+00
    outer loop
      vertex 1.357600e+00 -3.000000e-02 3.557600e+00
      vertex 1.522400e+00 -3.000000e-02 3.557600e+00
      vertex 1.522400e+00 -3.000000e-02 3.722400e+00
    endloop
  endfacet
  facet normal 0.000000e+00 0.000000e+00 0.000000e+00
    outer loop
      vertex 1.357600e+00 -3.000000e-02 3.557600e+00
      vertex 1.522400e+00 -3.000000e-02 3.722400e+00
      vertex 1.357600e+00 -3.000000e-02 3.722400e+00
    endloop
  endfacet
  facet normal 0.000000e+00 0.000000e+00 0.000000e+00
    outer loop
      vertex 1.522400e+00 -3.000000e-02 3.557600e+00
      vertex 1.522400e+00 2.300000e-01 3.557600e+00
      vertex 1.522400e+00 2.300000e-01 3.722400e+00
    endloop
  endfacet
  facet normal 0.000000e+00 0.000000e+00 0.000000e+00
    outer loop
      vertex 1.522400e+00 -3.000000e-02 3.557600e+00
      vertex 1.522400e+00 2.300000e-01 3.722400e+00
      vertex 1.522400e+00 -3.000000e-02 3.722400e+00
    endloop
  endfacet
  facet normal 0.000000e+00 0.000000e+00 0.000000e+00
    outer loop
      vertex 1.522400e+00 2.300000e-01 3.557600e+00
      vertex 1.357600e+00 2.300000e-01 3.557600e+00
      vertex 1.357600e+00 2.300000e-01 3.722400e+00
    endloop
  endfacet
  facet normal 0.000000e+00 0.000000e+00 0.000000e+00
    outer loop
      vertex 1.522400e+00 2.300000e-01 3.557600e+00
      vertex 1.357600e+00 2.300000e-01 3.722400e+00
      vertex 1.522400e+00 2.300000e-01 3.722400e+00
    endloop
  endfacet
  facet normal 0.000000e+00 0.000000e+00 0.000000e+00
    outer loop
      vertex 1.357600e+00 2.300000e-01 3.557600e+00
      vertex 1.357600e+00 -3.000000e-02 3.557600e+00
      vertex 1.357600e+00 -3.000000e-02 3.722400e+00
    endloop
  endfacet
  facet normal 0.000000e+00 0.000000e+00 0.000000e+00
    outer loop
      vertex 1.357600e+00 2.300000e-01 3.557600e+00
      vertex 1.357600e+00 -3.000000e-02 3.722400e+00
      vertex 1.357600e+00 2.300000e-01 3.722400e+00
    endloop
  endfacet
  facet normal 0.000000e+00 0.000000e+00 0.000000e+00
    outer loop
      vertex 1.997600e+00 -3.000000e-02 3.557600e+00
      vertex 2.162400e+00 2.300000e-01 3.557600e+00
      vertex 2.162400e+00 -3.000000e-02 3.557600e+00
    endloop
  endfacet
  facet normal 0.000000e+00 0.000000e+00 0.000000e+00
    outer loop
      vertex 1.997600e+00 -3.000000e-02 3.557600e+00
      vertex 1.997600e+00 2.300000e-01 3.557600e+00
      vertex 2.162400e+00 2.300000e-01 3.557600e+00
    endloop
  endfacet
  facet normal 0.000000e+00 0.000000e+00 0.000000e+00
    outer loop
      vertex 1.997600e+00 -3.000000e-02 3.722400e+00
      vertex 2.162400e+00 -3.000000e-02 3.722400e+00
      vertex 2.162400e+00 2.300000e-01 3.722400e+00
    endloop
  endfacet
  facet normal 0.000000e+00 0.000000e+00 0.000000e+00
    outer loop
      vertex 1.997600e+00 -3.000000e-02 3.722400e+00
      vertex 2.162400e+00 2.300000e-01 3.722400e+00
      vertex 1.997600e+00 2.300000e-01 3.722400e+00
    endloop
  endfacet
  facet normal 0.000000e+00 0.000000e+00 0.000000e+00
    outer loop
      vertex 1.997600e+00 -3.000000e-02 3.557600e+00
      vertex 2.162400e+00 -3.000000e-02 3.557600e+00
      vertex 2.162400e+00 -3.000000e-02 3.722400e+00
    endloop
  endfacet
  facet normal 0.000000e+00 0.000000e+00 0.000000e+00
    outer loop
      vertex 1.997600e+00 -3.000000e-02 3.557600e+00
      vertex 2.162400e+00 -3.000000e-02 3.722400e+00
      vertex 1.997600e+00 -3.000000e-02 3.722400e+00
    endloop
  endfacet
  facet normal 0.000000e+00 0.000000e+00 0.000000e+00
    outer loop
      vertex 2.162400e+00 -3.000000e-02 3.557600e+00
      vertex 2.162400e+00 2.300000e-01 3.557600e+00
      vertex 2.162400e+00 2.300000e-01 3.722400e+00
    endloop
  endfacet
  facet normal 0.000000e+00 0.000000e+00 0.000000e+00
    outer loop
      vertex 2.162400e+00 -3.000000e-02 3.557600e+00
      vertex 2.162400e+00 2.300000e-01 3.722400e+00
      vertex 2.162400e+00 -3.000000e-02 3.722400e+00
    endloop
  endfacet
  facet normal 0.000000e+00 0.000000e+00 0.000000e+00
    outer loop
      vertex 2.162400e+00 2.300000e-01 3.557600e+00
      vertex 1.997600e+00 2.300000e-01 3.557600e+00
      vertex 1.997600e+00 2.300000e-01 3.722400e+00
    endloop
  endfacet
  facet normal 0.000000e+00 0.000000e+00 0.000000e+00
    outer loop
      vertex 2.162400e+00 2.300000e-01 3.557600e+00
      vertex 1.997600e+00 2.300000e-01 3.722400e+00
      vertex 2.162400e+00 2.300000e-01 3.722400e+00
    endloop
  endfacet
  facet normal 0.000000e+00 0.000000e+00 0.000000e+00
    outer loop
      vertex 1.997600e+00 2.300000e-01 3.557600e+00
      vertex 1.997600e+00 -3.000000e-02 3.557600e+00
      vertex 1.997600e+00 -3.000000e-02 3.722400e+00
    endloop
  endfacet
  facet normal 0.000000e+00 0.000000e+00 0.000000e+00
    outer loop
      vertex 1.997600e+00 2.300000e-01 3.557600e+00
      vertex 1.997600e+00 -3.000000e-02 3.722400e+00
      vertex 1.997600e+00 2.300000e-01 3.722400e+00
    endloop
  endfacet
  facet normal 0.000000e+00 0.000000e+00 0.000000e+00
    outer loop
      vertex 1.357600e+00 -3.000000e-02 3.397600e+00
      vertex 1.522400e+00 2.300000e-01 3.397600e+00
      vertex 1.522400e+00 -3.000000e-02 3.397600e+00
    endloop
  endfacet
  facet normal 0.000000e+00 0.000000e+00 0.000000e+00
    outer loop
      vertex 1.357600e+00 -3.000000e-02 3.397600e+00
      vertex 1.357600e+00 2.300000e-01 3.397600e+00
      vertex 1.522400e+00 2.300000e-01 3.397600e+00
    endloop
  endfacet
  facet normal 0.000000e+00 0.000000e+00 0.000000e+00
    outer loop
      vertex 1.357600e+00 -3.000000e-02 3.562400e+00
      vertex 1.522400e+00 -3.000000e-02 3.562400e+00
      vertex 1.522400e+00 2.300000e-01 3.562400e+00
    endloop
  endfacet
  facet normal 0.000000e+00 0.000000e+00 0.000000e+00
    outer loop
      vertex 1.357600e+00 -3.000000e-02 3.562400e+00
      vertex 1.522400e+00 2.300000e-01 3.562400e+00
      vertex 1.357600e+00 2.300000e-01 3.562400e+00
    endloop
  endfacet
  facet normal 0.000000e+00 0.000000e+00 0.000000e+00
    outer loop
      vertex 1.357600e+00 -3.000000e-02 3.397600e+00
      vertex 1.522400e+00 -3.000000e-02 3.397600e+00
      vertex 1.522400e+00 -3.000000e-02 3.562400e+00
    endloop
  endfacet
  facet normal 0.000000e+00 0.000000e+00 0.000000e+00
    outer loop
      vertex 1.357600e+00 -3.000000e-02 3.397600e+00
      vertex 1.522400e+00 -3.000000e-02 3.562400e+00
      vertex 1.357600e+00 -3.000000e-02 3.562400e+00
    endloop
  endfacet
  facet normal 0.000000e+00 0.000000e+00 0.000000e+00
    outer loop
      vertex 1.522400e+00 -3.000000e-02 3.397600e+00
      vertex 1.522400e+00 2.300000e-01 3.397600e+00
      vertex 1.522400e+00 2.300000e-01 3.562400e+00
    endloop
  endfacet
  facet normal 0.000000e+00 0.000000e+00 0.000000e+00
    outer loop
      vertex 1.522400e+00 -3.000000e-02 3.397600e+00
      vertex 1.522400e+00 2.300000e-01 3.562400e+00
      vertex 1.522400e+00 -3.000000e-02 3.562400e+00
    endloop
  endfacet
  facet normal 0.000000e+00 0.000000e+00 0.000000e+00
    outer loop
      vertex 1.522400e+00 2.300000e-01 3.397600e+00
      vertex 1.357600e+00 2.300000e-01 3.397600e+00
      vertex 1.357600e+00 2.300000e-01 3.562400e+00
    endloop
  endfacet
  facet normal 0.000000e+00 0.000000e+00 0.000000e+00
    outer loop
      vertex 1.522400e+00 2.300000e-01 3.397600e+00
      vertex 1.357600e+00 2.300000e-01 3.562400e+00
      vertex 1.522400e+00 2.300000e-01 3.562400e+00
    endloop
  endfacet
  facet normal 0.000000e+00 0.000000e+00 0.000000e+00
    outer loop
      vertex 1.357600e+00 2.300000e-01 3.397600e+00
      vertex 1.357600e+00 -3.000000e-02 3.397600e+00
      vertex 1.357600e+00 -3.000000e-02 3.562400e+00
    endloop
  endfacet
  facet normal 0.000000e+00 0.000000e+00 0.000000e+00
    outer loop
      vertex 1.357600e+00 2.300000e-01 3.397600e+00
      vertex 1.357600e+00 -3.000000e-02 3.562400e+00
      vertex 1.357600e+00 2.300000e-01 3.562400e+00
    endloop
  endfacet
  facet normal 0.000000e+00 0.000000e+00 0.000000e+00
    outer loop
      vertex 1.517600e+00 -3.000000e-02 3.397600e+00
      vertex 1.682400e+00 2.300000e-01 3.397600e+00
      vertex 1.682400e+00 -3.000000e-02 3.397600e+00
    endloop
  endfacet
  facet normal 0.000000e+00 0.000000e+00 0.000000e+00
    outer loop
      vertex 1.517600e+00 -3.000000e-02 3.397600e+00
      vertex 1.517600e+00 2.300000e-01 3.397600e+00
      vertex 1.682400e+00 2.300000e-01 3.397600e+00
    endloop
  endfacet
  facet normal 0.000000e+00 0.000000e+00 0.000000e+00
    outer loop
      vertex 1.517600e+00 -3.000000e-02 3.562400e+00
      vertex 1.682400e+00 -3.000000e-02 3.562400e+00
      vertex 1.682400e+00 2.300000e-01 3.562400e+00
    endloop
  endfacet
  facet normal 0.000000e+00 0.000000e+00 0.000000e+00
    outer loop
      vertex 1.517600e+00 -3.000000e-02 3.562400e+00
      vertex 1.682400e+00 2.300000e-01 3.562400e+00
      vertex 1.517600e+00 2.300000e-01 3.562400e+00
    endloop
  endfacet
  facet normal 0.000000e+00 0.000000e+00 0.000000e+00
    outer loop
      vertex 1.517600e+00 -3.000000e-02 3.397600e+00
      vertex 1.682400e+00 -3.000000e-02 3.397600e+00
      vertex 1.682400e+00 -3.000000e-02 3.562400e+00
    endloop
  endfacet
  facet normal 0.000000e+00 0.000000e+00 0.000000e+00
    outer loop
      vertex 1.517600e+00 -3.000000e-02 3.397600e+00
      vertex 1.682400e+00 -3.000000e-02 3.562400e+00
      vertex 1.517600e+00 -3.000000e-02 3.562400e+00
    endloop
  endfacet
  facet normal 0.000000e+00 0.000000e+00 0.000000e+00
    outer loop
      vertex 1.682400e+00 -3.000000e-02 3.397600e+00
      vertex 1.682400e+00 2.300000e-01 3.397600e+00
      vertex 1.682400e+00 2.300000e-01 3.562400e+00
    endloop
  endfacet
  facet normal 0.000000e+00 0.000000e+00 0.000000e+00
    outer loop
      vertex 1.682400e+00 -3.000000e-02 3.397600e+00
      vertex 1.682400e+00 2.300000e-01 3.562400e+00
      vertex 1.682400e+00 -3.000000e-02 3.562400e+00
    endloop
  endfacet
  facet normal 0.000000e+00 0.000000e+00 0.000000e+00
    outer loop
      vertex 1.682400e+00 2.300000e-01 3.397600e+00
      vertex 1.517600e+00 2.300000e-01 3.397600e+00
      vertex 1.517600e+00 2.300000e-01 3.562400e+00
    endloop
  endfacet
  facet normal 0.000000e+00 0.000000e+00 0.000000e+00
    outer loop
      vertex 1.682400e+00 2.300000e-01 3.397600e+00
      vertex 1.517600e+00 2.300000e-01 3.562400e+00
      vertex 1.682400e+00 2.300000e-01 3.562400e+00
    endloop
  endfacet
  facet normal 0.000000e+00 0.000000e+00 0.000000e+00
    outer loop
      vertex 1.517600e+00 2.300000e-01 3.397600e+00
      vertex 1.517600e+00 -3.000000e-02 3.397600e+00
      vertex 1.517600e+00 -3.000000e-02 3.562400e+00
    endloop
  endfacet
  facet normal 0.000000e+00 0.000000e+00 0.000000e+00
    outer loop
      vertex 1.517600e+00 2.300000e-01 3.397600e+00
      vertex 1.517600e+00 -3.000000e-02 3.562400e+00
      vertex 1.517600e+00 2.300000e-01 3.562400e+00
    endloop
  endfacet
  facet normal 0.000000e+00 0.000000e+00 0.000000e+00
    outer loop
      vertex 1.677600e+00 -3.000000e-02 3.397600e+00
      vertex 1.842400e+00 2.300000e-01 3.397600e+00
      vertex 1.842400e+00 -3.000000e-02 3.397600e+00
    endloop
  endfacet
  facet normal 0.000000e+00 0.000000e+00 0.000000e+00
    outer loop
      vertex 1.677600e+00 -3.000000e-02 3.397600e+00
      vertex 1.677600e+00 2.300000e-01 3.397600e+00
      vertex 1.842400e+00 2.300000e-01 3.397600e+00
    endloop
  endfacet
  facet normal 0.000000e+00 0.000000e+00 0.000000e+00
    outer loop
      vertex 1.677600e+00 -3.000000e-02 3.562400e+00
      vertex 1.842400e+00 -3.000000e-02 3.562400e+00
      vertex 1.842400e+00 2.300000e-01 3.562400e+00
    endloop
  endfacet
  facet normal 0.000000e+00 0.000000e+00 0.000000e+00
    outer loop
      vertex 1.677600e+00 -3.000000e-02 3.562400e+00
      vertex 1.842400e+00 2.300000e-01 3.562400e+00
      vertex 1.677600e+00 2.300000e-01 3.562400e+00
    endloop
  endfacet
  facet normal 0.000000e+00 0.000000e+00 0.000000e+00
    outer loop
      vertex 1.677600e+00 -3.000000e-02 3.397600e+00
      vertex 1.842400e+00 -3.000000e-02 3.397600e+00
      vertex 1.842400e+00 -3.000000e-02 3.562400e+00
    endloop
  endfacet
  facet normal 0.000000e+00 0.000000e+00 0.000000e+00
    outer loop
      vertex 1.677600e+00 -3.000000e-02 3.397600e+00
      vertex 1.842400e+00 -3.000000e-02 3.562400e+00
      vertex 1.677600e+00 -3.000000e-02 3.562400e+00
    endloop
  endfacet
  facet normal 0.000000e+00 0.000000e+00 0.000000e+00
    outer loop
      vertex 1.842400e+00 -3.000000e-02 3.397600e+00
      vertex 1.842400e+00 2.300000e-01 3.397600e+00
      vertex 1.842400e+00 2.300000e-01 3.562400e+00
    endloop
  endfacet
  facet normal 0.000000e+00 0.000000e+00 0.000000e+00
    outer loop
      vertex 1.842400e+00 -3.000000e-02 3.397600e+00
      vertex 1.842400e+00 2.300000e-01 3.562400e+00
      vertex 1.842400e+00 -3.000000e-02 3.562400e+00
    endloop
  endfacet
  facet normal 0.000000e+00 0.000000e+00 0.000000e+00
    outer loop
      vertex 1.842400e+00 2.300000e-01 3.397600e+00
      vertex 1.677600e+00 2.300000e-01 3.397600e+00
      vertex 1.677600e+00 2.300000e-01 3.562400e+00
    endloop
  endfacet
  facet normal 0.000000e+00 0.000000e+00 0.000000e+00
    outer loop
      vertex 1.842400e+00 2.300000e-01 3.397600e+00
      vertex 1.677600e+00 2.300000e-01 3.562400e+00
      vertex 1.842400e+00 2.300000e-01 3.562400e+00
    endloop
  endfacet
  facet normal 0.000000e+00 0.000000e+00 0.000000e+00
    outer loop
      vertex 1.677600e+00 2.300000e-01 3.397600e+00
      vertex 1.677600e+00 -3.000000e-02 3.397600e+00
      vertex 1.677600e+00 -3.000000e-02 3.562400e+00
    endloop
  endfacet
  facet normal 0.000000e+00 0.000000e+00 0.000000e+00
    outer loop
      vertex 1.677600e+00 2.300000e-01 3.397600e+00
      vertex 1.677600e+00 -3.000000e-02 3.562400e+00
      vertex 1.677600e+00 2.300000e-01 3.562400e+00
    endloop
  endfacet
  facet normal 0.000000e+00 0.000000e+00 0.000000e+00
    outer loop
      vertex 1.837600e+00 -3.000000e-02 3.397600e+00
      vertex 2.002400e+00 2.300000e-01 3.397600e+00
      vertex 2.002400e+00 -3.000000e-02 3.397600e+00
    endloop
  endfacet
  facet normal 0.000000e+00 0.000000e+00 0.000000e+00
    outer loop
      vertex 1.837600e+00 -3.000000e-02 3.397600e+00
      vertex 1.837600e+00 2.300000e-01 3.397600e+00
      vertex 2.002400e+00 2.300000e-01 3.397600e+00
    endloop
  endfacet
  facet normal 0.000000e+00 0.000000e+00 0.000000e+00
    outer loop
      vertex 1.837600e+00 -3.000000e-02 3.562400e+00
      vertex 2.002400e+00 -3.000000e-02 3.562400e+00
      vertex 2.002400e+00 2.300000e-01 3.562400e+00
    endloop
  endfacet
  facet normal 0.000000e+00 0.000000e+00 0.000000e+00
    outer loop
      vertex 1.837600e+00 -3.000000e-02 3.562400e+00
      vertex 2.002400e+00 2.300000e-01 3.562400e+00
      vertex 1.837600e+00 2.300000e-01 3.562400e+00
    endloop
  endfacet
  facet normal 0.000000e+00 0.000000e+00 0.000000e+00
    outer loop
      vertex 1.837600e+00 -3.000000e-02 3.397600e+00
      vertex 2.002400e+00 -3.000000e-02 3.397600e+00
      vertex 2.002400e+00 -3.000000e-02 3.562400e+00
    endloop
  endfacet
  facet normal 0.000000e+00 0.000000e+00 0.000000e+00
    outer loop
      vertex 1.837600e+00 -3.000000e-02 3.397600e+00
      vertex 2.002400e+00 -3.000000e-02 3.562400e+00
      vertex 1.837600e+00 -3.000000e-02 3.562400e+00
    endloop
  endfacet
  facet normal 0.000000e+00 0.000000e+00 0.000000e+00
    outer loop
      vertex 2.002400e+00 -3.000000e-02 3.397600e+00
      vertex 2.002400e+00 2.300000e-01 3.397600e+00
      vertex 2.002400e+00 2.300000e-01 3.562400e+00
    endloop
  endfacet
  facet normal 0.000000e+00 0.000000e+00 0.000000e+00
    outer loop
      vertex 2.002400e+00 -3.000000e-02 3.397600e+00
      vertex 2.002400e+00 2.300000e-01 3.562400e+00
      vertex 2.002400e+00 -3.000000e-02 3.562400e+00
    endloop
  endfacet
  facet normal 0.000000e+00 0.000000e+00 0.000000e+00
    outer loop
      vertex 2.002400e+00 2.300000e-01 3.397600e+00
      vertex 1.837600e+00 2.300000e-01 3.397600e+00
      vertex 1.837600e+00 2.300000e-01 3.562400e+00
    endloop
  endfacet
  facet normal 0.000000e+00 0.000000e+00 0.000000e+00
    outer loop
      vertex 2.002400e+00 2.300000e-01 3.397600e+00
      vertex 1.837600e+00 2.300000e-01 3.562400e+00
      vertex 2.002400e+00 2.300000e-01 3.562400e+00
    endloop
  endfacet
  facet normal 0.000000e+00 0.000000e+00 0.000000e+00
    outer loop
      vertex 1.837600e+00 2.300000e-01 3.397600e+00
      vertex 1.837600e+00 -3.000000e-02 3.397600e+00
      vertex 1.837600e+00 -3.000000e-02 3.562400e+00
    endloop
  endfacet
  facet normal 0.000000e+00 0.000000e+00 0.000000e+00
    outer loop
      vertex 1.837600e+00 2.300000e-01 3.397600e+00
      vertex 1.837600e+00 -3.000000e-02 3.562400e+00
      vertex 1.837600e+00 2.300000e-01 3.562400e+00
    endloop
  endfacet
  facet normal 0.000000e+00 0.000000e+00 0.000000e+00
    outer loop
      vertex 1.997600e+00 -3.000000e-02 3.397600e+00
      vertex 2.162400e+00 2.300000e-01 3.397600e+00
      vertex 2.162400e+00 -3.000000e-02 3.397600e+00
    endloop
  endfacet
  facet normal 0.000000e+00 0.000000e+00 0.000000e+00
    outer loop
      vertex 1.997600e+00 -3.000000e-02 3.397600e+00
      vertex 1.997600e+00 2.300000e-01 3.397600e+00
      vertex 2.162400e+00 2.300000e-01 3.397600e+00
    endloop
  endfacet
  facet normal 0.000000e+00 0.000000e+00 0.000000e+00
    outer loop
      vertex 1.997600e+00 -3.000000e-02 3.562400e+00
      vertex 2.162400e+00 -3.000000e-02 3.562400e+00
      vertex 2.162400e+00 2.300000e-01 3.562400e+00
    endloop
  endfacet
  facet normal 0.000000e+00 0.000000e+00 0.000000e+00
    outer loop
      vertex 1.997600e+00 -3.000000e-02 3.562400e+00
      vertex 2.162400e+00 2.300000e-01 3.562400e+00
      vertex 1.997600e+00 2.300000e-01 3.562400e+00
    endloop
  endfacet
  facet normal 0.000000e+00 0.000000e+00 0.000000e+00
    outer loop
      vertex 1.997600e+00 -3.000000e-02 3.397600e+00
      vertex 2.162400e+00 -3.000000e-02 3.397600e+00
      vertex 2.162400e+00 -3.000000e-02 3.562400e+00
    endloop
  endfacet
  facet normal 0.000000e+00 0.000000e+00 0.000000e+00
    outer loop
      vertex 1.997600e+00 -3.000000e-02 3.397600e+00
      vertex 2.162400e+00 -3.000000e-02 3.562400e+00
      vertex 1.997600e+00 -3.000000e-02 3.562400e+00
    endloop
  endfacet
  facet normal 0.000000e+00 0.000000e+00 0.000000e+00
    outer loop
      vertex 2.162400e+00 -3.000000e-02 3.397600e+00
      vertex 2.162400e+00 2.300000e-01 3.397600e+00
      vertex 2.162400e+00 2.300000e-01 3.562400e+00
    endloop
  endfacet
  facet normal 0.000000e+00 0.000000e+00 0.000000e+00
    outer loop
      vertex 2.162400e+00 -3.000000e-02 3.397600e+00
      vertex 2.162400e+00 2.300000e-01 3.562400e+00
      vertex 2.162400e+00 -3.000000e-02 3.562400e+00
    endloop
  endfacet
  facet normal 0.000000e+00 0.000000e+00 0.000000e+00
    outer loop
      vertex 2.162400e+00 2.300000e-01 3.397600e+00
      vertex 1.997600e+00 2.300000e-01 3.397600e+00
      vertex 1.997600e+00 2.300000e-01 3.562400e+00
    endloop
  endfacet
  facet normal 0.000000e+00 0.000000e+00 0.000000e+00
    outer loop
      vertex 2.162400e+00 2.300000e-01 3.397600e+00
      vertex 1.997600e+00 2.300000e-01 3.562400e+00
      vertex 2.162400e+00 2.300000e-01 3.562400e+00
    endloop
  endfacet
  facet normal 0.000000e+00 0.000000e+00 0.000000e+00
    outer loop
      vertex 1.997600e+00 2.300000e-01 3.397600e+00
      vertex 1.997600e+00 -3.000000e-02 3.397600e+00
      vertex 1.997600e+00 -3.000000e-02 3.562400e+00
    endloop
  endfacet
  facet normal 0.000000e+00 0.000000e+00 0.000000e+00
    outer loop
      vertex 1.997600e+00 2.300000e-01 3.397600e+00
      vertex 1.997600e+00 -3.000000e-02 3.562400e+00
      vertex 1.997600e+00 2.300000e-01 3.562400e+00
    endloop
  endfacet
  facet normal 0.000000e+00 0.000000e+00 0.000000e+00
    outer loop
      vertex 1.357600e+00 -3.000000e-02 3.237600e+00
      vertex 1.522400e+00 2.300000e-01 3.237600e+00
      vertex 1.522400e+00 -3.000000e-02 3.237600e+00
    endloop
  endfacet
  facet normal 0.000000e+00 0.000000e+00 0.000000e+00
    outer loop
      vertex 1.357600e+00 -3.000000e-02 3.237600e+00
      vertex 1.357600e+00 2.300000e-01 3.237600e+00
      vertex 1.522400e+00 2.300000e-01 3.237600e+00
    endloop
  endfacet
  facet normal 0.000000e+00 0.000000e+00 0.000000e+00
    outer loop
      vertex 1.357600e+00 -3.000000e-02 3.402400e+00
      vertex 1.522400e+00 -3.000000e-02 3.402400e+00
      vertex 1.522400e+00 2.300000e-01 3.402400e+00
    endloop
  endfacet
  facet normal 0.000000e+00 0.000000e+00 0.000000e+00
    outer loop
      vertex 1.357600e+00 -3.000000e-02 3.402400e+00
      vertex 1.522400e+00 2.300000e-01 3.402400e+00
      vertex 1.357600e+00 2.300000e-01 3.402400e+00
    endloop
  endfacet
  facet normal 0.000000e+00 0.000000e+00 0.000000e+00
    outer loop
      vertex 1.357600e+00 -3.000000e-02 3.237600e+00
      vertex 1.522400e+00 -3.000000e-02 3.237600e+00
      vertex 1.522400e+00 -3.000000e-02 3.402400e+00
    endloop
  endfacet
  facet normal 0.000000e+00 0.000000e+00 0.000000e+00
    outer loop
      vertex 1.357600e+00 -3.000000e-02 3.237600e+00
      vertex 1.522400e+00 -3.000000e-02 3.402400e+00
      vertex 1.357600e+00 -3.000000e-02 3.402400e+00
    endloop
  endfacet
  facet normal 0.000000e+00 0.000000e+00 0.000000e+00
    outer loop
      vertex 1.522400e+00 -3.000000e-02 3.237600e+00
      vertex 1.522400e+00 2.300000e-01 3.237600e+00
      vertex 1.522400e+00 2.300000e-01 3.402400e+00
    endloop
  endfacet
  facet normal 0.000000e+00 0.000000e+00 0.000000e+00
    outer loop
      vertex 1.522400e+00 -3.000000e-02 3.237600e+00
      vertex 1.522400e+00 2.300000e-01 3.402400e+00
      vertex 1.522400e+00 -3.000000e-02 3.402400e+00
    endloop
  endfacet
  facet normal 0.000000e+00 0.000000e+00 0.000000e+00
    outer loop
      vertex 1.522400e+00 2.300000e-01 3.237600e+00
      vertex 1.357600e+00 2.300000e-01 3.237600e+00
      vertex 1.357600e+00 2.300000e-01 3.402400e+00
    endloop
  endfacet
  facet normal 0.000000e+00 0.000000e+00 0.000000e+00
    outer loop
      vertex 1.522400e+00 2.300000e-01 3.237600e+00
      vertex 1.357600e+00 2.300000e-01 3.402400e+00
      vertex 1.522400e+00 2.300000e-01 3.402400e+00
    endloop
  endfacet
  facet normal 0.000000e+00 0.000000e+00 0.000000e+00
    outer loop
      vertex 1.357600e+00 2.300000e-01 3.237600e+00
      vertex 1.357600e+00 -3.000000e-02 3.237600e+00
      vertex 1.357600e+00 -3.000000e-02 3.402400e+00
    endloop
  endfacet
  facet normal 0.000000e+00 0.000000e+00 0.000000e+00
    outer loop
      vertex 1.357600e+00 2.300000e-01 3.237600e+00
      vertex 1.357600e+00 -3.000000e-02 3.402400e+00
      vertex 1.357600e+00 2.300000e-01 3.402400e+00
    endloop
  endfacet
  facet normal 0.000000e+00 0.000000e+00 0.000000e+00
    outer loop
      vertex 1.517600e+00 -3.000000e-02 3.077600e+00
      vertex 1.682400e+00 2.300000e-01 3.077600e+00
      vertex 1.682400e+00 -3.000000e-02 3.077600e+00
    endloop
  endfacet
  facet normal 0.000000e+00 0.000000e+00 0.000000e+00
    outer loop
      vertex 1.517600e+00 -3.000000e-02 3.077600e+00
      vertex 1.517600e+00 2.300000e-01 3.077600e+00
      vertex 1.682400e+00 2.300000e-01 3.077600e+00
    endloop
  endfacet
  facet normal 0.000000e+00 0.000000e+00 0.000000e+00
    outer loop
      vertex 1.517600e+00 -3.000000e-02 3.242400e+00
      vertex 1.682400e+00 -3.000000e-02 3.242400e+00
      vertex 1.682400e+00 2.300000e-01 3.242400e+00
    endloop
  endfacet
  facet normal 0.000000e+00 0.000000e+00 0.000000e+00
    outer loop
      vertex 1.517600e+00 -3.000000e-02 3.242400e+00
      vertex 1.682400e+00 2.300000e-01 3.242400e+00
      vertex 1.517600e+00 2.300000e-01 3.242400e+00
    endloop
  endfacet
  facet normal 0.000000e+00 0.000000e+00 0.000000e+00
    outer loop
      vertex 1.517600e+00 -3.000000e-02 3.077600e+00
      vertex 1.682400e+00 -3.000000e-02 3.077600e+00
      vertex 1.682400e+00 -3.000000e-02 3.242400e+00
    endloop
  endfacet
  facet normal 0.000000e+00 0.000000e+00 0.000000e+00
    outer loop
      vertex 1.517600e+00 -3.000000e-02 3.077600e+00
      vertex 1.682400e+00 -3.000000e-02 3.242400e+00
      vertex 1.517600e+00 -3.000000e-02 3.242400e+00
    endloop
  endfacet
  facet normal 0.000000e+00 0.000000e+00 0.000000e+00
    outer loop
      vertex 1.682400e+00 -3.000000e-02 3.077600e+00
      vertex 1.682400e+00 2.300000e-01 3.077600e+00
      vertex 1.682400e+00 2.300000e-01 3.242400e+00
    endloop
  endfacet
  facet normal 0.000000e+00 0.000000e+00 0.000000e+00
    outer loop
      vertex 1.682400e+00 -3.000000e-02 3.077600e+00
      vertex 1.682400e+00 2.300000e-01 3.242400e+00
      vertex 1.682400e+00 -3.000000e-02 3.242400e+00
    endloop
  endfacet
  facet normal 0.000000e+00 0.000000e+00 0.000000e+00
    outer loop
      vertex 1.682400e+00 2.300000e-01 3.077600e+00
      vertex 1.517600e+00 2.300000e-01 3.077600e+00
      vertex 1.517600e+00 2.300000e-01 3.242400e+00
    endloop
  endfacet
  facet normal 0.000000e+00 0.000000e+00 0.000000e+00
    outer loop
      vertex 1.682400e+00 2.300000e-01 3.077600e+00
      vertex 1.517600e+00 2.300000e-01 3.242400e+00
      vertex 1.682400e+00 2.300000e-01 3.242400e+00
    endloop
  endfacet
  facet normal 0.000000e+00 0.000000e+00 0.000000e+00
    outer loop
      vertex 1.517600e+00 2.300000e-01 3.077600e+00
      vertex 1.517600e+00 -3.000000e-02 3.077600e+00
      vertex 1.517600e+00 -3.000000e-02 3.242400e+00
    endloop
  endfacet
  facet normal 0.000000e+00 0.000000e+00 0.000000e+00
    outer loop
      vertex 1.517600e+00 2.300000e-01 3.077600e+00
      vertex 1.517600e+00 -3.000000e-02 3.242400e+00
      vertex 1.517600e+00 2.300000e-01 3.242400e+00
    endloop
  endfacet
  facet normal 0.000000e+00 0.000000e+00 0.000000e+00
    outer loop
      vertex 1.677600e+00 -3.000000e-02 3.077600e+00
      vertex 1.842400e+00 2.300000e-01 3.077600e+00
      vertex 1.842400e+00 -3.000000e-02 3.077600e+00
    endloop
  endfacet
  facet normal 0.000000e+00 0.000000e+00 0.000000e+00
    outer loop
      vertex 1.677600e+00 -3.000000e-02 3.077600e+00
      vertex 1.677600e+00 2.300000e-01 3.077600e+00
      vertex 1.842400e+00 2.300000e-01 3.077600e+00
    endloop
  endfacet
  facet normal 0.000000e+00 0.000000e+00 0.000000e+00
    outer loop
      vertex 1.677600e+00 -3.000000e-02 3.242400e+00
      vertex 1.842400e+00 -3.000000e-02 3.242400e+00
      vertex 1.842400e+00 2.300000e-01 3.242400e+00
    endloop
  endfacet
  facet normal 0.000000e+00 0.000000e+00 0.000000e+00
    outer loop
      vertex 1.677600e+00 -3.000000e-02 3.242400e+00
      vertex 1.842400e+00 2.300000e-01 3.242400e+00
      vertex 1.677600e+00 2.300000e-01 3.242400e+00
    endloop
  endfacet
  facet normal 0.000000e+00 0.000000e+00 0.000000e+00
    outer loop
      vertex 1.677600e+00 -3.000000e-02 3.077600e+00
      vertex 1.842400e+00 -3.000000e-02 3.077600e+00
      vertex 1.842400e+00 -3.000000e-02 3.242400e+00
    endloop
  endfacet
  facet normal 0.000000e+00 0.000000e+00 0.000000e+00
    outer loop
      vertex 1.677600e+00 -3.000000e-02 3.077600e+00
      vertex 1.842400e+00 -3.000000e-02 3.242400e+00
      vertex 1.677600e+00 -3.000000e-02 3.242400e+00
    endloop
  endfacet
  facet normal 0.000000e+00 0.000000e+00 0.000000e+00
    outer loop
      vertex 1.842400e+00 -3.000000e-02 3.077600e+00
      vertex 1.842400e+00 2.300000e-01 3.077600e+00
      vertex 1.842400e+00 2.300000e-01 3.242400e+00
    endloop
  endfacet
  facet normal 0.000000e+00 0.000000e+00 0.000000e+00
    outer loop
      vertex 1.842400e+00 -3.000000e-02 3.077600e+00
      vertex 1.842400e+00 2.300000e-01 3.242400e+00
      vertex 1.842400e+00 -3.000000e-02 3.242400e+00
    endloop
  endfacet
  facet normal 0.000000e+00 0.000000e+00 0.000000e+00
    outer loop
      vertex 1.842400e+00 2.300000e-01 3.077600e+00
      vertex 1.677600e+00 2.300000e-01 3.077600e+00
      vertex 1.677600e+00 2.300000e-01 3.242400e+00
    endloop
  endfacet
  facet normal 0.000000e+00 0.000000e+00 0.000000e+00
    outer loop
      vertex 1.842400e+00 2.300000e-01 3.077600e+00
      vertex 1.677600e+00 2.300000e-01 3.242400e+00
      vertex 1.842400e+00 2.300000e-01 3.242400e+00
    endloop
  endfacet
  facet normal 0.000000e+00 0.000000e+00 0.000000e+00
    outer loop
      vertex 1.677600e+00 2.300000e-01 3.077600e+00
      vertex 1.677600e+00 -3.000000e-02 3.077600e+00
      vertex 1.677600e+00 -3.000000e-02 3.242400e+00
    endloop
  endfacet
  facet normal 0.000000e+00 0.000000e+00 0.000000e+00
    outer loop
      vertex 1.677600e+00 2.300000e-01 3.077600e+00
      vertex 1.677600e+00 -3.000000e-02 3.242400e+00
      vertex 1.677600e+00 2.300000e-01 3.242400e+00
    endloop
  endfacet
  facet normal 0.000000e+00 0.000000e+00 0.000000e+00
    outer loop
      vertex 1.837600e+00 -3.000000e-02 3.077600e+00
      vertex 2.002400e+00 2.300000e-01 3.077600e+00
      vertex 2.002400e+00 -3.000000e-02 3.077600e+00
    endloop
  endfacet
  facet normal 0.000000e+00 0.000000e+00 0.000000e+00
    outer loop
      vertex 1.837600e+00 -3.000000e-02 3.077600e+00
      vertex 1.837600e+00 2.300000e-01 3.077600e+00
      vertex 2.002400e+00 2.300000e-01 3.077600e+00
    endloop
  endfacet
  facet normal 0.000000e+00 0.000000e+00 0.000000e+00
    outer loop
      vertex 1.837600e+00 -3.000000e-02 3.242400e+00
      vertex 2.002400e+00 -3.000000e-02 3.242400e+00
      vertex 2.002400e+00 2.300000e-01 3.242400e+00
    endloop
  endfacet
  facet normal 0.000000e+00 0.000000e+00 0.000000e+00
    outer loop
      vertex 1.837600e+00 -3.000000e-02 3.242400e+00
      vertex 2.002400e+00 2.300000e-01 3.242400e+00
      vertex 1.837600e+00 2.300000e-01 3.242400e+00
    endloop
  endfacet
  facet normal 0.000000e+00 0.000000e+00 0.000000e+00
    outer loop
      vertex 1.837600e+00 -3.000000e-02 3.077600e+00
      vertex 2.002400e+00 -3.000000e-02 3.077600e+00
      vertex 2.002400e+00 -3.000000e-02 3.242400e+00
    endloop
  endfacet
  facet normal 0.000000e+00 0.000000e+00 0.000000e+00
    outer loop
      vertex 1.837600e+00 -3.000000e-02 3.077600e+00
      vertex 2.002400e+00 -3.000000e-02 3.242400e+00
      vertex 1.837600e+00 -3.000000e-02 3.242400e+00
    endloop
  endfacet
  facet normal 0.000000e+00 0.000000e+00 0.000000e+00
    outer loop
      vertex 2.002400e+00 -3.000000e-02 3.077600e+00
      vertex 2.002400e+00 2.300000e-01 3.077600e+00
      vertex 2.002400e+00 2.300000e-01 3.242400e+00
    endloop
  endfacet
  facet normal 0.000000e+00 0.000000e+00 0.000000e+00
    outer loop
      vertex 2.002400e+00 -3.000000e-02 3.077600e+00
      vertex 2.002400e+00 2.300000e-01 3.242400e+00
      vertex 2.002400e+00 -3.000000e-02 3.242400e+00
    endloop
  endfacet
  facet normal 0.000000e+00 0.000000e+00 0.000000e+00
    outer loop
      vertex 2.002400e+00 2.300000e-01 3.077600e+00
      vertex 1.837600e+00 2.300000e-01 3.077600e+00
      vertex 1.837600e+00 2.300000e-01 3.242400e+00
    endloop
  endfacet
  facet normal 0.000000e+00 0.000000e+00 0.000000e+00
    outer loop
      vertex 2.002400e+00 2.300000e-01 3.077600e+00
      vertex 1.837600e+00 2.300000e-01 3.242400e+00
      vertex 2.002400e+00 2.300000e-01 3.242400e+00
    endloop
  endfacet
  facet normal 0.000000e+00 0.000000e+00 0.000000e+00
    outer loop
      vertex 1.837600e+00 2.300000e-01 3.077600e+00
      vertex 1.837600e+00 -3.000000e-02 3.077600e+00
      vertex 1.837600e+00 -3.000000e-02 3.242400e+00
    endloop
  endfacet
  facet normal 0.000000e+00 0.000000e+00 0.000000e+00
    outer loop
      vertex 1.837600e+00 2.300000e-01 3.077600e+00
      vertex 1.837600e+00 -3.000000e-02 3.242400e+00
      vertex 1.837600e+00 2.300000e-01 3.242400e+00
    endloop
  endfacet
  facet normal 0.000000e+00 0.000000e+00 0.000000e+00
    outer loop
      vertex 2.237600e+00 -3.000000e-02 3.717600e+00
      vertex 2.402400e+00 2.300000e-01 3.717600e+00
      vertex 2.402400e+00 -3.000000e-02 3.717600e+00
    endloop
  endfacet
  facet normal 0.000000e+00 0.000000e+00 0.000000e+00
    outer loop
      vertex 2.237600e+00 -3.000000e-02 3.717600e+00
      vertex 2.237600e+00 2.300000e-01 3.717600e+00
      vertex 2.402400e+00 2.300000e-01 3.717600e+00
    endloop
  endfacet
  facet normal 0.000000e+00 0.000000e+00 0.000000e+00
    outer loop
      vertex 2.237600e+00 -3.000000e-02 3.882400e+00
      vertex 2.402400e+00 -3.000000e-02 3.882400e+00
      vertex 2.402400e+00 2.300000e-01 3.882400e+00
    endloop
  endfacet
  facet normal 0.000000e+00 0.000000e+00 0.000000e+00
    outer loop
      vertex 2.237600e+00 -3.000000e-02 3.882400e+00
      vertex 2.402400e+00 2.300000e-01 3.882400e+00
      vertex 2.237600e+00 2.300000e-01 3.882400e+00
    endloop
  endfacet
  facet normal 0.000000e+00 0.000000e+00 0.000000e+00
    outer loop
      vertex 2.237600e+00 -3.000000e-02 3.717600e+00
      vertex 2.402400e+00 -3.000000e-02 3.717600e+00
      vertex 2.402400e+00 -3.000000e-02 3.882400e+00
    endloop
  endfacet
  facet normal 0.000000e+00 0.000000e+00 0.000000e+00
    outer loop
      vertex 2.237600e+00 -3.000000e-02 3.717600e+00
      vertex 2.402400e+00 -3.000000e-02 3.882400e+00
      vertex 2.237600e+00 -3.000000e-02 3.882400e+00
    endloop
  endfacet
  facet normal 0.000000e+00 0.000000e+00 0.000000e+00
    outer loop
      vertex 2.402400e+00 -3.000000e-02 3.717600e+00
      vertex 2.402400e+00 2.300000e-01 3.717600e+00
      vertex 2.402400e+00 2.300000e-01 3.882400e+00
    endloop
  endfacet
  facet normal 0.000000e+00 0.000000e+00 0.000000e+00
    outer loop
      vertex 2.402400e+00 -3.000000e-02 3.717600e+00
      vertex 2.402400e+00 2.300000e-01 3.882400e+00
      vertex 2.402400e+00 -3.000000e-02 3.882400e+00
    endloop
  endfacet
  facet normal 0.000000e+00 0.000000e+00 0.000000e+00
    outer loop
      vertex 2.402400e+00 2.300000e-01 3.717600e+00
      vertex 2.237600e+00 2.300000e-01 3.717600e+00
      vertex 2.237600e+00 2.300000e-01 3.882400e+00
    endloop
  endfacet
  facet normal 0.000000e+00 0.000000e+00 0.000000e+00
    outer loop
      vertex 2.402400e+00 2.300000e-01 3.717600e+00
      vertex 2.237600e+00 2.300000e-01 3.882400e+00
      vertex 2.402400e+00 2.300000e-01 3.882400e+00
    endloop
  endfacet
  facet normal 0.000000e+00 0.000000e+00 0.000000e+00
    outer loop
      vertex 2.237600e+00 2.300000e-01 3.717600e+00
      vertex 2.237600e+00 -3.000000e-02 3.717600e+00
      vertex 2.237600e+00 -3.000000e-02 3.882400e+00
    endloop
  endfacet
  facet normal 0.000000e+00 0.000000e+00 0.000000e+00
    outer loop
      vertex 2.237600e+00 2.300000e-01 3.717600e+00
      vertex 2.237600e+00 -3.000000e-02 3.882400e+00
      vertex 2.237600e+00 2.300000e-01 3.882400e+00
    endloop
  endfacet
  facet normal 0.000000e+00 0.000000e+00 0.000000e+00
    outer loop
      vertex 2.557600e+00 -3.000000e-02 3.717600e+00
      vertex 2.722400e+00 2.300000e-01 3.717600e+00
      vertex 2.722400e+00 -3.000000e-02 3.717600e+00
    endloop
  endfacet
  facet normal 0.000000e+00 0.000000e+00 0.000000e+00
    outer loop
      vertex 2.557600e+00 -3.000000e-02 3.717600e+00
      vertex 2.557600e+00 2.300000e-01 3.717600e+00
      vertex 2.722400e+00 2.300000e-01 3.717600e+00
    endloop
  endfacet
  facet normal 0.000000e+00 0.000000e+00 0.000000e+00
    outer loop
      vertex 2.557600e+00 -3.000000e-02 3.882400e+00
      vertex 2.722400e+00 -3.000000e-02 3.882400e+00
      vertex 2.722400e+00 2.300000e-01 3.882400e+00
    endloop
  endfacet
  facet normal 0.000000e+00 0.000000e+00 0.000000e+00
    outer loop
      vertex 2.557600e+00 -3.000000e-02 3.882400e+00
      vertex 2.722400e+00 2.300000e-01 3.882400e+00
      vertex 2.557600e+00 2.300000e-01 3.882400e+00
    endloop
  endfacet
  facet normal 0.000000e+00 0.000000e+00 0.000000e+00
    outer loop
      vertex 2.557600e+00 -3.000000e-02 3.717600e+00
      vertex 2.722400e+00 -3.000000e-02 3.717600e+00
      vertex 2.722400e+00 -3.000000e-02 3.882400e+00
    endloop
  endfacet
  facet normal 0.000000e+00 0.000000e+00 0.000000e+00
    outer loop
      vertex 2.557600e+00 -3.000000e-02 3.717600e+00
      vertex 2.722400e+00 -3.000000e-02 3.882400e+00
      vertex 2.557600e+00 -3.000000e-02 3.882400e+00
    endloop
  endfacet
  facet normal 0.000000e+00 0.000000e+00 0.000000e+00
    outer loop
      vertex 2.722400e+00 -3.000000e-02 3.717600e+00
      vertex 2.722400e+00 2.300000e-01 3.717600e+00
      vertex 2.722400e+00 2.300000e-01 3.882400e+00
    endloop
  endfacet
  facet normal 0.000000e+00 0.000000e+00 0.000000e+00
    outer loop
      vertex 2.722400e+00 -3.000000e-02 3.717600e+00
      vertex 2.722400e+00 2.300000e-01 3.882400e+00
      vertex 2.722400e+00 -3.000000e-02 3.882400e+00
    endloop
  endfacet
  facet normal 0.000000e+00 0.000000e+00 0.000000e+00
    outer loop
      vertex 2.722400e+00 2.300000e-01 3.717600e+00
      vertex 2.557600e+00 2.300000e-01 3.717600e+00
      vertex 2.557600e+00 2.300000e-01 3.882400e+00
    endloop
  endfacet
  facet normal 0.000000e+00 0.000000e+00 0.000000e+00
    outer loop
      vertex 2.722400e+00 2.300000e-01 3.717600e+00
      vertex 2.557600e+00 2.300000e-01 3.882400e+00
      vertex 2.722400e+00 2.300000e-01 3.882400e+00
    endloop
  endfacet
  facet normal 0.000000e+00 0.000000e+00 0.000000e+00
    outer loop
      vertex 2.557600e+00 2.300000e-01 3.717600e+00
      vertex 2.557600e+00 -3.000000e-02 3.717600e+00
      vertex 2.557600e+00 -3.000000e-02 3.882400e+00
    endloop
  endfacet
  facet normal 0.000000e+00 0.000000e+00 0.000000e+00
    outer loop
      vertex 2.557600e+00 2.300000e-01 3.717600e+00
      vertex 2.557600e+00 -3.000000e-02 3.882400e+00
      vertex 2.557600e+00 2.300000e-01 3.882400e+00
    endloop
  endfacet
  facet normal 0.000000e+00 0.000000e+00 0.000000e+00
    outer loop
      vertex 2.717600e+00 -3.000000e-02 3.717600e+00
      vertex 2.882400e+00 2.300000e-01 3.717600e+00
      vertex 2.882400e+00 -3.000000e-02 3.717600e+00
    endloop
  endfacet
  facet normal 0.000000e+00 0.000000e+00 0.000000e+00
    outer loop
      vertex 2.717600e+00 -3.000000e-02 3.717600e+00
      vertex 2.717600e+00 2.300000e-01 3.717600e+00
      vertex 2.882400e+00 2.300000e-01 3.717600e+00
    endloop
  endfacet
  facet normal 0.000000e+00 0.000000e+00 0.000000e+00
    outer loop
      vertex 2.717600e+00 -3.000000e-02 3.882400e+00
      vertex 2.882400e+00 -3.000000e-02 3.882400e+00
      vertex 2.882400e+00 2.300000e-01 3.882400e+00
    endloop
  endfacet
  facet normal 0.000000e+00 0.000000e+00 0.000000e+00
    outer loop
      vertex 2.717600e+00 -3.000000e-02 3.882400e+00
      vertex 2.882400e+00 2.300000e-01 3.882400e+00
      vertex 2.717600e+00 2.300000e-01 3.882400e+00
    endloop
  endfacet
  facet normal 0.000000e+00 0.000000e+00 0.000000e+00
    outer loop
      vertex 2.717600e+00 -3.000000e-02 3.717600e+00
      vertex 2.882400e+00 -3.000000e-02 3.717600e+00
      vertex 2.882400e+00 -3.000000e-02 3.882400e+00
    endloop
  endfacet
  facet normal 0.000000e+00 0.000000e+00 0.000000e+00
    outer loop
      vertex 2.717600e+00 -3.000000e-02 3.717600e+00
      vertex 2.882400e+00 -3.000000e-02 3.882400e+00
      vertex 2.717600e+00 -3.000000e-02 3.882400e+00
    endloop
  endfacet
  facet normal 0.000000e+00 0.000000e+00 0.000000e+00
    outer loop
      vertex 2.882400e+00 -3.000000e-02 3.717600e+00
      vertex 2.882400e+00 2.300000e-01 3.717600e+00
      vertex 2.882400e+00 2.300000e-01 3.882400e+00
    endloop
  endfacet
  facet normal 0.000000e+00 0.000000e+00 0.000000e+00
    outer loop
      vertex 2.882400e+00 -3.000000e-02 3.717600e+00
      vertex 2.882400e+00 2.300000e-01 3.882400e+00
      vertex 2.882400e+00 -3.000000e-02 3.882400e+00
    endloop
  endfacet
  facet normal 0.000000e+00 0.000000e+00 0.000000e+00
    outer loop
      vertex 2.882400e+00 2.300000e-01 3.717600e+00
      vertex 2.717600e+00 2.300000e-01 3.717600e+00
      vertex 2.717600e+00 2.300000e-01 3.882400e+00
    endloop
  endfacet
  facet normal 0.000000e+00 0.000000e+00 0.000000e+00
    outer loop
      vertex 2.882400e+00 2.300000e-01 3.717600e+00
      vertex 2.717600e+00 2.300000e-01 3.882400e+00
      vertex 2.882400e+00 2.300000e-01 3.882400e+00
    endloop
  endfacet
  facet normal 0.000000e+00 0.000000e+00 0.000000e+00
    outer loop
      vertex 2.717600e+00 2.300000e-01 3.717600e+00
      vertex 2.717600e+00 -3.000000e-02 3.717600e+00
      vertex 2.717600e+00 -3.000000e-02 3.882400e+00
    endloop
  endfacet
  facet normal 0.000000e+00 0.000000e+00 0.000000e+00
    outer loop
      vertex 2.717600e+00 2.300000e-01 3.717600e+00
      vertex 2.717600e+00 -3.000000e-02 3.882400e+00
      vertex 2.717600e+00 2.300000e-01 3.882400e+00
    endloop
  endfacet
  facet normal 0.000000e+00 0.000000e+00 0.000000e+00
    outer loop
      vertex 2.237600e+00 -3.000000e-02 3.557600e+00
      vertex 2.402400e+00 2.300000e-01 3.557600e+00
      vertex 2.402400e+00 -3.000000e-02 3.557600e+00
    endloop
  endfacet
  facet normal 0.000000e+00 0.000000e+00 0.000000e+00
    outer loop
      vertex 2.237600e+00 -3.000000e-02 3.557600e+00
      vertex 2.237600e+00 2.300000e-01 3.557600e+00
      vertex 2.402400e+00 2.300000e-01 3.557600e+00
    endloop
  endfacet
  facet normal 0.000000e+00 0.000000e+00 0.000000e+00
    outer loop
      vertex 2.237600e+00 -3.000000e-02 3.722400e+00
      vertex 2.402400e+00 -3.000000e-02 3.722400e+00
      vertex 2.402400e+00 2.300000e-01 3.722400e+00
    endloop
  endfacet
  facet normal 0.000000e+00 0.000000e+00 0.000000e+00
    outer loop
      vertex 2.237600e+00 -3.000000e-02 3.722400e+00
      vertex 2.402400e+00 2.300000e-01 3.722400e+00
      vertex 2.237600e+00 2.300000e-01 3.722400e+00
    endloop
  endfacet
  facet normal 0.000000e+00 0.000000e+00 0.000000e+00
    outer loop
      vertex 2.237600e+00 -3.000000e-02 3.557600e+00
      vertex 2.402400e+00 -3.000000e-02 3.557600e+00
      vertex 2.402400e+00 -3.000000e-02 3.722400e+00
    endloop
  endfacet
  facet normal 0.000000e+00 0.000000e+00 0.000000e+00
    outer loop
      vertex 2.237600e+00 -3.000000e-02 3.557600e+00
      vertex 2.402400e+00 -3.000000e-02 3.722400e+00
      vertex 2.237600e+00 -3.000000e-02 3.722400e+00
    endloop
  endfacet
  facet normal 0.000000e+00 0.000000e+00 0.000000e+00
    outer loop
      vertex 2.402400e+00 -3.000000e-02 3.557600e+00
      vertex 2.402400e+00 2.300000e-01 3.557600e+00
      vertex 2.402400e+00 2.300000e-01 3.722400e+00
    endloop
  endfacet
  facet normal 0.000000e+00 0.000000e+00 0.000000e+00
    outer loop
      vertex 2.402400e+00 -3.000000e-02 3.557600e+00
      vertex 2.402400e+00 2.300000e-01 3.722400e+00
      vertex 2.402400e+00 -3.000000e-02 3.722400e+00
    endloop
  endfacet
  facet normal 0.000000e+00 0.000000e+00 0.000000e+00
    outer loop
      vertex 2.402400e+00 2.300000e-01 3.557600e+00
      vertex 2.237600e+00 2.300000e-01 3.557600e+00
      vertex 2.237600e+00 2.300000e-01 3.722400e+00
    endloop
  endfacet
  facet normal 0.000000e+00 0.000000e+00 0.000000e+00
    outer loop
      vertex 2.402400e+00 2.300000e-01 3.557600e+00
      vertex 2.237600e+00 2.300000e-01 3.722400e+00
      vertex 2.402400e+00 2.300000e-01 3.722400e+00
    endloop
  endfacet
  facet normal 0.000000e+00 0.000000e+00 0.000000e+00
    outer loop
      vertex 2.237600e+00 2.300000e-01 3.557600e+00
      vertex 2.237600e+00 -3.000000e-02 3.557600e+00
      vertex 2.237600e+00 -3.000000e-02 3.722400e+00
    endloop
  endfacet
  facet normal 0.000000e+00 0.000000e+00 0.000000e+00
    outer loop
      vertex 2.237600e+00 2.300000e-01 3.557600e+00
      vertex 2.237600e+00 -3.000000e-02 3.722400e+00
      vertex 2.237600e+00 2.300000e-01 3.722400e+00
    endloop
  endfacet
  facet normal 0.000000e+00 0.000000e+00 0.000000e+00
    outer loop
      vertex 2.397600e+00 -3.000000e-02 3.557600e+00
      vertex 2.562400e+00 2.300000e-01 3.557600e+00
      vertex 2.562400e+00 -3.000000e-02 3.557600e+00
    endloop
  endfacet
  facet normal 0.000000e+00 0.000000e+00 0.000000e+00
    outer loop
      vertex 2.397600e+00 -3.000000e-02 3.557600e+00
      vertex 2.397600e+00 2.300000e-01 3.557600e+00
      vertex 2.562400e+00 2.300000e-01 3.557600e+00
    endloop
  endfacet
  facet normal 0.000000e+00 0.000000e+00 0.000000e+00
    outer loop
      vertex 2.397600e+00 -3.000000e-02 3.722400e+00
      vertex 2.562400e+00 -3.000000e-02 3.722400e+00
      vertex 2.562400e+00 2.300000e-01 3.722400e+00
    endloop
  endfacet
  facet normal 0.000000e+00 0.000000e+00 0.000000e+00
    outer loop
      vertex 2.397600e+00 -3.000000e-02 3.722400e+00
      vertex 2.562400e+00 2.300000e-01 3.722400e+00
      vertex 2.397600e+00 2.300000e-01 3.722400e+00
    endloop
  endfacet
  facet normal 0.000000e+00 0.000000e+00 0.000000e+00
    outer loop
      vertex 2.397600e+00 -3.000000e-02 3.557600e+00
      vertex 2.562400e+00 -3.000000e-02 3.557600e+00
      vertex 2.562400e+00 -3.000000e-02 3.722400e+00
    endloop
  endfacet
  facet normal 0.000000e+00 0.000000e+00 0.000000e+00
    outer loop
      vertex 2.397600e+00 -3.000000e-02 3.557600e+00
      vertex 2.562400e+00 -3.000000e-02 3.722400e+00
      vertex 2.397600e+00 -3.000000e-02 3.722400e+00
    endloop
  endfacet
  facet normal 0.000000e+00 0.000000e+00 0.000000e+00
    outer loop
      vertex 2.562400e+00 -3.000000e-02 3.557600e+00
      vertex 2.562400e+00 2.300000e-01 3.557600e+00
      vertex 2.562400e+00 2.300000e-01 3.722400e+00
    endloop
  endfacet
  facet normal 0.000000e+00 0.000000e+00 0.000000e+00
    outer loop
      vertex 2.562400e+00 -3.000000e-02 3.557600e+00
      vertex 2.562400e+00 2.300000e-01 3.722400e+00
      vertex 2.562400e+00 -3.000000e-02 3.722400e+00
    endloop
  endfacet
  facet normal 0.000000e+00 0.000000e+00 0.000000e+00
    outer loop
      vertex 2.562400e+00 2.300000e-01 3.557600e+00
      vertex 2.397600e+00 2.300000e-01 3.557600e+00
      vertex 2.397600e+00 2.300000e-01 3.722400e+00
    endloop
  endfacet
  facet normal 0.000000e+00 0.000000e+00 0.000000e+00
    outer loop
      vertex 2.562400e+00 2.300000e-01 3.557600e+00
      vertex 2.397600e+00 2.300000e-01 3.722400e+00
      vertex 2.562400e+00 2.300000e-01 3.722400e+00
    endloop
  endfacet
  facet normal 0.000000e+00 0.000000e+00 0.000000e+00
    outer loop
      vertex 2.397600e+00 2.300000e-01 3.557600e+00
      vertex 2.397600e+00 -3.000000e-02 3.557600e+00
      vertex 2.397600e+00 -3.000000e-02 3.722400e+00
    endloop
  endfacet
  facet normal 0.000000e+00 0.000000e+00 0.000000e+00
    outer loop
      vertex 2.397600e+00 2.300000e-01 3.557600e+00
      vertex 2.397600e+00 -3.000000e-02 3.722400e+00
      vertex 2.397600e+00 2.300000e-01 3.722400e+00
    endloop
  endfacet
  facet normal 0.000000e+00 0.000000e+00 0.000000e+00
    outer loop
      vertex 2.877600e+00 -3.000000e-02 3.557600e+00
      vertex 3.042400e+00 2.300000e-01 3.557600e+00
      vertex 3.042400e+00 -3.000000e-02 3.557600e+00
    endloop
  endfacet
  facet normal 0.000000e+00 0.000000e+00 0.000000e+00
    outer loop
      vertex 2.877600e+00 -3.000000e-02 3.557600e+00
      vertex 2.877600e+00 2.300000e-01 3.557600e+00
      vertex 3.042400e+00 2.300000e-01 3.557600e+00
    endloop
  endfacet
  facet normal 0.000000e+00 0.000000e+00 0.000000e+00
    outer loop
      vertex 2.877600e+00 -3.000000e-02 3.722400e+00
      vertex 3.042400e+00 -3.000000e-02 3.722400e+00
      vertex 3.042400e+00 2.300000e-01 3.722400e+00
    endloop
  endfacet
  facet normal 0.000000e+00 0.000000e+00 0.000000e+00
    outer loop
      vertex 2.877600e+00 -3.000000e-02 3.722400e+00
      vertex 3.042400e+00 2.300000e-01 3.722400e+00
      vertex 2.877600e+00 2.300000e-01 3.722400e+00
    endloop
  endfacet
  facet normal 0.000000e+00 0.000000e+00 0.000000e+00
    outer loop
      vertex 2.877600e+00 -3.000000e-02 3.557600e+00
      vertex 3.042400e+00 -3.000000e-02 3.557600e+00
      vertex 3.042400e+00 -3.000000e-02 3.722400e+00
    endloop
  endfacet
  facet normal 0.000000e+00 0.000000e+00 0.000000e+00
    outer loop
      vertex 2.877600e+00 -3.000000e-02 3.557600e+00
      vertex 3.042400e+00 -3.000000e-02 3.722400e+00
      vertex 2.877600e+00 -3.000000e-02 3.722400e+00
    endloop
  endfacet
  facet normal 0.000000e+00 0.000000e+00 0.000000e+00
    outer loop
      vertex 3.042400e+00 -3.000000e-02 3.557600e+00
      vertex 3.042400e+00 2.300000e-01 3.557600e+00
      vertex 3.042400e+00 2.300000e-01 3.722400e+00
    endloop
  endfacet
  facet normal 0.000000e+00 0.000000e+00 0.000000e+00
    outer loop
      vertex 3.042400e+00 -3.000000e-02 3.557600e+00
      vertex 3.042400e+00 2.300000e-01 3.722400e+00
      vertex 3.042400e+00 -3.000000e-02 3.722400e+00
    endloop
  endfacet
  facet normal 0.000000e+00 0.000000e+00 0.000000e+00
    outer loop
      vertex 3.042400e+00 2.300000e-01 3.557600e+00
      vertex 2.877600e+00 2.300000e-01 3.557600e+00
      vertex 2.877600e+00 2.300000e-01 3.722400e+00
    endloop
  endfacet
  facet normal 0.000000e+00 0.000000e+00 0.000000e+00
    outer loop
      vertex 3.042400e+00 2.300000e-01 3.557600e+00
      vertex 2.877600e+00 2.300000e-01 3.722400e+00
      vertex 3.042400e+00 2.300000e-01 3.722400e+00
    endloop
  endfacet
  facet normal 0.000000e+00 0.000000e+00 0.000000e+00
    outer loop
      vertex 2.877600e+00 2.300000e-01 3.557600e+00
      vertex 2.877600e+00 -3.000000e-02 3.557600e+00
      vertex 2.877600e+00 -3.000000e-02 3.722400e+00
    endloop
  endfacet
  facet normal 0.000000e+00 0.000000e+00 0.000000e+00
    outer loop
      vertex 2.877600e+00 2.300000e-01 3.557600e+00
      vertex 2.877600e+00 -3.000000e-02 3.722400e+00
      vertex 2.877600e+00 2.300000e-01 3.722400e+00
    endloop
  endfacet
  facet normal 0.000000e+00 0.000000e+00 0.000000e+00
    outer loop
      vertex 2.237600e+00 -3.000000e-02 3.397600e+00
      vertex 2.402400e+00 2.300000e-01 3.397600e+00
      vertex 2.402400e+00 -3.000000e-02 3.397600e+00
    endloop
  endfacet
  facet normal 0.000000e+00 0.000000e+00 0.000000e+00
    outer loop
      vertex 2.237600e+00 -3.000000e-02 3.397600e+00
      vertex 2.237600e+00 2.300000e-01 3.397600e+00
      vertex 2.402400e+00 2.300000e-01 3.397600e+00
    endloop
  endfacet
  facet normal 0.000000e+00 0.000000e+00 0.000000e+00
    outer loop
      vertex 2.237600e+00 -3.000000e-02 3.562400e+00
      vertex 2.402400e+00 -3.000000e-02 3.562400e+00
      vertex 2.402400e+00 2.300000e-01 3.562400e+00
    endloop
  endfacet
  facet normal 0.000000e+00 0.000000e+00 0.000000e+00
    outer loop
      vertex 2.237600e+00 -3.000000e-02 3.562400e+00
      vertex 2.402400e+00 2.300000e-01 3.562400e+00
      vertex 2.237600e+00 2.300000e-01 3.562400e+00
    endloop
  endfacet
  facet normal 0.000000e+00 0.000000e+00 0.000000e+00
    outer loop
      vertex 2.237600e+00 -3.000000e-02 3.397600e+00
      vertex 2.402400e+00 -3.000000e-02 3.397600e+00
      vertex 2.402400e+00 -3.000000e-02 3.562400e+00
    endloop
  endfacet
  facet normal 0.000000e+00 0.000000e+00 0.000000e+00
    outer loop
      vertex 2.237600e+00 -3.000000e-02 3.397600e+00
      vertex 2.402400e+00 -3.000000e-02 3.562400e+00
      vertex 2.237600e+00 -3.000000e-02 3.562400e+00
    endloop
  endfacet
  facet normal 0.000000e+00 0.000000e+00 0.000000e+00
    outer loop
      vertex 2.402400e+00 -3.000000e-02 3.397600e+00
      vertex 2.402400e+00 2.300000e-01 3.397600e+00
      vertex 2.402400e+00 2.300000e-01 3.562400e+00
    endloop
  endfacet
  facet normal 0.000000e+00 0.000000e+00 0.000000e+00
    outer loop
      vertex 2.402400e+00 -3.000000e-02 3.397600e+00
      vertex 2.402400e+00 2.300000e-01 3.562400e+00
      vertex 2.402400e+00 -3.000000e-02 3.562400e+00
    endloop
  endfacet
  facet normal 0.000000e+00 0.000000e+00 0.000000e+00
    outer loop
      vertex 2.402400e+00 2.300000e-01 3.397600e+00
      vertex 2.237600e+00 2.300000e-01 3.397600e+00
      vertex 2.237600e+00 2.300000e-01 3.562400e+00
    endloop
  endfacet
  facet normal 0.000000e+00 0.000000e+00 0.000000e+00
    outer loop
      vertex 2.402400e+00 2.300000e-01 3.397600e+00
      vertex 2.237600e+00 2.300000e-01 3.562400e+00
      vertex 2.402400e+00 2.300000e-01 3.562400e+00
    endloop
  endfacet
  facet normal 0.000000e+00 0.000000e+00 0.000000e+00
    outer loop
      vertex 2.237600e+00 2.300000e-01 3.397600e+00
      vertex 2.237600e+00 -3.000000e-02 3.397600e+00
      vertex 2.237600e+00 -3.000000e-02 3.562400e+00
    endloop
  endfacet
  facet normal 0.000000e+00 0.000000e+00 0.000000e+00
    outer loop
      vertex 2.237600e+00 2.300000e-01 3.397600e+00
      vertex 2.237600e+00 -3.000000e-02 3.562400e+00
      vertex 2.237600e+00 2.300000e-01 3.562400e+00
    endloop
  endfacet
  facet normal 0.000000e+00 0.000000e+00 0.000000e+00
    outer loop
      vertex 2.877600e+00 -3.000000e-02 3.397600e+00
      vertex 3.042400e+00 2.300000e-01 3.397600e+00
      vertex 3.042400e+00 -3.000000e-02 3.397600e+00
    endloop
  endfacet
  facet normal 0.000000e+00 0.000000e+00 0.000000e+00
    outer loop
      vertex 2.877600e+00 -3.000000e-02 3.397600e+00
      vertex 2.877600e+00 2.300000e-01 3.397600e+00
      vertex 3.042400e+00 2.300000e-01 3.397600e+00
    endloop
  endfacet
  facet normal 0.000000e+00 0.000000e+00 0.000000e+00
    outer loop
      vertex 2.877600e+00 -3.000000e-02 3.562400e+00
      vertex 3.042400e+00 -3.000000e-02 3.562400e+00
      vertex 3.042400e+00 2.300000e-01 3.562400e+00
    endloop
  endfacet
  facet normal 0.000000e+00 0.000000e+00 0.000000e+00
    outer loop
      vertex 2.877600e+00 -3.000000e-02 3.562400e+00
      vertex 3.042400e+00 2.300000e-01 3.562400e+00
      vertex 2.877600e+00 2.300000e-01 3.562400e+00
    endloop
  endfacet
  facet normal 0.000000e+00 0.000000e+00 0.000000e+00
    outer loop
      vertex 2.877600e+00 -3.000000e-02 3.397600e+00
      vertex 3.042400e+00 -3.000000e-02 3.397600e+00
      vertex 3.042400e+00 -3.000000e-02 3.562400e+00
    endloop
  endfacet
  facet normal 0.000000e+00 0.000000e+00 0.000000e+00
    outer loop
      vertex 2.877600e+00 -3.000000e-02 3.397600e+00
      vertex 3.042400e+00 -3.000000e-02 3.562400e+00
      vertex 2.877600e+00 -3.000000e-02 3.562400e+00
    endloop
  endfacet
  facet normal 0.000000e+00 0.000000e+00 0.000000e+00
    outer loop
      vertex 3.042400e+00 -3.000000e-02 3.397600e+00
      vertex 3.042400e+00 2.300000e-01 3.397600e+00
      vertex 3.042400e+00 2.300000e-01 3.562400e+00
    endloop
  endfacet
  facet normal 0.000000e+00 0.000000e+00 0.000000e+00
    outer loop
      vertex 3.042400e+00 -3.000000e-02 3.397600e+00
      vertex 3.042400e+00 2.300000e-01 3.562400e+00
      vertex 3.042400e+00 -3.000000e-02 3.562400e+00
    endloop
  endfacet
  facet normal 0.000000e+00 0.000000e+00 0.000000e+00
    outer loop
      vertex 3.042400e+00 2.300000e-01 3.397600e+00
      vertex 2.877600e+00 2.300000e-01 3.397600e+00
      vertex 2.877600e+00 2.300000e-01 3.562400e+00
    endloop
  endfacet
  facet normal 0.000000e+00 0.000000e+00 0.000000e+00
    outer loop
      vertex 3.042400e+00 2.300000e-01 3.397600e+00
      vertex 2.877600e+00 2.300000e-01 3.562400e+00
      vertex 3.042400e+00 2.300000e-01 3.562400e+00
    endloop
  endfacet
  facet normal 0.000000e+00 0.000000e+00 0.000000e+00
    outer loop
      vertex 2.877600e+00 2.300000e-01 3.397600e+00
      vertex 2.877600e+00 -3.000000e-02 3.397600e+00
      vertex 2.877600e+00 -3.000000e-02 3.562400e+00
    endloop
  endfacet
  facet normal 0.000000e+00 0.000000e+00 0.000000e+00
    outer loop
      vertex 2.877600e+00 2.300000e-01 3.397600e+00
      vertex 2.877600e+00 -3.000000e-02 3.562400e+00
      vertex 2.877600e+00 2.300000e-01 3.562400e+00
    endloop
  endfacet
  facet normal 0.000000e+00 0.000000e+00 0.000000e+00
    outer loop
      vertex 2.237600e+00 -3.000000e-02 3.237600e+00
      vertex 2.402400e+00 2.300000e-01 3.237600e+00
      vertex 2.402400e+00 -3.000000e-02 3.237600e+00
    endloop
  endfacet
  facet normal 0.000000e+00 0.000000e+00 0.000000e+00
    outer loop
      vertex 2.237600e+00 -3.000000e-02 3.237600e+00
      vertex 2.237600e+00 2.300000e-01 3.237600e+00
      vertex 2.402400e+00 2.300000e-01 3.237600e+00
    endloop
  endfacet
  facet normal 0.000000e+00 0.000000e+00 0.000000e+00
    outer loop
      vertex 2.237600e+00 -3.000000e-02 3.402400e+00
      vertex 2.402400e+00 -3.000000e-02 3.402400e+00
      vertex 2.402400e+00 2.300000e-01 3.402400e+00
    endloop
  endfacet
  facet normal 0.000000e+00 0.000000e+00 0.000000e+00
    outer loop
      vertex 2.237600e+00 -3.000000e-02 3.402400e+00
      vertex 2.402400e+00 2.300000e-01 3.402400e+00
      vertex 2.237600e+00 2.300000e-01 3.402400e+00
    endloop
  endfacet
  facet normal 0.000000e+00 0.000000e+00 0.000000e+00
    outer loop
      vertex 2.237600e+00 -3.000000e-02 3.237600e+00
      vertex 2.402400e+00 -3.000000e-02 3.237600e+00
      vertex 2.402400e+00 -3.000000e-02 3.402400e+00
    endloop
  endfacet
  facet normal 0.000000e+00 0.000000e+00 0.000000e+00
    outer loop
      vertex 2.237600e+00 -3.000000e-02 3.237600e+00
      vertex 2.402400e+00 -3.000000e-02 3.402400e+00
      vertex 2.237600e+00 -3.000000e-02 3.402400e+00
    endloop
  endfacet
  facet normal 0.000000e+00 0.000000e+00 0.000000e+00
    outer loop
      vertex 2.402400e+00 -3.000000e-02 3.237600e+00
      vertex 2.402400e+00 2.300000e-01 3.237600e+00
      vertex 2.402400e+00 2.300000e-01 3.402400e+00
    endloop
  endfacet
  facet normal 0.000000e+00 0.000000e+00 0.000000e+00
    outer loop
      vertex 2.402400e+00 -3.000000e-02 3.237600e+00
      vertex 2.402400e+00 2.300000e-01 3.402400e+00
      vertex 2.402400e+00 -3.000000e-02 3.402400e+00
    endloop
  endfacet
  facet normal 0.000000e+00 0.000000e+00 0.000000e+00
    outer loop
      vertex 2.402400e+00 2.300000e-01 3.237600e+00
      vertex 2.237600e+00 2.300000e-01 3.237600e+00
      vertex 2.237600e+00 2.300000e-01 3.402400e+00
    endloop
  endfacet
  facet normal 0.000000e+00 0.000000e+00 0.000000e+00
    outer loop
      vertex 2.402400e+00 2.300000e-01 3.237600e+00
      vertex 2.237600e+00 2.300000e-01 3.402400e+00
      vertex 2.402400e+00 2.300000e-01 3.402400e+00
    endloop
  endfacet
  facet normal 0.000000e+00 0.000000e+00 0.000000e+00
    outer loop
      vertex 2.237600e+00 2.300000e-01 3.237600e+00
      vertex 2.237600e+00 -3.000000e-02 3.237600e+00
      vertex 2.237600e+00 -3.000000e-02 3.402400e+00
    endloop
  endfacet
  facet normal 0.000000e+00 0.000000e+00 0.000000e+00
    outer loop
      vertex 2.237600e+00 2.300000e-01 3.237600e+00
      vertex 2.237600e+00 -3.000000e-02 3.402400e+00
      vertex 2.237600e+00 2.300000e-01 3.402400e+00
    endloop
  endfacet
  facet normal 0.000000e+00 0.000000e+00 0.000000e+00
    outer loop
      vertex 2.877600e+00 -3.000000e-02 3.237600e+00
      vertex 3.042400e+00 2.300000e-01 3.237600e+00
      vertex 3.042400e+00 -3.000000e-02 3.237600e+00
    endloop
  endfacet
  facet normal 0.000000e+00 0.000000e+00 0.000000e+00
    outer loop
      vertex 2.877600e+00 -3.000000e-02 3.237600e+00
      vertex 2.877600e+00 2.300000e-01 3.237600e+00
      vertex 3.042400e+00 2.300000e-01 3.237600e+00
    endloop
  endfacet
  facet normal 0.000000e+00 0.000000e+00 0.000000e+00
    outer loop
      vertex 2.877600e+00 -3.000000e-02 3.402400e+00
      vertex 3.042400e+00 -3.000000e-02 3.402400e+00
      vertex 3.042400e+00 2.300000e-01 3.402400e+00
    endloop
  endfacet
  facet normal 0.000000e+00 0.000000e+00 0.000000e+00
    outer loop
      vertex 2.877600e+00 -3.000000e-02 3.402400e+00
      vertex 3.042400e+00 2.300000e-01 3.402400e+00
      vertex 2.877600e+00 2.300000e-01 3.402400e+00
    endloop
  endfacet
  facet normal 0.000000e+00 0.000000e+00 0.000000e+00
    outer loop
      vertex 2.877600e+00 -3.000000e-02 3.237600e+00
      vertex 3.042400e+00 -3.000000e-02 3.237600e+00
      vertex 3.042400e+00 -3.000000e-02 3.402400e+00
    endloop
  endfacet
  facet normal 0.000000e+00 0.000000e+00 0.000000e+00
    outer loop
      vertex 2.877600e+00 -3.000000e-02 3.237600e+00
      vertex 3.042400e+00 -3.000000e-02 3.402400e+00
      vertex 2.877600e+00 -3.000000e-02 3.402400e+00
    endloop
  endfacet
  facet normal 0.000000e+00 0.000000e+00 0.000000e+00
    outer loop
      vertex 3.042400e+00 -3.000000e-02 3.237600e+00
      vertex 3.042400e+00 2.300000e-01 3.237600e+00
      vertex 3.042400e+00 2.300000e-01 3.402400e+00
    endloop
  endfacet
  facet normal 0.000000e+00 0.000000e+00 0.000000e+00
    outer loop
      vertex 3.042400e+00 -3.000000e-02 3.237600e+00
      vertex 3.042400e+00 2.300000e-01 3.402400e+00
      vertex 3.042400e+00 -3.000000e-02 3.402400e+00
    endloop
  endfacet
  facet normal 0.000000e+00 0.000000e+00 0.000000e+00
    outer loop
      vertex 3.042400e+00 2.300000e-01 3.237600e+00
      vertex 2.877600e+00 2.300000e-01 3.237600e+00
      vertex 2.877600e+00 2.300000e-01 3.402400e+00
    endloop
  endfacet
  facet normal 0.000000e+00 0.000000e+00 0.000000e+00
    outer loop
      vertex 3.042400e+00 2.300000e-01 3.237600e+00
      vertex 2.877600e+00 2.300000e-01 3.402400e+00
      vertex 3.042400e+00 2.300000e-01 3.402400e+00
    endloop
  endfacet
  facet normal 0.000000e+00 0.000000e+00 0.000000e+00
    outer loop
      vertex 2.877600e+00 2.300000e-01 3.237600e+00
      vertex 2.877600e+00 -3.000000e-02 3.237600e+00
      vertex 2.877600e+00 -3.000000e-02 3.402400e+00
    endloop
  endfacet
  facet normal 0.000000e+00 0.000000e+00 0.000000e+00
    outer loop
      vertex 2.877600e+00 2.300000e-01 3.237600e+00
      vertex 2.877600e+00 -3.000000e-02 3.402400e+00
      vertex 2.877600e+00 2.300000e-01 3.402400e+00
    endloop
  endfacet
  facet normal 0.000000e+00 0.000000e+00 0.000000e+00
    outer loop
      vertex 2.237600e+00 -3.000000e-02 3.077600e+00
      vertex 2.402400e+00 2.300000e-01 3.077600e+00
      vertex 2.402400e+00 -3.000000e-02 3.077600e+00
    endloop
  endfacet
  facet normal 0.000000e+00 0.000000e+00 0.000000e+00
    outer loop
      vertex 2.237600e+00 -3.000000e-02 3.077600e+00
      vertex 2.237600e+00 2.300000e-01 3.077600e+00
      vertex 2.402400e+00 2.300000e-01 3.077600e+00
    endloop
  endfacet
  facet normal 0.000000e+00 0.000000e+00 0.000000e+00
    outer loop
      vertex 2.237600e+00 -3.000000e-02 3.242400e+00
      vertex 2.402400e+00 -3.000000e-02 3.242400e+00
      vertex 2.402400e+00 2.300000e-01 3.242400e+00
    endloop
  endfacet
  facet normal 0.000000e+00 0.000000e+00 0.000000e+00
    outer loop
      vertex 2.237600e+00 -3.000000e-02 3.242400e+00
      vertex 2.402400e+00 2.300000e-01 3.242400e+00
      vertex 2.237600e+00 2.300000e-01 3.242400e+00
    endloop
  endfacet
  facet normal 0.000000e+00 0.000000e+00 0.000000e+00
    outer loop
      vertex 2.237600e+00 -3.000000e-02 3.077600e+00
      vertex 2.402400e+00 -3.000000e-02 3.077600e+00
      vertex 2.402400e+00 -3.000000e-02 3.242400e+00
    endloop
  endfacet
  facet normal 0.000000e+00 0.000000e+00 0.000000e+00
    outer loop
      vertex 2.237600e+00 -3.000000e-02 3.077600e+00
      vertex 2.402400e+00 -3.000000e-02 3.242400e+00
      vertex 2.237600e+00 -3.000000e-02 3.242400e+00
    endloop
  endfacet
  facet normal 0.000000e+00 0.000000e+00 0.000000e+00
    outer loop
      vertex 2.402400e+00 -3.000000e-02 3.077600e+00
      vertex 2.402400e+00 2.300000e-01 3.077600e+00
      vertex 2.402400e+00 2.300000e-01 3.242400e+00
    endloop
  endfacet
  facet normal 0.000000e+00 0.000000e+00 0.000000e+00
    outer loop
      vertex 2.402400e+00 -3.000000e-02 3.077600e+00
      vertex 2.402400e+00 2.300000e-01 3.242400e+00
      vertex 2.402400e+00 -3.000000e-02 3.242400e+00
    endloop
  endfacet
  facet normal 0.000000e+00 0.000000e+00 0.000000e+00
    outer loop
      vertex 2.402400e+00 2.300000e-01 3.077600e+00
      vertex 2.237600e+00 2.300000e-01 3.077600e+00
      vertex 2.237600e+00 2.300000e-01 3.242400e+00
    endloop
  endfacet
  facet normal 0.000000e+00 0.000000e+00 0.000000e+00
    outer loop
      vertex 2.402400e+00 2.300000e-01 3.077600e+00
      vertex 2.237600e+00 2.300000e-01 3.242400e+00
      vertex 2.402400e+00 2.300000e-01 3.242400e+00
    endloop
  endfacet
  facet normal 0.000000e+00 0.000000e+00 0.000000e+00
    outer loop
      vertex 2.237600e+00 2.300000e-01 3.077600e+00
      vertex 2.237600e+00 -3.000000e-02 3.077600e+00
      vertex 2.237600e+00 -3.000000e-02 3.242400e+00
    endloop
  endfacet
  facet normal 0.000000e+00 0.000000e+00 0.000000e+00
    outer loop
      vertex 2.237600e+00 2.300000e-01 3.077600e+00
      vertex 2.237600e+00 -3.000000e-02 3.242400e+00
      vertex 2.237600e+00 2.300000e-01 3.242400e+00
    endloop
  endfacet
  facet normal 0.000000e+00 0.000000e+00 0.000000e+00
    outer loop
      vertex 2.877600e+00 -3.000000e-02 3.077600e+00
      vertex 3.042400e+00 2.300000e-01 3.077600e+00
      vertex 3.042400e+00 -3.000000e-02 3.077600e+00
    endloop
  endfacet
  facet normal 0.000000e+00 0.000000e+00 0.000000e+00
    outer loop
      vertex 2.877600e+00 -3.000000e-02 3.077600e+00
      vertex 2.877600e+00 2.300000e-01 3.077600e+00
      vertex 3.042400e+00 2.300000e-01 3.077600e+00
    endloop
  endfacet
  facet normal 0.000000e+00 0.000000e+00 0.000000e+00
    outer loop
      vertex 2.877600e+00 -3.000000e-02 3.242400e+00
      vertex 3.042400e+00 -3.000000e-02 3.242400e+00
      vertex 3.042400e+00 2.300000e-01 3.242400e+00
    endloop
  endfacet
  facet normal 0.000000e+00 0.000000e+00 0.000000e+00
    outer loop
      vertex 2.877600e+00 -3.000000e-02 3.242400e+00
      vertex 3.042400e+00 2.300000e-01 3.242400e+00
      vertex 2.877600e+00 2.300000e-01 3.242400e+00
    endloop
  endfacet
  facet normal 0.000000e+00 0.000000e+00 0.000000e+00
    outer loop
      vertex 2.877600e+00 -3.000000e-02 3.077600e+00
      vertex 3.042400e+00 -3.000000e-02 3.077600e+00
      vertex 3.042400e+00 -3.000000e-02 3.242400e+00
    endloop
  endfacet
  facet normal 0.000000e+00 0.000000e+00 0.000000e+00
    outer loop
      vertex 2.877600e+00 -3.000000e-02 3.077600e+00
      vertex 3.042400e+00 -3.000000e-02 3.242400e+00
      vertex 2.877600e+00 -3.000000e-02 3.242400e+00
    endloop
  endfacet
  facet normal 0.000000e+00 0.000000e+00 0.000000e+00
    outer loop
      vertex 3.042400e+00 -3.000000e-02 3.077600e+00
      vertex 3.042400e+00 2.300000e-01 3.077600e+00
      vertex 3.042400e+00 2.300000e-01 3.242400e+00
    endloop
  endfacet
  facet normal 0.000000e+00 0.000000e+00 0.000000e+00
    outer loop
      vertex 3.042400e+00 -3.000000e-02 3.077600e+00
      vertex 3.042400e+00 2.300000e-01 3.242400e+00
      vertex 3.042400e+00 -3.000000e-02 3.242400e+00
    endloop
  endfacet
  facet normal 0.000000e+00 0.000000e+00 0.000000e+00
    outer loop
      vertex 3.042400e+00 2.300000e-01 3.077600e+00
      vertex 2.877600e+00 2.300000e-01 3.077600e+00
      vertex 2.877600e+00 2.300000e-01 3.242400e+00
    endloop
  endfacet
  facet normal 0.000000e+00 0.000000e+00 0.000000e+00
    outer loop
      vertex 3.042400e+00 2.300000e-01 3.077600e+00
      vertex 2.877600e+00 2.300000e-01 3.242400e+00
      vertex 3.042400e+00 2.300000e-01 3.242400e+00
    endloop
  endfacet
  facet normal 0.000000e+00 0.000000e+00 0.000000e+00
    outer loop
      vertex 2.877600e+00 2.300000e-01 3.077600e+00
      vertex 2.877600e+00 -3.000000e-02 3.077600e+00
      vertex 2.877600e+00 -3.000000e-02 3.242400e+00
    endloop
  endfacet
  facet normal 0.000000e+00 0.000000e+00 0.000000e+00
    outer loop
      vertex 2.877600e+00 2.300000e-01 3.077600e+00
      vertex 2.877600e+00 -3.000000e-02 3.242400e+00
      vertex 2.877600e+00 2.300000e-01 3.242400e+00
    endloop
  endfacet
  facet normal 0.000000e+00 0.000000e+00 0.000000e+00
    outer loop
      vertex 3.277600e+00 -3.000000e-02 3.717600e+00
      vertex 3.442400e+00 2.300000e-01 3.717600e+00
      vertex 3.442400e+00 -3.000000e-02 3.717600e+00
    endloop
  endfacet
  facet normal 0.000000e+00 0.000000e+00 0.000000e+00
    outer loop
      vertex 3.277600e+00 -3.000000e-02 3.717600e+00
      vertex 3.277600e+00 2.300000e-01 3.717600e+00
      vertex 3.442400e+00 2.300000e-01 3.717600e+00
    endloop
  endfacet
  facet normal 0.000000e+00 0.000000e+00 0.000000e+00
    outer loop
      vertex 3.277600e+00 -3.000000e-02 3.882400e+00
      vertex 3.442400e+00 -3.000000e-02 3.882400e+00
      vertex 3.442400e+00 2.300000e-01 3.882400e+00
    endloop
  endfacet
  facet normal 0.000000e+00 0.000000e+00 0.000000e+00
    outer loop
      vertex 3.277600e+00 -3.000000e-02 3.882400e+00
      vertex 3.442400e+00 2.300000e-01 3.882400e+00
      vertex 3.277600e+00 2.300000e-01 3.882400e+00
    endloop
  endfacet
  facet normal 0.000000e+00 0.000000e+00 0.000000e+00
    outer loop
      vertex 3.277600e+00 -3.000000e-02 3.717600e+00
      vertex 3.442400e+00 -3.000000e-02 3.717600e+00
      vertex 3.442400e+00 -3.000000e-02 3.882400e+00
    endloop
  endfacet
  facet normal 0.000000e+00 0.000000e+00 0.000000e+00
    outer loop
      vertex 3.277600e+00 -3.000000e-02 3.717600e+00
      vertex 3.442400e+00 -3.000000e-02 3.882400e+00
      vertex 3.277600e+00 -3.000000e-02 3.882400e+00
    endloop
  endfacet
  facet normal 0.000000e+00 0.000000e+00 0.000000e+00
    outer loop
      vertex 3.442400e+00 -3.000000e-02 3.717600e+00
      vertex 3.442400e+00 2.300000e-01 3.717600e+00
      vertex 3.442400e+00 2.300000e-01 3.882400e+00
    endloop
  endfacet
  facet normal 0.000000e+00 0.000000e+00 0.000000e+00
    outer loop
      vertex 3.442400e+00 -3.000000e-02 3.717600e+00
      vertex 3.442400e+00 2.300000e-01 3.882400e+00
      vertex 3.442400e+00 -3.000000e-02 3.882400e+00
    endloop
  endfacet
  facet normal 0.000000e+00 0.000000e+00 0.000000e+00
    outer loop
      vertex 3.442400e+00 2.300000e-01 3.717600e+00
      vertex 3.277600e+00 2.300000e-01 3.717600e+00
      vertex 3.277600e+00 2.300000e-01 3.882400e+00
    endloop
  endfacet
  facet normal 0.000000e+00 0.000000e+00 0.000000e+00
    outer loop
      vertex 3.442400e+00 2.300000e-01 3.717600e+00
      vertex 3.277600e+00 2.300000e-01 3.882400e+00
      vertex 3.442400e+00 2.300000e-01 3.882400e+00
    endloop
  endfacet
  facet normal 0.000000e+00 0.000000e+00 0.000000e+00
    outer loop
      vertex 3.277600e+00 2.300000e-01 3.717600e+00
      vertex 3.277600e+00 -3.000000e-02 3.717600e+00
      vertex 3.277600e+00 -3.000000e-02 3.882400e+00
    endloop
  endfacet
  facet normal 0.000000e+00 0.000000e+00 0.000000e+00
    outer loop
      vertex 3.277600e+00 2.300000e-01 3.717600e+00
      vertex 3.277600e+00 -3.000000e-02 3.882400e+00
      vertex 3.277600e+00 2.300000e-01 3.882400e+00
    endloop
  endfacet
  facet normal 0.000000e+00 0.000000e+00 0.000000e+00
    outer loop
      vertex 3.437600e+00 -3.000000e-02 3.717600e+00
      vertex 3.602400e+00 2.300000e-01 3.717600e+00
      vertex 3.602400e+00 -3.000000e-02 3.717600e+00
    endloop
  endfacet
  facet normal 0.000000e+00 0.000000e+00 0.000000e+00
    outer loop
      vertex 3.437600e+00 -3.000000e-02 3.717600e+00
      vertex 3.437600e+00 2.300000e-01 3.717600e+00
      vertex 3.602400e+00 2.300000e-01 3.717600e+00
    endloop
  endfacet
  facet normal 0.000000e+00 0.000000e+00 0.000000e+00
    outer loop
      vertex 3.437600e+00 -3.000000e-02 3.882400e+00
      vertex 3.602400e+00 -3.000000e-02 3.882400e+00
      vertex 3.602400e+00 2.300000e-01 3.882400e+00
    endloop
  endfacet
  facet normal 0.000000e+00 0.000000e+00 0.000000e+00
    outer loop
      vertex 3.437600e+00 -3.000000e-02 3.882400e+00
      vertex 3.602400e+00 2.300000e-01 3.882400e+00
      vertex 3.437600e+00 2.300000e-01 3.882400e+00
    endloop
  endfacet
  facet normal 0.000000e+00 0.000000e+00 0.000000e+00
    outer loop
      vertex 3.437600e+00 -3.000000e-02 3.717600e+00
      vertex 3.602400e+00 -3.000000e-02 3.717600e+00
      vertex 3.602400e+00 -3.000000e-02 3.882400e+00
    endloop
  endfacet
  facet normal 0.000000e+00 0.000000e+00 0.000000e+00
    outer loop
      vertex 3.437600e+00 -3.000000e-02 3.717600e+00
      vertex 3.602400e+00 -3.000000e-02 3.882400e+00
      vertex 3.437600e+00 -3.000000e-02 3.882400e+00
    endloop
  endfacet
  facet normal 0.000000e+00 0.000000e+00 0.000000e+00
    outer loop
      vertex 3.602400e+00 -3.000000e-02 3.717600e+00
      vertex 3.602400e+00 2.300000e-01 3.717600e+00
      vertex 3.602400e+00 2.300000e-01 3.882400e+00
    endloop
  endfacet
  facet normal 0.000000e+00 0.000000e+00 0.000000e+00
    outer loop
      vertex 3.602400e+00 -3.000000e-02 3.717600e+00
      vertex 3.602400e+00 2.300000e-01 3.882400e+00
      vertex 3.602400e+00 -3.000000e-02 3.882400e+00
    endloop
  endfacet
  facet normal 0.000000e+00 0.000000e+00 0.000000e+00
    outer loop
      vertex 3.602400e+00 2.300000e-01 3.717600e+00
      vertex 3.437600e+00 2.300000e-01 3.717600e+00
      vertex 3.437600e+00 2.300000e-01 3.882400e+00
    endloop
  endfacet
  facet normal 0.000000e+00 0.000000e+00 0.000000e+00
    outer loop
      vertex 3.602400e+00 2.300000e-01 3.717600e+00
      vertex 3.437600e+00 2.300000e-01 3.882400e+00
      vertex 3.602400e+00 2.300000e-01 3.882400e+00
    endloop
  endfacet
  facet normal 0.000000e+00 0.000000e+00 0.000000e+00
    outer loop
      vertex 3.437600e+00 2.300000e-01 3.717600e+00
      vertex 3.437600e+00 -3.000000e-02 3.717600e+00
      vertex 3.437600e+00 -3.000000e-02 3.882400e+00
    endloop
  endfacet
  facet normal 0.000000e+00 0.000000e+00 0.000000e+00
    outer loop
      vertex 3.437600e+00 2.300000e-01 3.717600e+00
      vertex 3.437600e+00 -3.000000e-02 3.882400e+00
      vertex 3.437600e+00 2.300000e-01 3.882400e+00
    endloop
  endfacet
  facet normal 0.000000e+00 0.000000e+00 0.000000e+00
    outer loop
      vertex 3.597600e+00 -3.000000e-02 3.717600e+00
      vertex 3.762400e+00 2.300000e-01 3.717600e+00
      vertex 3.762400e+00 -3.000000e-02 3.717600e+00
    endloop
  endfacet
  facet normal 0.000000e+00 0.000000e+00 0.000000e+00
    outer loop
      vertex 3.597600e+00 -3.000000e-02 3.717600e+00
      vertex 3.597600e+00 2.300000e-01 3.717600e+00
      vertex 3.762400e+00 2.300000e-01 3.717600e+00
    endloop
  endfacet
  facet normal 0.000000e+00 0.000000e+00 0.000000e+00
    outer loop
      vertex 3.597600e+00 -3.000000e-02 3.882400e+00
      vertex 3.762400e+00 -3.000000e-02 3.882400e+00
      vertex 3.762400e+00 2.300000e-01 3.882400e+00
    endloop
  endfacet
  facet normal 0.000000e+00 0.000000e+00 0.000000e+00
    outer loop
      vertex 3.597600e+00 -3.000000e-02 3.882400e+00
      vertex 3.762400e+00 2.300000e-01 3.882400e+00
      vertex 3.597600e+00 2.300000e-01 3.882400e+00
    endloop
  endfacet
  facet normal 0.000000e+00 0.000000e+00 0.000000e+00
    outer loop
      vertex 3.597600e+00 -3.000000e-02 3.717600e+00
      vertex 3.762400e+00 -3.000000e-02 3.717600e+00
      vertex 3.762400e+00 -3.000000e-02 3.882400e+00
    endloop
  endfacet
  facet normal 0.000000e+00 0.000000e+00 0.000000e+00
    outer loop
      vertex 3.597600e+00 -3.000000e-02 3.717600e+00
      vertex 3.762400e+00 -3.000000e-02 3.882400e+00
      vertex 3.597600e+00 -3.000000e-02 3.882400e+00
    endloop
  endfacet
  facet normal 0.000000e+00 0.000000e+00 0.000000e+00
    outer loop
      vertex 3.762400e+00 -3.000000e-02 3.717600e+00
      vertex 3.762400e+00 2.300000e-01 3.717600e+00
      vertex 3.762400e+00 2.300000e-01 3.882400e+00
    endloop
  endfacet
  facet normal 0.000000e+00 0.000000e+00 0.000000e+00
    outer loop
      vertex 3.762400e+00 -3.000000e-02 3.717600e+00
      vertex 3.762400e+00 2.300000e-01 3.882400e+00
      vertex 3.762400e+00 -3.000000e-02 3.882400e+00
    endloop
  endfacet
  facet normal 0.000000e+00 0.000000e+00 0.000000e+00
    outer loop
      vertex 3.762400e+00 2.300000e-01 3.717600e+00
      vertex 3.597600e+00 2.300000e-01 3.717600e+00
      vertex 3.597600e+00 2.300000e-01 3.882400e+00
    endloop
  endfacet
  facet normal 0.000000e+00 0.000000e+00 0.000000e+00
    outer loop
      vertex 3.762400e+00 2.300000e-01 3.717600e+00
      vertex 3.597600e+00 2.300000e-01 3.882400e+00
      vertex 3.762400e+00 2.300000e-01 3.882400e+00
    endloop
  endfacet
  facet normal 0.000000e+00 0.000000e+00 0.000000e+00
    outer loop
      vertex 3.597600e+00 2.300000e-01 3.717600e+00
      vertex 3.597600e+00 -3.000000e-02 3.717600e+00
      vertex 3.597600e+00 -3.000000e-02 3.882400e+00
    endloop
  endfacet
  facet normal 0.000000e+00 0.000000e+00 0.000000e+00
    outer loop
      vertex 3.597600e+00 2.300000e-01 3.717600e+00
      vertex 3.597600e+00 -3.000000e-02 3.882400e+00
      vertex 3.597600e+00 2.300000e-01 3.882400e+00
    endloop
  endfacet
  facet normal 0.000000e+00 0.000000e+00 0.000000e+00
    outer loop
      vertex 3.757600e+00 -3.000000e-02 3.717600e+00
      vertex 3.922400e+00 2.300000e-01 3.717600e+00
      vertex 3.922400e+00 -3.000000e-02 3.717600e+00
    endloop
  endfacet
  facet normal 0.000000e+00 0.000000e+00 0.000000e+00
    outer loop
      vertex 3.757600e+00 -3.000000e-02 3.717600e+00
      vertex 3.757600e+00 2.300000e-01 3.717600e+00
      vertex 3.922400e+00 2.300000e-01 3.717600e+00
    endloop
  endfacet
  facet normal 0.000000e+00 0.000000e+00 0.000000e+00
    outer loop
      vertex 3.757600e+00 -3.000000e-02 3.882400e+00
      vertex 3.922400e+00 -3.000000e-02 3.882400e+00
      vertex 3.922400e+00 2.300000e-01 3.882400e+00
    endloop
  endfacet
  facet normal 0.000000e+00 0.000000e+00 0.000000e+00
    outer loop
      vertex 3.757600e+00 -3.000000e-02 3.882400e+00
      vertex 3.922400e+00 2.300000e-01 3.882400e+00
      vertex 3.757600e+00 2.300000e-01 3.882400e+00
    endloop
  endfacet
  facet normal 0.000000e+00 0.000000e+00 0.000000e+00
    outer loop
      vertex 3.757600e+00 -3.000000e-02 3.717600e+00
      vertex 3.922400e+00 -3.000000e-02 3.717600e+00
      vertex 3.922400e+00 -3.000000e-02 3.882400e+00
    endloop
  endfacet
  facet normal 0.000000e+00 0.000000e+00 0.000000e+00
    outer loop
      vertex 3.757600e+00 -3.000000e-02 3.717600e+00
      vertex 3.922400e+00 -3.000000e-02 3.882400e+00
      vertex 3.757600e+00 -3.000000e-02 3.882400e+00
    endloop
  endfacet
  facet normal 0.000000e+00 0.000000e+00 0.000000e+00
    outer loop
      vertex 3.922400e+00 -3.000000e-02 3.717600e+00
      vertex 3.922400e+00 2.300000e-01 3.717600e+00
      vertex 3.922400e+00 2.300000e-01 3.882400e+00
    endloop
  endfacet
  facet normal 0.000000e+00 0.000000e+00 0.000000e+00
    outer loop
      vertex 3.922400e+00 -3.000000e-02 3.717600e+00
      vertex 3.922400e+00 2.300000e-01 3.882400e+00
      vertex 3.922400e+00 -3.000000e-02 3.882400e+00
    endloop
  endfacet
  facet normal 0.000000e+00 0.000000e+00 0.000000e+00
    outer loop
      vertex 3.922400e+00 2.300000e-01 3.717600e+00
      vertex 3.757600e+00 2.300000e-01 3.717600e+00
      vertex 3.757600e+00 2.300000e-01 3.882400e+00
    endloop
  endfacet
  facet normal 0.000000e+00 0.000000e+00 0.000000e+00
    outer loop
      vertex 3.922400e+00 2.300000e-01 3.717600e+00
      vertex 3.757600e+00 2.300000e-01 3.882400e+00
      vertex 3.922400e+00 2.300000e-01 3.882400e+00
    endloop
  endfacet
  facet normal 0.000000e+00 0.000000e+00 0.000000e+00
    outer loop
      vertex 3.757600e+00 2.300000e-01 3.717600e+00
      vertex 3.757600e+00 -3.000000e-02 3.717600e+00
      vertex 3.757600e+00 -3.000000e-02 3.882400e+00
    endloop
  endfacet
  facet normal 0.000000e+00 0.000000e+00 0.000000e+00
    outer loop
      vertex 3.757600e+00 2.300000e-01 3.717600e+00
      vertex 3.757600e+00 -3.000000e-02 3.882400e+00
      vertex 3.757600e+00 2.300000e-01 3.882400e+00
    endloop
  endfacet
  facet normal 0.000000e+00 0.000000e+00 0.000000e+00
    outer loop
      vertex 3.117600e+00 -3.000000e-02 3.557600e+00
      vertex 3.282400e+00 2.300000e-01 3.557600e+00
      vertex 3.282400e+00 -3.000000e-02 3.557600e+00
    endloop
  endfacet
  facet normal 0.000000e+00 0.000000e+00 0.000000e+00
    outer loop
      vertex 3.117600e+00 -3.000000e-02 3.557600e+00
      vertex 3.117600e+00 2.300000e-01 3.557600e+00
      vertex 3.282400e+00 2.300000e-01 3.557600e+00
    endloop
  endfacet
  facet normal 0.000000e+00 0.000000e+00 0.000000e+00
    outer loop
      vertex 3.117600e+00 -3.000000e-02 3.722400e+00
      vertex 3.282400e+00 -3.000000e-02 3.722400e+00
      vertex 3.282400e+00 2.300000e-01 3.722400e+00
    endloop
  endfacet
  facet normal 0.000000e+00 0.000000e+00 0.000000e+00
    outer loop
      vertex 3.117600e+00 -3.000000e-02 3.722400e+00
      vertex 3.282400e+00 2.300000e-01 3.722400e+00
      vertex 3.117600e+00 2.300000e-01 3.722400e+00
    endloop
  endfacet
  facet normal 0.000000e+00 0.000000e+00 0.000000e+00
    outer loop
      vertex 3.117600e+00 -3.000000e-02 3.557600e+00
      vertex 3.282400e+00 -3.000000e-02 3.557600e+00
      vertex 3.282400e+00 -3.000000e-02 3.722400e+00
    endloop
  endfacet
  facet normal 0.000000e+00 0.000000e+00 0.000000e+00
    outer loop
      vertex 3.117600e+00 -3.000000e-02 3.557600e+00
      vertex 3.282400e+00 -3.000000e-02 3.722400e+00
      vertex 3.117600e+00 -3.000000e-02 3.722400e+00
    endloop
  endfacet
  facet normal 0.000000e+00 0.000000e+00 0.000000e+00
    outer loop
      vertex 3.282400e+00 -3.000000e-02 3.557600e+00
      vertex 3.282400e+00 2.300000e-01 3.557600e+00
      vertex 3.282400e+00 2.300000e-01 3.722400e+00
    endloop
  endfacet
  facet normal 0.000000e+00 0.000000e+00 0.000000e+00
    outer loop
      vertex 3.282400e+00 -3.000000e-02 3.557600e+00
      vertex 3.282400e+00 2.300000e-01 3.722400e+00
      vertex 3.282400e+00 -3.000000e-02 3.722400e+00
    endloop
  endfacet
  facet normal 0.000000e+00 0.000000e+00 0.000000e+00
    outer loop
      vertex 3.282400e+00 2.300000e-01 3.557600e+00
      vertex 3.117600e+00 2.300000e-01 3.557600e+00
      vertex 3.117600e+00 2.300000e-01 3.722400e+00
    endloop
  endfacet
  facet normal 0.000000e+00 0.000000e+00 0.000000e+00
    outer loop
      vertex 3.282400e+00 2.300000e-01 3.557600e+00
      vertex 3.117600e+00 2.300000e-01 3.722400e+00
      vertex 3.282400e+00 2.300000e-01 3.722400e+00
    endloop
  endfacet
  facet normal 0.000000e+00 0.000000e+00 0.000000e+00
    outer loop
      vertex 3.117600e+00 2.300000e-01 3.557600e+00
      vertex 3.117600e+00 -3.000000e-02 3.557600e+00
      vertex 3.117600e+00 -3.000000e-02 3.722400e+00
    endloop
  endfacet
  facet normal 0.000000e+00 0.000000e+00 0.000000e+00
    outer loop
      vertex 3.117600e+00 2.300000e-01 3.557600e+00
      vertex 3.117600e+00 -3.000000e-02 3.722400e+00
      vertex 3.117600e+00 2.300000e-01 3.722400e+00
    endloop
  endfacet
  facet normal 0.000000e+00 0.000000e+00 0.000000e+00
    outer loop
      vertex 3.277600e+00 -3.000000e-02 3.397600e+00
      vertex 3.442400e+00 2.300000e-01 3.397600e+00
      vertex 3.442400e+00 -3.000000e-02 3.397600e+00
    endloop
  endfacet
  facet normal 0.000000e+00 0.000000e+00 0.000000e+00
    outer loop
      vertex 3.277600e+00 -3.000000e-02 3.397600e+00
      vertex 3.277600e+00 2.300000e-01 3.397600e+00
      vertex 3.442400e+00 2.300000e-01 3.397600e+00
    endloop
  endfacet
  facet normal 0.000000e+00 0.000000e+00 0.000000e+00
    outer loop
      vertex 3.277600e+00 -3.000000e-02 3.562400e+00
      vertex 3.442400e+00 -3.000000e-02 3.562400e+00
      vertex 3.442400e+00 2.300000e-01 3.562400e+00
    endloop
  endfacet
  facet normal 0.000000e+00 0.000000e+00 0.000000e+00
    outer loop
      vertex 3.277600e+00 -3.000000e-02 3.562400e+00
      vertex 3.442400e+00 2.300000e-01 3.562400e+00
      vertex 3.277600e+00 2.300000e-01 3.562400e+00
    endloop
  endfacet
  facet normal 0.000000e+00 0.000000e+00 0.000000e+00
    outer loop
      vertex 3.277600e+00 -3.000000e-02 3.397600e+00
      vertex 3.442400e+00 -3.000000e-02 3.397600e+00
      vertex 3.442400e+00 -3.000000e-02 3.562400e+00
    endloop
  endfacet
  facet normal 0.000000e+00 0.000000e+00 0.000000e+00
    outer loop
      vertex 3.277600e+00 -3.000000e-02 3.397600e+00
      vertex 3.442400e+00 -3.000000e-02 3.562400e+00
      vertex 3.277600e+00 -3.000000e-02 3.562400e+00
    endloop
  endfacet
  facet normal 0.000000e+00 0.000000e+00 0.000000e+00
    outer loop
      vertex 3.442400e+00 -3.000000e-02 3.397600e+00
      vertex 3.442400e+00 2.300000e-01 3.397600e+00
      vertex 3.442400e+00 2.300000e-01 3.562400e+00
    endloop
  endfacet
  facet normal 0.000000e+00 0.000000e+00 0.000000e+00
    outer loop
      vertex 3.442400e+00 -3.000000e-02 3.397600e+00
      vertex 3.442400e+00 2.300000e-01 3.562400e+00
      vertex 3.442400e+00 -3.000000e-02 3.562400e+00
    endloop
  endfacet
  facet normal 0.000000e+00 0.000000e+00 0.000000e+00
    outer loop
      vertex 3.442400e+00 2.300000e-01 3.397600e+00
      vertex 3.277600e+00 2.300000e-01 3.397600e+00
      vertex 3.277600e+00 2.300000e-01 3.562400e+00
    endloop
  endfacet
  facet normal 0.000000e+00 0.000000e+00 0.000000e+00
    outer loop
      vertex 3.442400e+00 2.300000e-01 3.397600e+00
      vertex 3.277600e+00 2.300000e-01 3.562400e+00
      vertex 3.442400e+00 2.300000e-01 3.562400e+00
    endloop
  endfacet
  facet normal 0.000000e+00 0.000000e+00 0.000000e+00
    outer loop
      vertex 3.277600e+00 2.300000e-01 3.397600e+00
      vertex 3.277600e+00 -3.000000e-02 3.397600e+00
      vertex 3.277600e+00 -3.000000e-02 3.562400e+00
    endloop
  endfacet
  facet normal 0.000000e+00 0.000000e+00 0.000000e+00
    outer loop
      vertex 3.277600e+00 2.300000e-01 3.397600e+00
      vertex 3.277600e+00 -3.000000e-02 3.562400e+00
      vertex 3.277600e+00 2.300000e-01 3.562400e+00
    endloop
  endfacet
  facet normal 0.000000e+00 0.000000e+00 0.000000e+00
    outer loop
      vertex 3.437600e+00 -3.000000e-02 3.397600e+00
      vertex 3.602400e+00 2.300000e-01 3.397600e+00
      vertex 3.602400e+00 -3.000000e-02 3.397600e+00
    endloop
  endfacet
  facet normal 0.000000e+00 0.000000e+00 0.000000e+00
    outer loop
      vertex 3.437600e+00 -3.000000e-02 3.397600e+00
      vertex 3.437600e+00 2.300000e-01 3.397600e+00
      vertex 3.602400e+00 2.300000e-01 3.397600e+00
    endloop
  endfacet
  facet normal 0.000000e+00 0.000000e+00 0.000000e+00
    outer loop
      vertex 3.437600e+00 -3.000000e-02 3.562400e+00
      vertex 3.602400e+00 -3.000000e-02 3.562400e+00
      vertex 3.602400e+00 2.300000e-01 3.562400e+00
    endloop
  endfacet
  facet normal 0.000000e+00 0.000000e+00 0.000000e+00
    outer loop
      vertex 3.437600e+00 -3.000000e-02 3.562400e+00
      vertex 3.602400e+00 2.300000e-01 3.562400e+00
      vertex 3.437600e+00 2.300000e-01 3.562400e+00
    endloop
  endfacet
  facet normal 0.000000e+00 0.000000e+00 0.000000e+00
    outer loop
      vertex 3.437600e+00 -3.000000e-02 3.397600e+00
      vertex 3.602400e+00 -3.000000e-02 3.397600e+00
      vertex 3.602400e+00 -3.000000e-02 3.562400e+00
    endloop
  endfacet
  facet normal 0.000000e+00 0.000000e+00 0.000000e+00
    outer loop
      vertex 3.437600e+00 -3.000000e-02 3.397600e+00
      vertex 3.602400e+00 -3.000000e-02 3.562400e+00
      vertex 3.437600e+00 -3.000000e-02 3.562400e+00
    endloop
  endfacet
  facet normal 0.000000e+00 0.000000e+00 0.000000e+00
    outer loop
      vertex 3.602400e+00 -3.000000e-02 3.397600e+00
      vertex 3.602400e+00 2.300000e-01 3.397600e+00
      vertex 3.602400e+00 2.300000e-01 3.562400e+00
    endloop
  endfacet
  facet normal 0.000000e+00 0.000000e+00 0.000000e+00
    outer loop
      vertex 3.602400e+00 -3.000000e-02 3.397600e+00
      vertex 3.602400e+00 2.300000e-01 3.562400e+00
      vertex 3.602400e+00 -3.000000e-02 3.562400e+00
    endloop
  endfacet
  facet normal 0.000000e+00 0.000000e+00 0.000000e+00
    outer loop
      vertex 3.602400e+00 2.300000e-01 3.397600e+00
      vertex 3.437600e+00 2.300000e-01 3.397600e+00
      vertex 3.437600e+00 2.300000e-01 3.562400e+00
    endloop
  endfacet
  facet normal 0.000000e+00 0.000000e+00 0.000000e+00
    outer loop
      vertex 3.602400e+00 2.300000e-01 3.397600e+00
      vertex 3.437600e+00 2.300000e-01 3.562400e+00
      vertex 3.602400e+00 2.300000e-01 3.562400e+00
    endloop
  endfacet
  facet normal 0.000000e+00 0.000000e+00 0.000000e+00
    outer loop
      vertex 3.437600e+00 2.300000e-01 3.397600e+00
      vertex 3.437600e+00 -3.000000e-02 3.397600e+00
      vertex 3.437600e+00 -3.000000e-02 3.562400e+00
    endloop
  endfacet
  facet normal 0.000000e+00 0.000000e+00 0.000000e+00
    outer loop
      vertex 3.437600e+00 2.300000e-01 3.397600e+00
      vertex 3.437600e+00 -3.000000e-02 3.562400e+00
      vertex 3.437600e+00 2.300000e-01 3.562400e+00
    endloop
  endfacet
  facet normal 0.000000e+00 0.000000e+00 0.000000e+00
    outer loop
      vertex 3.597600e+00 -3.000000e-02 3.397600e+00
      vertex 3.762400e+00 2.300000e-01 3.397600e+00
      vertex 3.762400e+00 -3.000000e-02 3.397600e+00
    endloop
  endfacet
  facet normal 0.000000e+00 0.000000e+00 0.000000e+00
    outer loop
      vertex 3.597600e+00 -3.000000e-02 3.397600e+00
      vertex 3.597600e+00 2.300000e-01 3.397600e+00
      vertex 3.762400e+00 2.300000e-01 3.397600e+00
    endloop
  endfacet
  facet normal 0.000000e+00 0.000000e+00 0.000000e+00
    outer loop
      vertex 3.597600e+00 -3.000000e-02 3.562400e+00
      vertex 3.762400e+00 -3.000000e-02 3.562400e+00
      vertex 3.762400e+00 2.300000e-01 3.562400e+00
    endloop
  endfacet
  facet normal 0.000000e+00 0.000000e+00 0.000000e+00
    outer loop
      vertex 3.597600e+00 -3.000000e-02 3.562400e+00
      vertex 3.762400e+00 2.300000e-01 3.562400e+00
      vertex 3.597600e+00 2.300000e-01 3.562400e+00
    endloop
  endfacet
  facet normal 0.000000e+00 0.000000e+00 0.000000e+00
    outer loop
      vertex 3.597600e+00 -3.000000e-02 3.397600e+00
      vertex 3.762400e+00 -3.000000e-02 3.397600e+00
      vertex 3.762400e+00 -3.000000e-02 3.562400e+00
    endloop
  endfacet
  facet normal 0.000000e+00 0.000000e+00 0.000000e+00
    outer loop
      vertex 3.597600e+00 -3.000000e-02 3.397600e+00
      vertex 3.762400e+00 -3.000000e-02 3.562400e+00
      vertex 3.597600e+00 -3.000000e-02 3.562400e+00
    endloop
  endfacet
  facet normal 0.000000e+00 0.000000e+00 0.000000e+00
    outer loop
      vertex 3.762400e+00 -3.000000e-02 3.397600e+00
      vertex 3.762400e+00 2.300000e-01 3.397600e+00
      vertex 3.762400e+00 2.300000e-01 3.562400e+00
    endloop
  endfacet
  facet normal 0.000000e+00 0.000000e+00 0.000000e+00
    outer loop
      vertex 3.762400e+00 -3.000000e-02 3.397600e+00
      vertex 3.762400e+00 2.300000e-01 3.562400e+00
      vertex 3.762400e+00 -3.000000e-02 3.562400e+00
    endloop
  endfacet
  facet normal 0.000000e+00 0.000000e+00 0.000000e+00
    outer loop
      vertex 3.762400e+00 2.300000e-01 3.397600e+00
      vertex 3.597600e+00 2.300000e-01 3.397600e+00
      vertex 3.597600e+00 2.300000e-01 3.562400e+00
    endloop
  endfacet
  facet normal 0.000000e+00 0.000000e+00 0.000000e+00
    outer loop
      vertex 3.762400e+00 2.300000e-01 3.397600e+00
      vertex 3.597600e+00 2.300000e-01 3.562400e+00
      vertex 3.762400e+00 2.300000e-01 3.562400e+00
    endloop
  endfacet
  facet normal 0.000000e+00 0.000000e+00 0.000000e+00
    outer loop
      vertex 3.597600e+00 2.300000e-01 3.397600e+00
      vertex 3.597600e+00 -3.000000e-02 3.397600e+00
      vertex 3.597600e+00 -3.000000e-02 3.562400e+00
    endloop
  endfacet
  facet normal 0.000000e+00 0.000000e+00 0.000000e+00
    outer loop
      vertex 3.597600e+00 2.300000e-01 3.397600e+00
      vertex 3.597600e+00 -3.000000e-02 3.562400e+00
      vertex 3.597600e+00 2.300000e-01 3.562400e+00
    endloop
  endfacet
  facet normal 0.000000e+00 0.000000e+00 0.000000e+00
    outer loop
      vertex 3.757600e+00 -3.000000e-02 3.237600e+00
      vertex 3.922400e+00 2.300000e-01 3.237600e+00
      vertex 3.922400e+00 -3.000000e-02 3.237600e+00
    endloop
  endfacet
  facet normal 0.000000e+00 0.000000e+00 0.000000e+00
    outer loop
      vertex 3.757600e+00 -3.000000e-02 3.237600e+00
      vertex 3.757600e+00 2.300000e-01 3.237600e+00
      vertex 3.922400e+00 2.300000e-01 3.237600e+00
    endloop
  endfacet
  facet normal 0.000000e+00 0.000000e+00 0.000000e+00
    outer loop
      vertex 3.757600e+00 -3.000000e-02 3.402400e+00
      vertex 3.922400e+00 -3.000000e-02 3.402400e+00
      vertex 3.922400e+00 2.300000e-01 3.402400e+00
    endloop
  endfacet
  facet normal 0.000000e+00 0.000000e+00 0.000000e+00
    outer loop
      vertex 3.757600e+00 -3.000000e-02 3.402400e+00
      vertex 3.922400e+00 2.300000e-01 3.402400e+00
      vertex 3.757600e+00 2.300000e-01 3.402400e+00
    endloop
  endfacet
  facet normal 0.000000e+00 0.000000e+00 0.000000e+00
    outer loop
      vertex 3.757600e+00 -3.000000e-02 3.237600e+00
      vertex 3.922400e+00 -3.000000e-02 3.237600e+00
      vertex 3.922400e+00 -3.000000e-02 3.402400e+00
    endloop
  endfacet
  facet normal 0.000000e+00 0.000000e+00 0.000000e+00
    outer loop
      vertex 3.757600e+00 -3.000000e-02 3.237600e+00
      vertex 3.922400e+00 -3.000000e-02 3.402400e+00
      vertex 3.757600e+00 -3.000000e-02 3.402400e+00
    endloop
  endfacet
  facet normal 0.000000e+00 0.000000e+00 0.000000e+00
    outer loop
      vertex 3.922400e+00 -3.000000e-02 3.237600e+00
      vertex 3.922400e+00 2.300000e-01 3.237600e+00
      vertex 3.922400e+00 2.300000e-01 3.402400e+00
    endloop
  endfacet
  facet normal 0.000000e+00 0.000000e+00 0.000000e+00
    outer loop
      vertex 3.922400e+00 -3.000000e-02 3.237600e+00
      vertex 3.922400e+00 2.300000e-01 3.402400e+00
      vertex 3.922400e+00 -3.000000e-02 3.402400e+00
    endloop
  endfacet
  facet normal 0.000000e+00 0.000000e+00 0.000000e+00
    outer loop
      vertex 3.922400e+00 2.300000e-01 3.237600e+00
      vertex 3.757600e+00 2.300000e-01 3.237600e+00
      vertex 3.757600e+00 2.300000e-01 3.402400e+00
    endloop
  endfacet
  facet normal 0.000000e+00 0.000000e+00 0.000000e+00
    outer loop
      vertex 3.922400e+00 2.300000e-01 3.237600e+00
      vertex 3.757600e+00 2.300000e-01 3.402400e+00
      vertex 3.922400e+00 2.300000e-01 3.402400e+00
    endloop
  endfacet
  facet normal 0.000000e+00 0.000000e+00 0.000000e+00
    outer loop
      vertex 3.757600e+00 2.300000e-01 3.237600e+00
      vertex 3.757600e+00 -3.000000e-02 3.237600e+00
      vertex 3.757600e+00 -3.000000e-02 3.402400e+00
    endloop
  endfacet
  facet normal 0.000000e+00 0.000000e+00 0.000000e+00
    outer loop
      vertex 3.757600e+00 2.300000e-01 3.237600e+00
      vertex 3.757600e+00 -3.000000e-02 3.402400e+00
      vertex 3.757600e+00 2.300000e-01 3.402400e+00
    endloop
  endfacet
  facet normal 0.000000e+00 0.000000e+00 0.000000e+00
    outer loop
      vertex 3.117600e+00 -3.000000e-02 3.077600e+00
      vertex 3.282400e+00 2.300000e-01 3.077600e+00
      vertex 3.282400e+00 -3.000000e-02 3.077600e+00
    endloop
  endfacet
  facet normal 0.000000e+00 0.000000e+00 0.000000e+00
    outer loop
      vertex 3.117600e+00 -3.000000e-02 3.077600e+00
      vertex 3.117600e+00 2.300000e-01 3.077600e+00
      vertex 3.282400e+00 2.300000e-01 3.077600e+00
    endloop
  endfacet
  facet normal 0.000000e+00 0.000000e+00 0.000000e+00
    outer loop
      vertex 3.117600e+00 -3.000000e-02 3.242400e+00
      vertex 3.282400e+00 -3.000000e-02 3.242400e+00
      vertex 3.282400e+00 2.300000e-01 3.242400e+00
    endloop
  endfacet
  facet normal 0.000000e+00 0.000000e+00 0.000000e+00
    outer loop
      vertex 3.117600e+00 -3.000000e-02 3.242400e+00
      vertex 3.282400e+00 2.300000e-01 3.242400e+00
      vertex 3.117600e+00 2.300000e-01 3.242400e+00
    endloop
  endfacet
  facet normal 0.000000e+00 0.000000e+00 0.000000e+00
    outer loop
      vertex 3.117600e+00 -3.000000e-02 3.077600e+00
      vertex 3.282400e+00 -3.000000e-02 3.077600e+00
      vertex 3.282400e+00 -3.000000e-02 3.242400e+00
    endloop
  endfacet
  facet normal 0.000000e+00 0.000000e+00 0.000000e+00
    outer loop
      vertex 3.117600e+00 -3.000000e-02 3.077600e+00
      vertex 3.282400e+00 -3.000000e-02 3.242400e+00
      vertex 3.117600e+00 -3.000000e-02 3.242400e+00
    endloop
  endfacet
  facet normal 0.000000e+00 0.000000e+00 0.000000e+00
    outer loop
      vertex 3.282400e+00 -3.000000e-02 3.077600e+00
      vertex 3.282400e+00 2.300000e-01 3.077600e+00
      vertex 3.282400e+00 2.300000e-01 3.242400e+00
    endloop
  endfacet
  facet normal 0.000000e+00 0.000000e+00 0.000000e+00
    outer loop
      vertex 3.282400e+00 -3.000000e-02 3.077600e+00
      vertex 3.282400e+00 2.300000e-01 3.242400e+00
      vertex 3.282400e+00 -3.000000e-02 3.242400e+00
    endloop
  endfacet
  facet normal 0.000000e+00 0.000000e+00 0.000000e+00
    outer loop
      vertex 3.282400e+00 2.300000e-01 3.077600e+00
      vertex 3.117600e+00 2.300000e-01 3.077600e+00
      vertex 3.117600e+00 2.300000e-01 3.242400e+00
    endloop
  endfacet
  facet normal 0.000000e+00 0.000000e+00 0.000000e+00
    outer loop
      vertex 3.282400e+00 2.300000e-01 3.077600e+00
      vertex 3.117600e+00 2.300000e-01 3.242400e+00
      vertex 3.282400e+00 2.300000e-01 3.242400e+00
    endloop
  endfacet
  facet normal 0.000000e+00 0.000000e+00 0.000000e+00
    outer loop
      vertex 3.117600e+00 2.300000e-01 3.077600e+00
      vertex 3.117600e+00 -3.000000e-02 3.077600e+00
      vertex 3.117600e+00 -3.000000e-02 3.242400e+00
    endloop
  endfacet
  facet normal 0.000000e+00 0.000000e+00 0.000000e+00
    outer loop
      vertex 3.117600e+00 2.300000e-01 3.077600e+00
      vertex 3.117600e+00 -3.000000e-02 3.242400e+00
      vertex 3.117600e+00 2.300000e-01 3.242400e+00
    endloop
  endfacet
  facet normal 0.000000e+00 0.000000e+00 0.000000e+00
    outer loop
      vertex 3.277600e+00 -3.000000e-02 3.077600e+00
      vertex 3.442400e+00 2.300000e-01 3.077600e+00
      vertex 3.442400e+00 -3.000000e-02 3.077600e+00
    endloop
  endfacet
  facet normal 0.000000e+00 0.000000e+00 0.000000e+00
    outer loop
      vertex 3.277600e+00 -3.000000e-02 3.077600e+00
      vertex 3.277600e+00 2.300000e-01 3.077600e+00
      vertex 3.442400e+00 2.300000e-01 3.077600e+00
    endloop
  endfacet
  facet normal 0.000000e+00 0.000000e+00 0.000000e+00
    outer loop
      vertex 3.277600e+00 -3.000000e-02 3.242400e+00
      vertex 3.442400e+00 -3.000000e-02 3.242400e+00
      vertex 3.442400e+00 2.300000e-01 3.242400e+00
    endloop
  endfacet
  facet normal 0.000000e+00 0.000000e+00 0.000000e+00
    outer loop
      vertex 3.277600e+00 -3.000000e-02 3.242400e+00
      vertex 3.442400e+00 2.300000e-01 3.242400e+00
      vertex 3.277600e+00 2.300000e-01 3.242400e+00
    endloop
  endfacet
  facet normal 0.000000e+00 0.000000e+00 0.000000e+00
    outer loop
      vertex 3.277600e+00 -3.000000e-02 3.077600e+00
      vertex 3.442400e+00 -3.000000e-02 3.077600e+00
      vertex 3.442400e+00 -3.000000e-02 3.242400e+00
    endloop
  endfacet
  facet normal 0.000000e+00 0.000000e+00 0.000000e+00
    outer loop
      vertex 3.277600e+00 -3.000000e-02 3.077600e+00
      vertex 3.442400e+00 -3.000000e-02 3.242400e+00
      vertex 3.277600e+00 -3.000000e-02 3.242400e+00
    endloop
  endfacet
  facet normal 0.000000e+00 0.000000e+00 0.000000e+00
    outer loop
      vertex 3.442400e+00 -3.000000e-02 3.077600e+00
      vertex 3.442400e+00 2.300000e-01 3.077600e+00
      vertex 3.442400e+00 2.300000e-01 3.242400e+00
    endloop
  endfacet
  facet normal 0.000000e+00 0.000000e+00 0.000000e+00
    outer loop
      vertex 3.442400e+00 -3.000000e-02 3.077600e+00
      vertex 3.442400e+00 2.300000e-01 3.242400e+00
      vertex 3.442400e+00 -3.000000e-02 3.242400e+00
    endloop
  endfacet
  facet normal 0.000000e+00 0.000000e+00 0.000000e+00
    outer loop
      vertex 3.442400e+00 2.300000e-01 3.077600e+00
      vertex 3.277600e+00 2.300000e-01 3.077600e+00
      vertex 3.277600e+00 2.300000e-01 3.242400e+00
    endloop
  endfacet
  facet normal 0.000000e+00 0.000000e+00 0.000000e+00
    outer loop
      vertex 3.442400e+00 2.300000e-01 3.077600e+00
      vertex 3.277600e+00 2.300000e-01 3.242400e+00
      vertex 3.442400e+00 2.300000e-01 3.242400e+00
    endloop
  endfacet
  facet normal 0.000000e+00 0.000000e+00 0.000000e+00
    outer loop
      vertex 3.277600e+00 2.300000e-01 3.077600e+00
      vertex 3.277600e+00 -3.000000e-02 3.077600e+00
      vertex 3.277600e+00 -3.000000e-02 3.242400e+00
    endloop
  endfacet
  facet normal 0.000000e+00 0.000000e+00 0.000000e+00
    outer loop
      vertex 3.277600e+00 2.300000e-01 3.077600e+00
      vertex 3.277600e+00 -3.000000e-02 3.242400e+00
      vertex 3.277600e+00 2.300000e-01 3.242400e+00
    endloop
  endfacet
  facet normal 0.000000e+00 0.000000e+00 0.000000e+00
    outer loop
      vertex 3.437600e+00 -3.000000e-02 3.077600e+00
      vertex 3.602400e+00 2.300000e-01 3.077600e+00
      vertex 3.602400e+00 -3.000000e-02 3.077600e+00
    endloop
  endfacet
  facet normal 0.000000e+00 0.000000e+00 0.000000e+00
    outer loop
      vertex 3.437600e+00 -3.000000e-02 3.077600e+00
      vertex 3.437600e+00 2.300000e-01 3.077600e+00
      vertex 3.602400e+00 2.300000e-01 3.077600e+00
    endloop
  endfacet
  facet normal 0.000000e+00 0.000000e+00 0.000000e+00
    outer loop
      vertex 3.437600e+00 -3.000000e-02 3.242400e+00
      vertex 3.602400e+00 -3.000000e-02 3.242400e+00
      vertex 3.602400e+00 2.300000e-01 3.242400e+00
    endloop
  endfacet
  facet normal 0.000000e+00 0.000000e+00 0.000000e+00
    outer loop
      vertex 3.437600e+00 -3.000000e-02 3.242400e+00
      vertex 3.602400e+00 2.300000e-01 3.242400e+00
      vertex 3.437600e+00 2.300000e-01 3.242400e+00
    endloop
  endfacet
  facet normal 0.000000e+00 0.000000e+00 0.000000e+00
    outer loop
      vertex 3.437600e+00 -3.000000e-02 3.077600e+00
      vertex 3.602400e+00 -3.000000e-02 3.077600e+00
      vertex 3.602400e+00 -3.000000e-02 3.242400e+00
    endloop
  endfacet
  facet normal 0.000000e+00 0.000000e+00 0.000000e+00
    outer loop
      vertex 3.437600e+00 -3.000000e-02 3.077600e+00
      vertex 3.602400e+00 -3.000000e-02 3.242400e+00
      vertex 3.437600e+00 -3.000000e-02 3.242400e+00
    endloop
  endfacet
  facet normal 0.000000e+00 0.000000e+00 0.000000e+00
    outer loop
      vertex 3.602400e+00 -3.000000e-02 3.077600e+00
      vertex 3.602400e+00 2.300000e-01 3.077600e+00
      vertex 3.602400e+00 2.300000e-01 3.242400e+00
    endloop
  endfacet
  facet normal 0.000000e+00 0.000000e+00 0.000000e+00
    outer loop
      vertex 3.602400e+00 -3.000000e-02 3.077600e+00
      vertex 3.602400e+00 2.300000e-01 3.242400e+00
      vertex 3.602400e+00 -3.000000e-02 3.242400e+00
    endloop
  endfacet
  facet normal 0.000000e+00 0.000000e+00 0.000000e+00
    outer loop
      vertex 3.602400e+00 2.300000e-01 3.077600e+00
      vertex 3.437600e+00 2.300000e-01 3.077600e+00
      vertex 3.437600e+00 2.300000e-01 3.242400e+00
    endloop
  endfacet
  facet normal 0.000000e+00 0.000000e+00 0.000000e+00
    outer loop
      vertex 3.602400e+00 2.300000e-01 3.077600e+00
      vertex 3.437600e+00 2.300000e-01 3.242400e+00
      vertex 3.602400e+00 2.300000e-01 3.242400e+00
    endloop
  endfacet
  facet normal 0.000000e+00 0.000000e+00 0.000000e+00
    outer loop
      vertex 3.437600e+00 2.300000e-01 3.077600e+00
      vertex 3.437600e+00 -3.000000e-02 3.077600e+00
      vertex 3.437600e+00 -3.000000e-02 3.242400e+00
    endloop
  endfacet
  facet normal 0.000000e+00 0.000000e+00 0.000000e+00
    outer loop
      vertex 3.437600e+00 2.300000e-01 3.077600e+00
      vertex 3.437600e+00 -3.000000e-02 3.242400e+00
      vertex 3.437600e+00 2.300000e-01 3.242400e+00
    endloop
  endfacet
  facet normal 0.000000e+00 0.000000e+00 0.000000e+00
    outer loop
      vertex 3.597600e+00 -3.000000e-02 3.077600e+00
      vertex 3.762400e+00 2.300000e-01 3.077600e+00
      vertex 3.762400e+00 -3.000000e-02 3.077600e+00
    endloop
  endfacet
  facet normal 0.000000e+00 0.000000e+00 0.000000e+00
    outer loop
      vertex 3.597600e+00 -3.000000e-02 3.077600e+00
      vertex 3.597600e+00 2.300000e-01 3.077600e+00
      vertex 3.762400e+00 2.300000e-01 3.077600e+00
    endloop
  endfacet
  facet normal 0.000000e+00 0.000000e+00 0.000000e+00
    outer loop
      vertex 3.597600e+00 -3.000000e-02 3.242400e+00
      vertex 3.762400e+00 -3.000000e-02 3.242400e+00
      vertex 3.762400e+00 2.300000e-01 3.242400e+00
    endloop
  endfacet
  facet normal 0.000000e+00 0.000000e+00 0.000000e+00
    outer loop
      vertex 3.597600e+00 -3.000000e-02 3.242400e+00
      vertex 3.762400e+00 2.300000e-01 3.242400e+00
      vertex 3.597600e+00 2.300000e-01 3.242400e+00
    endloop
  endfacet
  facet normal 0.000000e+00 0.000000e+00 0.000000e+00
    outer loop
      vertex 3.597600e+00 -3.000000e-02 3.077600e+00
      vertex 3.762400e+00 -3.000000e-02 3.077600e+00
      vertex 3.762400e+00 -3.000000e-02 3.242400e+00
    endloop
  endfacet
  facet normal 0.000000e+00 0.000000e+00 0.000000e+00
    outer loop
      vertex 3.597600e+00 -3.000000e-02 3.077600e+00
      vertex 3.762400e+00 -3.000000e-02 3.242400e+00
      vertex 3.597600e+00 -3.000000e-02 3.242400e+00
    endloop
  endfacet
  facet normal 0.000000e+00 0.000000e+00 0.000000e+00
    outer loop
      vertex 3.762400e+00 -3.000000e-02 3.077600e+00
      vertex 3.762400e+00 2.300000e-01 3.077600e+00
      vertex 3.762400e+00 2.300000e-01 3.242400e+00
    endloop
  endfacet
  facet normal 0.000000e+00 0.000000e+00 0.000000e+00
    outer loop
      vertex 3.762400e+00 -3.000000e-02 3.077600e+00
      vertex 3.762400e+00 2.300000e-01 3.242400e+00
      vertex 3.762400e+00 -3.000000e-02 3.242400e+00
    endloop
  endfacet
  facet normal 0.000000e+00 0.000000e+00 0.000000e+00
    outer loop
      vertex 3.762400e+00 2.300000e-01 3.077600e+00
      vertex 3.597600e+00 2.300000e-01 3.077600e+00
      vertex 3.597600e+00 2.300000e-01 3.242400e+00
    endloop
  endfacet
  facet normal 0.000000e+00 0.000000e+00 0.000000e+00
    outer loop
      vertex 3.762400e+00 2.300000e-01 3.077600e+00
      vertex 3.597600e+00 2.300000e-01 3.242400e+00
      vertex 3.762400e+00 2.300000e-01 3.242400e+00
    endloop
  endfacet
  facet normal 0.000000e+00 0.000000e+00 0.000000e+00
    outer loop
      vertex 3.597600e+00 2.300000e-01 3.077600e+00
      vertex 3.597600e+00 -3.000000e-02 3.077600e+00
      vertex 3.597600e+00 -3.000000e-02 3.242400e+00
    endloop
  endfacet
  facet normal 0.000000e+00 0.000000e+00 0.000000e+00
    outer loop
      vertex 3.597600e+00 2.300000e-01 3.077600e+00
      vertex 3.597600e+00 -3.000000e-02 3.242400e+00
      vertex 3.597600e+00 2.300000e-01 3.242400e+00
    endloop
  endfacet
endsolid solidlens
